Date,pm2.5,pm10,O3,NO2,SO2,co,AQI,Dominant_Pollutant,Month,DayOfWeek,IsWeekend,season_Autumn,season_Monsoon,season_Spring,season_Summer,season_Winter
2015-01-01,165.0,92.0,3.0,20.0,7.0,13.0,335,pm2.5,1,3,0,0,0,0,0,1
2015-01-02,165.0,70.0,4.333333333333333,18.5,7.0,12.0,335,pm2.5,1,4,0,0,0,0,0,1
2015-01-08,165.0,79.0,5.666666666666666,17.0,7.0,11.0,335,pm2.5,1,3,0,0,0,0,0,1
2015-01-16,165.0,88.0,7.0,24.0,7.0,11.0,335,pm2.5,1,4,0,0,0,0,0,1
2015-01-17,165.0,97.0,8.5,22.5,7.0,10.0,335,pm2.5,1,5,1,0,0,0,0,1
2015-01-27,165.0,94.5,10.0,21.0,7.0,9.0,335,pm2.5,1,1,0,0,0,0,0,1
2015-01-28,165.0,92.0,8.0,21.0,7.0,10.0,335,pm2.5,1,2,0,0,0,0,0,1
2015-01-29,165.0,114.0,8.0,21.0,7.0,10.0,335,pm2.5,1,3,0,0,0,0,0,1
2015-02-13,165.0,126.5,10.0,21.0,7.0,8.0,335,pm2.5,2,4,0,0,0,1,0,0
2015-02-14,165.0,99.0,13.0,21.0,7.0,10.0,335,pm2.5,2,5,1,0,0,1,0,0
2015-02-15,165.0,166.66666666666669,16.0,21.0,7.0,12.0,335,pm2.5,2,6,1,0,0,1,0,0
2015-02-17,165.0,234.33333333333331,2.0,29.0,7.0,35.0,403,co,2,1,0,0,0,1,0,0
2015-02-18,165.0,302.0,14.0,19.0,7.0,12.0,335,pm2.5,2,2,0,0,0,1,0,0
2015-02-19,165.0,148.0,13.0,21.0,7.0,13.0,335,pm2.5,2,3,0,0,0,1,0,0
2015-02-20,165.0,157.0,12.0,21.5,7.0,12.5,335,pm2.5,2,4,0,0,0,1,0,0
2015-02-21,165.0,163.33333333333334,1.0,21.33333333333333,7.0,10.666666666666666,335,pm2.5,2,5,1,0,0,1,0,0
2015-02-22,165.0,111.0,11.0,22.0,7.0,12.0,335,pm2.5,2,6,1,0,0,1,0,0
2015-02-23,165.0,188.0,6.0,21.666666666666668,7.0,11.333333333333334,335,pm2.5,2,0,0,0,0,1,0,0
2015-02-26,165.0,138.66666666666666,13.0,21.0,7.0,10.0,335,pm2.5,2,3,0,0,0,1,0,0
2015-02-27,165.0,114.0,8.0,20.5,7.0,11.5,335,pm2.5,2,4,0,0,0,1,0,0
2015-03-01,165.0,84.0,8.0,19.0,7.0,9.0,335,pm2.5,3,6,1,0,0,1,0,0
2015-03-02,165.0,36.0,11.0,16.0,7.0,8.0,335,pm2.5,3,0,0,0,0,1,0,0
2015-03-03,165.0,100.0,13.0,13.0,7.0,5.0,335,pm2.5,3,1,0,0,0,1,0,0
2015-03-04,165.0,45.0,9.0,21.0,7.0,10.0,335,pm2.5,3,2,0,0,0,1,0,0
2015-03-05,165.0,42.0,12.333333333333334,17.0,7.0,6.5,335,pm2.5,3,3,0,0,0,1,0,0
2015-03-10,165.0,39.0,15.666666666666668,13.0,7.0,3.0,335,pm2.5,3,1,0,0,0,1,0,0
2015-03-11,165.0,36.0,19.0,15.0,7.0,7.0,335,pm2.5,3,2,0,0,0,1,0,0
2015-03-12,165.0,51.0,14.5,21.5,7.0,9.0,335,pm2.5,3,3,0,0,0,1,0,0
2015-03-16,165.0,50.5,10.0,28.0,7.0,11.0,335,pm2.5,3,0,0,0,0,1,0,0
2015-03-17,165.0,50.0,10.0,22.0,7.0,8.0,335,pm2.5,3,1,0,0,0,1,0,0
2015-03-18,165.0,51.0,12.0,23.75,7.0,11.0,335,pm2.5,3,2,0,0,0,1,0,0
2015-03-19,165.0,61.0,7.0,25.5,7.0,15.0,335,pm2.5,3,3,0,0,0,1,0,0
2015-03-20,165.0,92.0,4.5,27.25,7.0,21.5,335,pm2.5,3,4,0,0,0,1,0,0
2015-03-22,165.0,87.0,2.0,29.0,7.0,28.0,365,co,3,6,1,0,0,1,0,0
2015-03-23,165.0,82.0,31.0,30.75,7.0,27.0,359,co,3,0,0,0,0,1,0,0
2015-03-24,165.0,72.0,37.0,32.5,7.0,29.0,371,co,3,1,0,0,0,1,0,0
2015-03-25,165.0,85.0,27.0,34.25,7.0,33.0,394,co,3,2,0,0,0,1,0,0
2015-03-26,165.0,86.0,33.0,36.0,7.0,24.0,341,co,3,3,0,0,0,1,0,0
2015-03-27,165.0,79.0,19.5,29.0,7.0,17.5,335,pm2.5,3,4,0,0,0,1,0,0
2015-03-29,165.0,62.5,6.0,22.0,7.0,11.0,335,pm2.5,3,6,1,0,0,1,0,0
2015-03-30,165.0,46.0,6.0,24.0,7.0,14.0,335,pm2.5,3,0,0,0,0,1,0,0
2015-03-31,165.0,154.0,6.0,26.0,7.0,20.0,335,pm2.5,3,1,0,0,0,1,0,0
2015-04-01,165.0,55.0,6.0,26.0,7.0,20.0,335,pm2.5,4,2,0,0,0,0,1,0
2015-04-03,165.0,61.0,11.0,21.0,7.0,2.0,335,pm2.5,4,4,0,0,0,0,1,0
2015-04-04,165.0,67.0,9.0,24.0,7.0,10.0,335,pm2.5,4,5,1,0,0,0,1,0
2015-04-05,165.0,78.0,9.0,24.0,7.0,10.0,335,pm2.5,4,6,1,0,0,0,1,0
2015-04-06,165.0,85.0,12.0,23.0,7.0,10.0,335,pm2.5,4,0,0,0,0,0,1,0
2015-04-07,165.0,130.0,11.0,32.0,7.0,39.0,415,co,4,1,0,0,0,0,1,0
2015-04-08,165.0,153.0,10.0,34.0,7.0,27.0,359,co,4,2,0,0,0,0,1,0
2015-04-09,165.0,101.0,30.0,21.0,7.0,16.0,335,pm2.5,4,3,0,0,0,0,1,0
2015-04-10,165.0,111.0,80.0,20.0,7.0,11.0,335,pm2.5,4,4,0,0,0,0,1,0
2015-04-12,165.0,88.0,9.0,24.0,7.0,16.0,335,pm2.5,4,6,1,0,0,0,1,0
2015-04-13,165.0,130.0,7.0,20.0,7.0,10.0,335,pm2.5,4,0,0,0,0,0,1,0
2015-04-23,165.0,111.66666666666669,7.166666666666667,19.5,7.0,13.0,335,pm2.5,4,3,0,0,0,0,1,0
2015-04-25,165.0,93.33333333333334,7.333333333333333,19.0,7.0,8.0,335,pm2.5,4,5,1,0,0,0,1,0
2015-04-28,165.0,75.0,7.5,19.0,7.0,8.0,335,pm2.5,4,1,0,0,0,0,1,0
2015-04-29,165.0,96.0,7.666666666666667,20.0,7.0,11.0,335,pm2.5,4,2,0,0,0,0,1,0
2015-04-30,165.0,132.0,7.833333333333333,22.0,7.0,28.0,365,co,4,3,0,0,0,0,1,0
2015-05-01,85.66666666666667,100.0,5.142857142857143,20.0,6.769230769230769,27.0,359,co,5,4,0,0,0,0,1,0
2015-05-02,90.0,60.0,5.285714285714286,30.0,6.538461538461538,13.0,243,co,5,5,1,0,0,0,1,0
2015-05-03,94.33333333333331,57.0,5.428571428571429,24.0,6.307692307692308,15.0,271,co,5,6,1,0,0,0,1,0
2015-05-04,98.66666666666666,59.0,5.571428571428571,27.0,6.076923076923077,15.0,271,co,5,0,0,0,0,0,1,0
2015-05-05,103.0,102.0,5.714285714285714,33.0,5.846153846153846,44.0,429,co,5,1,0,0,0,0,1,0
2015-05-06,107.33333333333331,88.0,5.857142857142857,48.0,5.615384615384615,41.0,421,co,5,2,0,0,0,0,1,0
2015-05-07,111.66666666666666,127.0,6.0,34.0,5.384615384615385,32.0,388,co,5,3,0,0,0,0,1,0
2015-05-08,116.0,145.0,6.142857142857142,36.0,5.153846153846153,34.0,400,co,5,4,0,0,0,0,1,0
2015-05-09,120.33333333333331,89.0,6.285714285714286,40.0,4.923076923076923,27.0,359,co,5,5,1,0,0,0,1,0
2015-05-10,124.66666666666666,67.0,6.428571428571429,36.0,4.692307692307692,26.0,353,co,5,6,1,0,0,0,1,0
2015-05-11,129.0,75.0,6.571428571428571,40.0,4.461538461538462,33.0,394,co,5,0,0,0,0,0,1,0
2015-05-12,133.33333333333331,60.0,6.714285714285714,30.0,4.230769230769231,16.0,310,pm2.5,5,1,0,0,0,0,1,0
2015-05-13,137.66666666666666,59.75,6.857142857142857,31.0,4.0,21.0,324,co,5,2,0,0,0,0,1,0
2015-05-14,142.0,59.5,7.0,34.0,3.0,23.0,335,co,5,3,0,0,0,0,1,0
2015-05-15,133.0,59.25,8.0,32.0,3.0,20.0,318,co,5,4,0,0,0,0,1,0
2015-05-16,98.0,59.0,9.0,23.0,3.0,11.0,227,pm2.5,5,5,1,0,0,0,1,0
2015-05-17,82.0,58.75,8.0,26.0,3.0,14.0,257,co,5,6,1,0,0,0,1,0
2015-05-18,263.0,58.5,10.0,31.0,3.0,20.0,410,pm2.5,5,0,0,0,0,0,1,0
2015-05-19,192.0,58.25,12.0,28.0,5.0,21.0,355,pm2.5,5,1,0,0,0,0,1,0
2015-05-20,121.0,58.0,8.0,34.0,9.0,19.0,312,co,5,2,0,0,0,0,1,0
2015-05-21,147.0,57.75,7.0,38.0,3.0,26.0,353,co,5,3,0,0,0,0,1,0
2015-05-22,127.0,57.5,8.0,35.0,9.0,27.0,359,co,5,4,0,0,0,0,1,0
2015-05-23,157.0,57.25,5.0,35.0,6.0,27.0,359,co,5,5,1,0,0,0,1,0
2015-05-24,133.0,57.0,5.0,33.0,9.0,17.0,310,pm2.5,5,6,1,0,0,0,1,0
2015-05-25,169.0,56.75,6.0,36.0,8.0,31.0,382,co,5,0,0,0,0,0,1,0
2015-05-26,163.0,56.5,6.0,34.0,7.0,46.0,435,co,5,1,0,0,0,0,1,0
2015-05-27,191.0,56.25,9.0,33.0,7.0,31.0,382,co,5,2,0,0,0,0,1,0
2015-05-28,164.0,56.0,10.0,31.0,8.0,35.0,403,co,5,3,0,0,0,0,1,0
2015-05-29,177.0,55.75,8.0,38.0,1.0,42.0,424,co,5,4,0,0,0,0,1,0
2015-05-30,168.0,55.5,7.0,32.0,1.0,22.0,337,pm2.5,5,5,1,0,0,0,1,0
2015-05-31,165.0,55.25,9.0,30.0,7.0,18.0,335,pm2.5,5,6,1,0,0,0,1,0
2015-06-01,152.0,99.43767572633551,8.0,24.0,3.0,17.0,325,pm2.5,6,0,0,0,1,0,0,0
2015-06-02,160.0,99.456419868791,8.0,15.0,7.0,15.0,331,pm2.5,6,1,0,0,1,0,0,0
2015-06-03,139.0,99.47516401124648,10.0,20.0,3.0,15.0,315,pm2.5,6,2,0,0,1,0,0,0
2015-06-04,163.0,99.49390815370197,8.0,21.0,2.0,11.0,333,pm2.5,6,3,0,0,1,0,0,0
2015-06-05,154.0,99.51265229615746,10.0,27.0,7.0,15.0,326,pm2.5,6,4,0,0,1,0,0,0
2015-06-06,138.0,99.53139643861292,8.0,28.0,4.0,19.0,314,pm2.5,6,5,1,0,1,0,0,0
2015-06-07,159.0,99.5501405810684,8.0,32.0,1.0,23.0,335,co,6,6,1,0,1,0,0,0
2015-06-08,155.0,99.5688847235239,7.0,36.0,8.0,30.0,376,co,6,0,0,0,1,0,0,0
2015-06-09,166.0,99.58762886597938,9.0,32.0,6.0,37.0,409,co,6,1,0,0,1,0,0,0
2015-06-10,127.0,99.60637300843489,8.0,27.0,4.0,12.0,305,pm2.5,6,2,0,0,1,0,0,0
2015-06-11,105.0,99.62511715089036,5.0,29.0,2.0,15.0,271,co,6,3,0,0,1,0,0,0
2015-06-12,120.0,99.64386129334582,6.0,32.0,3.0,16.0,300,pm2.5,6,4,0,0,1,0,0,0
2015-06-13,96.0,99.66260543580132,13.0,25.0,3.0,13.0,243,co,6,5,1,0,1,0,0,0
2015-06-14,109.0,99.6813495782568,7.0,25.0,7.0,14.0,263,pm2.5,6,6,1,0,1,0,0,0
2015-06-15,177.0,99.70009372071227,10.0,21.0,7.0,29.0,371,co,6,0,0,0,1,0,0,0
2015-06-16,153.0,99.71883786316776,8.0,22.0,3.0,15.0,325,pm2.5,6,1,0,0,1,0,0,0
2015-06-17,148.0,99.73758200562324,9.0,20.0,3.0,12.0,322,pm2.5,6,2,0,0,1,0,0,0
2015-06-18,138.0,99.75632614807871,9.0,21.0,6.0,15.0,314,pm2.5,6,3,0,0,1,0,0,0
2015-06-19,156.0,99.7750702905342,9.0,18.0,3.0,29.0,371,co,6,4,0,0,1,0,0,0
2015-06-20,109.0,99.79381443298968,7.0,17.0,7.0,11.0,263,pm2.5,6,5,1,0,1,0,0,0
2015-06-21,101.0,99.81255857544517,7.0,15.0,6.666666666666667,11.0,237,pm2.5,6,6,1,0,1,0,0,0
2015-06-22,75.0,99.83130271790066,6.0,15.0,6.333333333333333,9.0,188,co,6,0,0,0,1,0,0,0
2015-06-23,113.0,99.85004686035614,7.0,16.0,6.0,11.0,277,pm2.5,6,1,0,0,1,0,0,0
2015-06-24,84.0,99.86879100281162,5.0,18.0,2.0,14.0,257,co,6,2,0,0,1,0,0,0
2015-06-25,78.0,99.8875351452671,3.0,18.0,2.0,11.0,214,co,6,3,0,0,1,0,0,0
2015-06-26,109.0,99.90627928772258,5.0,20.0,3.0,14.0,263,pm2.5,6,4,0,0,1,0,0,0
2015-06-27,118.0,99.92502343017809,5.0,22.0,3.0,14.0,293,pm2.5,6,5,1,0,1,0,0,0
2015-06-28,152.0,99.94376757263356,6.0,18.0,4.333333333333333,11.0,325,pm2.5,6,6,1,0,1,0,0,0
2015-06-29,77.0,99.96251171508902,11.0,14.0,5.666666666666666,9.0,188,co,6,0,0,0,1,0,0,0
2015-06-30,81.33333333333333,99.98125585754453,5.0,20.0,7.0,18.0,306,co,6,1,0,0,1,0,0,0
2015-07-01,82.0,98.85660731021557,5.0,21.0,7.0,22.0,329,co,7,2,0,0,1,0,0,0
2015-07-02,123.0,98.87535145267104,5.0,24.0,4.0,34.0,400,co,7,3,0,0,1,0,0,0
2015-07-03,118.0,98.89409559512652,6.0,22.0,8.0,18.0,306,co,7,4,0,0,1,0,0,0
2015-07-04,125.0,98.912839737582,4.0,21.0,8.0,19.0,312,co,7,5,1,0,1,0,0,0
2015-07-05,142.0,98.9315838800375,5.0,15.0,5.0,28.0,365,co,7,6,1,0,1,0,0,0
2015-07-06,74.0,98.95032802249295,4.0,16.0,2.0,12.0,229,co,7,0,0,0,1,0,0,0
2015-07-07,73.0,98.96907216494844,4.0,20.0,3.0,14.0,257,co,7,1,0,0,1,0,0,0
2015-07-08,95.0,98.98781630740392,5.0,18.0,2.0,12.0,229,co,7,2,0,0,1,0,0,0
2015-07-09,102.0,99.00656044985942,4.0,15.0,2.0,9.0,240,pm2.5,7,3,0,0,1,0,0,0
2015-07-10,64.0,99.0253045923149,3.0,14.0,2.0,8.0,175,co,7,4,0,0,1,0,0,0
2015-07-11,57.0,99.0440487347704,4.0,14.0,6.0,26.0,353,co,7,5,1,0,1,0,0,0
2015-07-12,72.0,99.06279287722586,4.0,18.0,3.0,16.0,286,co,7,6,1,0,1,0,0,0
2015-07-13,86.0,99.08153701968136,5.0,22.0,5.0,18.0,306,co,7,0,0,0,1,0,0,0
2015-07-14,117.0,99.10028116213684,4.0,22.0,7.0,31.0,382,co,7,1,0,0,1,0,0,0
2015-07-15,105.0,99.11902530459233,3.0,19.0,6.0,15.0,271,co,7,2,0,0,1,0,0,0
2015-07-16,133.0,99.1377694470478,4.0,19.0,2.0,11.0,310,pm2.5,7,3,0,0,1,0,0,0
2015-07-17,76.0,99.15651358950328,4.0,16.0,2.0,11.0,214,co,7,4,0,0,1,0,0,0
2015-07-18,98.0,99.17525773195877,6.0,14.0,2.0,10.0,227,pm2.5,7,5,1,0,1,0,0,0
2015-07-19,92.0,99.19400187441424,5.0,16.0,2.0,10.0,207,pm2.5,7,6,1,0,1,0,0,0
2015-07-20,73.0,99.21274601686972,4.0,15.0,6.0,24.0,341,co,7,0,0,0,1,0,0,0
2015-07-21,84.0,99.2314901593252,4.0,15.0,4.0,9.0,188,co,7,1,0,0,1,0,0,0
2015-07-22,79.0,99.2502343017807,4.0,14.0,2.0,8.0,175,co,7,2,0,0,1,0,0,0
2015-07-23,85.0,99.26897844423618,4.0,14.0,3.0,12.0,229,co,7,3,0,0,1,0,0,0
2015-07-24,100.0,99.28772258669166,4.0,15.0,2.0,11.0,233,pm2.5,7,4,0,0,1,0,0,0
2015-07-25,75.0,99.30646672914712,3.0,14.0,3.0,10.0,200,co,7,5,1,0,1,0,0,0
2015-07-26,49.0,99.32521087160262,1.0,15.0,6.0,17.0,300,co,7,6,1,0,1,0,0,0
2015-07-27,65.0,99.34395501405812,3.0,16.0,8.0,29.0,371,co,7,0,0,0,1,0,0,0
2015-07-28,60.0,99.3626991565136,3.0,14.0,3.0,13.0,243,co,7,1,0,0,1,0,0,0
2015-07-29,61.0,99.38144329896906,4.0,16.0,7.0,14.0,257,co,7,2,0,0,1,0,0,0
2015-07-30,58.0,99.40018744142456,3.0,17.0,4.0,14.0,257,co,7,3,0,0,1,0,0,0
2015-07-31,80.0,99.41893158388004,2.0,16.0,2.0,13.0,243,co,7,4,0,0,1,0,0,0
2015-08-01,88.0,98.2755388940956,3.0,16.0,7.0,27.0,359,co,8,5,1,0,1,0,0,0
2015-08-02,91.0,98.29428303655106,3.0,15.0,2.0,14.0,257,co,8,6,1,0,1,0,0,0
2015-08-03,91.0,98.31302717900655,4.0,17.0,3.0,11.0,214,co,8,0,0,0,1,0,0,0
2015-08-04,97.0,98.33177132146204,5.0,16.0,2.0,12.0,229,co,8,1,0,0,1,0,0,0
2015-08-05,89.0,98.35051546391752,4.0,18.0,3.0,11.0,214,co,8,2,0,0,1,0,0,0
2015-08-06,80.0,98.369259606373,4.0,16.0,3.0,12.0,229,co,8,3,0,0,1,0,0,0
2015-08-07,99.0,98.38800374882848,3.0,17.0,3.0,14.0,257,co,8,4,0,0,1,0,0,0
2015-08-08,129.0,98.40674789128396,5.0,17.0,2.0,15.0,307,pm2.5,8,5,1,0,1,0,0,0
2015-08-09,114.0,98.42549203373946,5.0,21.0,2.0,22.0,329,co,8,6,1,0,1,0,0,0
2015-08-10,121.0,98.44423617619492,3.0,19.0,7.0,29.0,371,co,8,0,0,0,1,0,0,0
2015-08-11,70.0,98.4629803186504,6.0,19.0,2.0,16.0,286,co,8,1,0,0,1,0,0,0
2015-08-12,112.0,98.4817244611059,3.0,17.0,6.0,27.0,359,co,8,2,0,0,1,0,0,0
2015-08-13,121.0,98.5004686035614,3.0,18.0,3.0,13.0,301,pm2.5,8,3,0,0,1,0,0,0
2015-08-14,102.0,98.51921274601688,3.0,16.0,2.0,12.0,240,pm2.5,8,4,0,0,1,0,0,0
2015-08-15,93.0,98.53795688847237,3.0,16.0,2.0,12.0,229,co,8,5,1,0,1,0,0,0
2015-08-16,60.0,98.55670103092784,3.0,16.0,3.0,16.0,286,co,8,6,1,0,1,0,0,0
2015-08-17,76.0,98.57544517338332,3.0,19.0,2.0,16.0,286,co,8,0,0,0,1,0,0,0
2015-08-18,104.0,98.5941893158388,2.0,18.0,2.0,17.0,300,co,8,1,0,0,1,0,0,0
2015-08-19,71.0,98.61293345829428,1.0,18.0,1.5,14.0,257,co,8,2,0,0,1,0,0,0
2015-08-20,104.0,98.63167760074975,1.3076923076923077,17.0,1.0,12.0,247,pm2.5,8,3,0,0,1,0,0,0
2015-08-21,102.16666666666669,98.65042174320524,1.6153846153846154,20.0,1.0,14.0,257,co,8,4,0,0,1,0,0,0
2015-08-22,100.33333333333331,98.66916588566072,1.9230769230769231,16.0,1.0,12.0,234,pm2.5,8,5,1,0,1,0,0,0
2015-08-23,98.5,98.68791002811622,2.230769230769231,25.0,2.5,27.0,359,co,8,6,1,0,1,0,0,0
2015-08-24,96.66666666666669,98.7066541705717,2.5384615384615383,22.0,4.0,30.0,376,co,8,0,0,0,1,0,0,0
2015-08-25,94.83333333333331,98.72539831302716,2.8461538461538463,25.0,1.0,16.0,286,co,8,1,0,0,1,0,0,0
2015-08-26,93.0,98.74414245548266,3.153846153846154,23.0,2.333333333333333,13.0,243,co,8,2,0,0,1,0,0,0
2015-08-27,91.16666666666669,98.76288659793816,3.4615384615384617,22.0,3.6666666666666665,11.0,214,co,8,3,0,0,1,0,0,0
2015-08-28,89.33333333333333,98.78163074039362,3.769230769230769,22.0,5.0,32.0,388,co,8,4,0,0,1,0,0,0
2015-08-29,87.5,98.8003748828491,4.076923076923077,24.0,4.0,30.0,376,co,8,5,1,0,1,0,0,0
2015-08-30,85.66666666666667,98.8191190253046,4.384615384615385,23.0,5.0,13.0,243,co,8,6,1,0,1,0,0,0
2015-08-31,83.83333333333334,98.83786316776008,4.6923076923076925,25.0,6.0,16.0,286,co,8,0,0,0,1,0,0,0
2015-09-01,193.8021978021978,97.7319587628866,2.688172043010753,23.0,5.0,29.0,371,co,9,1,0,0,1,0,0,0
2015-09-02,190.15384615384616,97.75070290534208,2.698924731182796,26.0,1.0,15.0,354,pm2.5,9,2,0,0,1,0,0,0
2015-09-03,186.5054945054945,97.76944704779756,2.709677419354839,28.0,5.0,30.0,376,co,9,3,0,0,1,0,0,0
2015-09-04,182.8571428571429,97.78819119025304,2.720430107526882,28.0,2.0,14.0,348,pm2.5,9,4,0,0,1,0,0,0
2015-09-05,179.2087912087912,97.80693533270852,2.731182795698925,27.0,6.0,29.0,371,co,9,5,1,0,1,0,0,0
2015-09-06,175.56043956043956,97.825679475164,2.741935483870968,29.0,1.0,15.0,343,pm2.5,9,6,1,0,1,0,0,0
2015-09-07,171.9120879120879,97.8444236176195,2.752688172043011,28.0,2.0,15.0,340,pm2.5,9,0,0,0,1,0,0,0
2015-09-08,168.26373626373626,97.86316776007496,2.763440860215054,30.0,4.0,27.0,359,co,9,1,0,0,1,0,0,0
2015-09-09,164.6153846153846,97.88191190253043,2.774193548387097,30.0,2.5,14.0,334,pm2.5,9,2,0,0,1,0,0,0
2015-09-10,160.967032967033,97.90065604498594,2.78494623655914,32.0,1.0,18.0,332,pm2.5,9,3,0,0,1,0,0,0
2015-09-11,157.31868131868134,97.91940018744144,2.795698924731183,25.0,2.5,13.0,329,pm2.5,9,4,0,0,1,0,0,0
2015-09-12,153.6703296703297,97.93814432989691,2.806451612903226,25.0,4.0,29.0,371,co,9,5,1,0,1,0,0,0
2015-09-13,150.02197802197804,97.9568884723524,2.817204301075269,26.0,1.0,15.0,323,pm2.5,9,6,1,0,1,0,0,0
2015-09-14,146.3736263736264,97.97563261480786,2.827956989247312,25.0,1.75,14.0,320,pm2.5,9,0,0,0,1,0,0,0
2015-09-15,142.72527472527474,97.99437675726335,2.838709677419355,23.0,2.5,14.0,317,pm2.5,9,1,0,0,1,0,0,0
2015-09-16,139.0769230769231,98.01312089971884,2.849462365591398,22.0,3.25,15.0,315,pm2.5,9,2,0,0,1,0,0,0
2015-09-17,135.42857142857144,98.03186504217432,2.860215053763441,21.0,4.0,27.0,359,co,9,3,0,0,1,0,0,0
2015-09-18,131.7802197802198,98.0506091846298,2.870967741935484,23.0,3.25,15.0,309,pm2.5,9,4,0,0,1,0,0,0
2015-09-19,128.13186813186817,98.06935332708528,2.881720430107527,22.0,2.5,14.0,306,pm2.5,9,5,1,0,1,0,0,0
2015-09-20,124.4835164835165,98.08809746954076,2.89247311827957,22.0,1.75,17.0,303,pm2.5,9,6,1,0,1,0,0,0
2015-09-21,120.83516483516485,98.10684161199624,2.903225806451613,32.0,1.0,29.0,371,co,9,0,0,0,1,0,0,0
2015-09-22,117.1868131868132,98.12558575445172,2.913978494623656,23.0,2.0,15.0,291,pm2.5,9,1,0,0,1,0,0,0
2015-09-24,113.53846153846156,98.1443298969072,2.924731182795699,29.0,3.0,18.0,306,co,9,3,0,0,1,0,0,0
2015-09-25,109.8901098901099,98.1630740393627,2.935483870967742,28.0,4.0,18.0,306,co,9,4,0,0,1,0,0,0
2015-09-26,106.24175824175823,98.1818181818182,2.946236559139785,30.0,4.0,35.0,403,co,9,5,1,0,1,0,0,0
2015-09-27,102.5934065934066,98.20056232427366,2.956989247311828,34.0,3.0,19.0,312,co,9,6,1,0,1,0,0,0
2015-09-28,98.94505494505496,98.21930646672914,2.967741935483871,30.0,2.0,17.0,300,co,9,0,0,0,1,0,0,0
2015-09-29,95.2967032967033,98.23805060918464,2.978494623655914,37.0,1.0,24.0,341,co,9,1,0,0,1,0,0,0
2015-09-30,91.64835164835164,98.25679475164011,2.989247311827957,36.0,4.0,25.0,347,co,9,2,0,0,1,0,0,0
2015-10-01,306.9010989010989,97.15089034676664,2.3548387096774195,30.0,1.3000000000000005,17.0,444,pm2.5,10,3,0,1,0,0,0,0
2015-10-02,303.25274725274727,97.16963448922212,2.3655913978494625,32.0,1.0,16.0,441,pm2.5,10,4,0,1,0,0,0,0
2015-10-03,299.6043956043956,97.1883786316776,2.376344086021505,38.0,4.0,24.0,438,pm2.5,10,5,1,1,0,0,0,0
2015-10-04,295.956043956044,97.20712277413308,2.3870967741935485,38.0,5.0,25.0,435,pm2.5,10,6,1,1,0,0,0,0
2015-10-05,292.3076923076923,97.22586691658856,2.3978494623655915,35.0,1.0,20.0,433,pm2.5,10,0,0,1,0,0,0,0
2015-10-06,288.65934065934067,97.24461105904405,2.4086021505376345,39.0,5.0,41.0,430,pm2.5,10,1,0,1,0,0,0,0
2015-10-07,285.010989010989,97.26335520149954,2.419354838709677,34.0,1.0,21.0,427,pm2.5,10,2,0,1,0,0,0,0
2015-10-08,281.3626373626374,97.282099343955,2.4301075268817205,31.0,1.0,21.0,424,pm2.5,10,3,0,1,0,0,0,0
2015-10-09,277.7142857142857,97.30084348641049,2.4408602150537635,37.0,6.0,41.0,421,pm2.5,10,4,0,1,0,0,0,0
2015-10-10,274.0659340659341,97.31958762886596,2.4516129032258065,46.0,10.0,66.0,494,co,10,5,1,1,0,0,0,0
2015-10-11,270.4175824175824,97.33833177132146,2.462365591397849,34.0,3.0,24.0,416,pm2.5,10,6,1,1,0,0,0,0
2015-10-12,266.7692307692308,97.35707591377694,2.4731182795698925,30.0,1.0,15.0,413,pm2.5,10,0,0,1,0,0,0,0
2015-10-13,263.1208791208791,97.37582005623244,2.4838709677419355,30.0,2.0,13.0,410,pm2.5,10,1,0,1,0,0,0,0
2015-10-14,259.4725274725275,97.3945641986879,2.4946236559139785,26.0,3.0,12.0,407,pm2.5,10,2,0,1,0,0,0,0
2015-10-15,255.82417582417585,97.4133083411434,2.505376344086021,27.0,4.0,12.0,404,pm2.5,10,3,0,1,0,0,0,0
2015-10-16,252.17582417582415,97.43205248359888,2.5161290322580645,27.0,5.0,31.0,402,pm2.5,10,4,0,1,0,0,0,0
2015-10-17,248.52747252747253,97.45079662605436,2.5268817204301075,32.0,3.0,19.0,399,pm2.5,10,5,1,1,0,0,0,0
2015-10-18,244.87912087912088,97.46954076850984,2.5376344086021505,36.0,1.0,16.0,396,pm2.5,10,6,1,1,0,0,0,0
2015-10-19,241.23076923076923,97.48828491096532,2.548387096774193,39.0,1.0,25.0,393,pm2.5,10,0,0,1,0,0,0,0
2015-10-20,237.5824175824176,97.5070290534208,2.5591397849462365,42.0,2.0,37.0,409,co,10,1,0,1,0,0,0,0
2015-10-21,233.93406593406596,97.52577319587628,2.5698924731182795,38.0,1.0,29.0,388,pm2.5,10,2,0,1,0,0,0,0
2015-10-22,230.28571428571428,97.54451733833176,2.5806451612903225,35.0,1.0,37.0,409,co,10,3,0,1,0,0,0,0
2015-10-23,226.63736263736263,97.56326148078723,2.591397849462365,44.0,1.0,28.0,382,pm2.5,10,4,0,1,0,0,0,0
2015-10-24,222.989010989011,97.58200562324274,2.6021505376344085,39.0,3.0,24.0,379,pm2.5,10,5,1,1,0,0,0,0
2015-10-25,219.34065934065936,97.60074976569824,2.6129032258064515,24.0,1.0,12.0,376,pm2.5,10,6,1,1,0,0,0,0
2015-10-26,215.6923076923077,97.6194939081537,2.6236559139784945,31.0,1.0,20.0,374,pm2.5,10,0,0,1,0,0,0,0
2015-10-27,212.0439560439561,97.63823805060916,2.634408602150538,44.0,6.0,55.0,462,co,10,1,0,1,0,0,0,0
2015-10-28,208.3956043956044,97.65698219306466,2.645161290322581,32.0,1.0,32.0,388,co,10,2,0,1,0,0,0,0
2015-10-29,204.7472527472528,97.67572633552015,2.655913978494624,27.0,1.0,11.0,365,pm2.5,10,3,0,1,0,0,0,0
2015-10-30,201.0989010989011,97.69447047797564,2.666666666666667,27.0,1.0,15.0,362,pm2.5,10,4,0,1,0,0,0,0
2015-10-31,197.45054945054943,97.7132146204311,2.67741935483871,29.0,1.0,19.0,360,pm2.5,10,5,1,1,0,0,0,0
2015-11-01,416.3516483516484,96.58856607310216,2.032258064516129,33.0,1.0,21.0,528,pm2.5,11,6,1,1,0,0,0,0
2015-11-02,412.7032967032967,96.60731021555765,2.043010752688172,34.0,5.0,39.0,525,pm2.5,11,0,0,1,0,0,0,0
2015-11-03,409.05494505494505,96.62605435801312,2.053763440860215,37.0,1.0,32.0,522,pm2.5,11,1,0,1,0,0,0,0
2015-11-04,405.4065934065934,96.6447985004686,2.064516129032258,38.0,6.0,57.0,520,pm2.5,11,2,0,1,0,0,0,0
2015-11-05,401.75824175824175,96.66354264292409,2.075268817204301,38.0,5.0,31.0,517,pm2.5,11,3,0,1,0,0,0,0
2015-11-06,398.1098901098901,96.68228678537956,2.086021505376344,32.0,3.0,17.0,514,pm2.5,11,4,0,1,0,0,0,0
2015-11-07,394.46153846153845,96.70103092783503,2.096774193548387,41.0,1.0,26.0,511,pm2.5,11,5,1,1,0,0,0,0
2015-11-08,390.8131868131868,96.71977507029052,2.10752688172043,36.0,1.0,17.0,508,pm2.5,11,6,1,1,0,0,0,0
2015-11-09,387.1648351648352,96.738519212746,2.118279569892473,38.0,1.0,23.0,506,pm2.5,11,0,0,1,0,0,0,0
2015-11-10,383.5164835164835,96.7572633552015,2.129032258064516,39.0,1.0,38.0,503,pm2.5,11,1,0,1,0,0,0,0
2015-11-11,379.8681318681319,96.77600749765698,2.139784946236559,39.0,2.0,34.0,500,pm2.5,11,2,0,1,0,0,0,0
2015-11-12,376.2197802197802,96.79475164011244,2.150537634408602,30.0,9.0,19.0,497,pm2.5,11,3,0,1,0,0,0,0
2015-11-13,372.57142857142856,96.81349578256794,2.161290322580645,36.0,7.0,22.0,494,pm2.5,11,4,0,1,0,0,0,0
2015-11-14,368.9230769230769,96.83223992502344,2.172043010752688,36.0,1.0,23.0,491,pm2.5,11,5,1,1,0,0,0,0
2015-11-15,365.27472527472526,96.85098406747892,2.182795698924731,38.0,1.0,31.0,489,pm2.5,11,6,1,1,0,0,0,0
2015-11-16,361.6263736263736,96.8697282099344,2.193548387096774,43.0,2.0,36.0,486,pm2.5,11,0,0,1,0,0,0,0
2015-11-17,357.978021978022,96.88847235238988,2.204301075268817,32.0,1.0,22.0,483,pm2.5,11,1,0,1,0,0,0,0
2015-11-18,354.3296703296703,96.90721649484536,2.21505376344086,35.0,1.0,20.0,480,pm2.5,11,2,0,1,0,0,0,0
2015-11-19,350.68131868131866,96.92596063730085,2.225806451612903,50.0,1.0,42.0,477,pm2.5,11,3,0,1,0,0,0,0
2015-11-20,347.032967032967,96.94470477975632,2.236559139784946,51.0,7.0,48.0,475,pm2.5,11,4,0,1,0,0,0,0
2015-11-21,343.38461538461536,96.9634489222118,2.247311827956989,42.0,5.5,43.0,472,pm2.5,11,5,1,1,0,0,0,0
2015-11-22,339.7362637362637,96.98219306466729,2.258064516129032,44.0,4.0,31.0,469,pm2.5,11,6,1,1,0,0,0,0
2015-11-23,336.08791208791206,97.00093720712276,2.2688172043010755,39.0,3.7,56.0,466,pm2.5,11,0,0,1,0,0,0,0
2015-11-24,332.4395604395604,97.01968134957826,2.2795698924731185,47.0,3.4,57.0,468,co,11,1,0,1,0,0,0,0
2015-11-25,328.7912087912088,97.03842549203374,2.290322580645161,42.0,3.1,32.0,461,pm2.5,11,2,0,1,0,0,0,0
2015-11-26,325.1428571428571,97.0571696344892,2.3010752688172045,36.0,2.8,29.0,458,pm2.5,11,3,0,1,0,0,0,0
2015-11-27,321.4945054945055,97.0759137769447,2.3118279569892475,43.0,2.5,33.0,455,pm2.5,11,4,0,1,0,0,0,0
2015-11-28,317.84615384615387,97.0946579194002,2.3225806451612905,37.0,2.2,30.0,452,pm2.5,11,5,1,1,0,0,0,0
2015-11-29,314.1978021978022,97.11340206185568,2.333333333333333,33.0,1.9,24.0,449,pm2.5,11,6,1,1,0,0,0,0
2015-11-30,310.54945054945057,97.13214620431114,2.3440860215053765,39.0,1.6,40.0,447,pm2.5,11,0,0,1,0,0,0,0
2015-12-01,347.6666666666667,96.02624179943768,1.0357142857142858,34.0,2.0,33.0,475,pm2.5,12,1,0,0,0,0,0,1
2015-12-02,344.5,96.04498594189316,1.0714285714285714,29.0,2.0,16.0,473,pm2.5,12,2,0,0,0,0,0,1
2015-12-03,341.3333333333333,96.06373008434863,1.1071428571428572,32.0,2.0,21.0,470,pm2.5,12,3,0,0,0,0,0,1
2015-12-04,338.1666666666667,96.08247422680412,1.1428571428571428,41.0,2.0,36.0,468,pm2.5,12,4,0,0,0,0,0,1
2015-12-05,335.0,96.1012183692596,1.1785714285714286,43.0,2.0,40.0,465,pm2.5,12,5,1,0,0,0,0,1
2015-12-07,331.8333333333333,96.11996251171507,1.2142857142857142,53.0,2.0,100.0,594,co,12,0,0,0,0,0,0,1
2015-12-08,328.6666666666667,96.13870665417056,1.25,45.0,1.0,57.0,468,co,12,1,0,0,0,0,0,1
2015-12-09,325.5,96.15745079662604,1.2857142857142856,38.0,1.0,48.0,458,pm2.5,12,2,0,0,0,0,0,1
2015-12-10,322.3333333333333,96.17619493908154,1.3214285714285714,40.0,1.0,37.0,456,pm2.5,12,3,0,0,0,0,0,1
2015-12-11,319.1666666666667,96.19493908153702,1.3571428571428572,36.0,1.0,30.0,453,pm2.5,12,4,0,0,0,0,0,1
2015-12-12,316.0,96.21368322399248,1.3928571428571428,36.0,1.0,28.0,451,pm2.5,12,5,1,0,0,0,0,1
2015-12-13,312.8333333333333,96.23242736644798,1.4285714285714286,33.0,1.0,28.0,448,pm2.5,12,6,1,0,0,0,0,1
2015-12-14,309.6666666666667,96.25117150890348,1.4642857142857142,37.0,1.0,24.0,446,pm2.5,12,0,0,0,0,0,0,1
2015-12-15,306.5,96.26991565135896,1.5,39.0,2.0,23.0,443,pm2.5,12,1,0,0,0,0,0,1
2015-12-16,303.3333333333333,96.28865979381445,1.5357142857142856,46.0,3.0,38.0,441,pm2.5,12,2,0,0,0,0,0,1
2015-12-17,300.1666666666667,96.3074039362699,1.5714285714285714,46.0,1.0,28.0,439,pm2.5,12,3,0,0,0,0,0,1
2015-12-18,297.0,96.3261480787254,1.6071428571428572,44.0,1.5,25.0,436,pm2.5,12,4,0,0,0,0,0,1
2015-12-19,293.8333333333333,96.34489222118088,1.6428571428571428,43.0,2.0,49.0,444,co,12,5,1,0,0,0,0,1
2015-12-20,290.6666666666667,96.36363636363636,1.6785714285714284,43.0,1.0,52.0,453,co,12,6,1,0,0,0,0,1
2015-12-21,287.5,96.38238050609183,1.7142857142857142,47.0,1.0,36.0,429,pm2.5,12,0,0,0,0,0,0,1
2015-12-22,284.33333333333337,96.40112464854732,1.75,51.0,1.0,37.0,426,pm2.5,12,1,0,0,0,0,0,1
2015-12-23,281.1666666666667,96.4198687910028,1.7857142857142856,48.0,1.0,28.0,424,pm2.5,12,2,0,0,0,0,0,1
2015-12-24,278.0,96.4386129334583,1.8214285714285716,41.0,1.0,22.0,422,pm2.5,12,3,0,0,0,0,0,1
2015-12-25,274.83333333333337,96.45735707591378,1.8571428571428568,36.0,1.0,20.0,419,pm2.5,12,4,0,0,0,0,0,1
2015-12-26,271.6666666666667,96.47610121836924,1.8928571428571428,44.0,2.0,24.0,417,pm2.5,12,5,1,0,0,0,0,1
2015-12-27,268.5,96.49484536082474,1.9285714285714284,39.0,1.0,21.0,414,pm2.5,12,6,1,0,0,0,0,1
2015-12-28,265.33333333333337,96.51358950328024,1.9642857142857144,49.0,1.0,30.0,412,pm2.5,12,0,0,0,0,0,0,1
2015-12-29,262.1666666666667,96.5323336457357,2.0,41.0,1.0,24.0,409,pm2.5,12,1,0,0,0,0,0,1
2015-12-30,259.0,96.55107778819118,2.010752688172043,45.0,1.0,41.0,421,co,12,2,0,0,0,0,0,1
2015-12-31,420.0,96.56982193064668,2.021505376344086,30.0,3.0,31.0,531,pm2.5,12,3,0,0,0,0,0,1
2016-01-02,246.0,95.48266166822869,7.0,30.0,1.5,27.5,397,pm2.5,1,5,1,0,0,0,0,1
2016-01-03,275.0,95.50140581068416,6.0,24.0,2.0,22.0,419,pm2.5,1,6,1,0,0,0,0,1
2016-01-04,305.0,95.52014995313964,6.0,54.0,1.0,65.0,491,co,1,0,0,0,0,0,0,1
2016-01-05,376.0,95.53889409559513,6.0,53.0,1.0,54.0,497,pm2.5,1,1,0,0,0,0,0,1
2016-01-06,347.0,95.5576382380506,6.0,45.0,1.0,28.0,475,pm2.5,1,2,0,0,0,0,0,1
2016-01-07,288.0,95.57638238050608,7.0,45.0,1.0,33.0,429,pm2.5,1,3,0,0,0,0,0,1
2016-01-08,288.0,95.59512652296158,5.0,36.0,1.0,17.0,429,pm2.5,1,4,0,0,0,0,0,1
2016-01-09,207.0,95.61387066541704,1.0,38.0,1.0,39.0,415,co,1,5,1,0,0,0,0,1
2016-01-10,247.0,95.63261480787251,7.0,45.0,4.0,51.0,450,co,1,6,1,0,0,0,0,1
2016-01-11,292.0,95.65135895032802,8.0,50.0,1.0,34.0,432,pm2.5,1,0,0,0,0,0,0,1
2016-01-12,287.0,95.6701030927835,6.0,43.0,6.0,34.0,428,pm2.5,1,1,0,0,0,0,0,1
2016-01-13,278.0,95.688847235239,8.0,39.0,4.0,25.0,422,pm2.5,1,2,0,0,0,0,0,1
2016-01-14,305.0,95.70759137769448,6.0,31.0,3.6666666666666665,20.5,442,pm2.5,1,3,0,0,0,0,0,1
2016-01-15,257.5,95.72633552014996,4.0,23.0,3.333333333333333,16.0,406,pm2.5,1,4,0,0,0,0,0,1
2016-01-16,210.0,95.74507966260543,6.0,25.0,3.0,16.0,369,pm2.5,1,5,1,0,0,0,0,1
2016-01-17,214.0,95.76382380506092,19.0,35.0,4.0,28.0,372,pm2.5,1,6,1,0,0,0,0,1
2016-01-18,277.0,95.7825679475164,2.0,27.0,12.0,40.0,421,pm2.5,1,0,0,0,0,0,0,1
2016-01-19,279.0,95.80131208997189,1.0,23.0,8.333333333333334,17.0,422,pm2.5,1,1,0,0,0,0,0,1
2016-01-20,248.0,95.82005623242736,2.0,25.0,4.666666666666667,19.0,398,pm2.5,1,2,0,0,0,0,0,1
2016-01-21,215.0,95.83880037488284,4.0,29.0,1.0,23.0,373,pm2.5,1,3,0,0,0,0,0,1
2016-01-22,281.0,95.85754451733833,5.0,31.0,1.0,39.0,424,pm2.5,1,4,0,0,0,0,0,1
2016-01-23,325.0,95.8762886597938,4.0,35.0,2.0,55.0,462,co,1,5,1,0,0,0,0,1
2016-01-24,381.0,95.89503280224928,4.0,41.0,1.0,43.0,501,pm2.5,1,6,1,0,0,0,0,1
2016-01-25,310.0,95.91377694470478,5.0,38.0,1.0,26.0,446,pm2.5,1,0,0,0,0,0,0,1
2016-01-26,275.0,95.93252108716028,6.0,36.0,1.0,30.0,419,pm2.5,1,1,0,0,0,0,0,1
2016-01-27,271.0,95.95126522961574,6.0,40.0,1.0,40.0,418,co,1,2,0,0,0,0,0,1
2016-01-28,307.0,95.97000937207122,5.0,42.0,2.0,39.0,444,pm2.5,1,3,0,0,0,0,0,1
2016-01-29,354.0,95.9887535145267,3.0,29.0,2.0,25.0,480,pm2.5,1,4,0,0,0,0,0,1
2016-01-31,350.8333333333333,96.0074976569822,1.0,16.0,2.0,11.0,478,pm2.5,1,6,1,0,0,0,0,1
2016-02-01,161.0,94.95782567947516,5.0,23.0,1.0,13.0,332,pm2.5,2,0,0,0,0,1,0,0
2016-02-02,207.0,94.97656982193064,7.0,29.0,1.0,17.0,367,pm2.5,2,1,0,0,0,1,0,0
2016-02-03,225.0,94.99531396438611,6.0,31.0,2.0,21.0,381,pm2.5,2,2,0,0,0,1,0,0
2016-02-04,222.0,95.01405810684162,7.0,40.0,3.0,26.0,378,pm2.5,2,3,0,0,0,1,0,0
2016-02-05,224.0,95.03280224929708,7.0,39.0,2.0,31.0,382,co,2,4,0,0,0,1,0,0
2016-02-06,294.0,95.05154639175257,3.0,24.0,1.0,18.0,434,pm2.5,2,5,1,0,0,1,0,0
2016-02-07,199.0,95.07029053420806,2.5,21.5,1.5,20.0,361,pm2.5,2,6,1,0,0,1,0,0
2016-02-08,200.5,95.08903467666354,2.0,19.0,2.0,22.0,362,pm2.5,2,0,0,0,0,1,0,0
2016-02-09,202.0,95.10777881911902,6.0,37.0,2.0,30.0,376,co,2,1,0,0,0,1,0,0
2016-02-10,249.0,95.12652296157452,6.0,36.0,1.0,32.0,399,pm2.5,2,2,0,0,0,1,0,0
2016-02-11,241.0,95.14526710402998,6.0,38.0,1.0,21.0,393,pm2.5,2,3,0,0,0,1,0,0
2016-02-12,208.0,95.16401124648549,6.0,37.0,2.0,20.0,368,pm2.5,2,4,0,0,0,1,0,0
2016-02-13,195.0,95.18275538894096,7.0,36.0,1.0,23.0,358,pm2.5,2,5,1,0,0,1,0,0
2016-02-14,195.0,95.20149953139644,6.0,33.0,1.0,19.0,358,pm2.5,2,6,1,0,0,1,0,0
2016-02-15,182.0,95.22024367385193,4.0,33.0,1.0,19.0,348,pm2.5,2,0,0,0,0,1,0,0
2016-02-16,191.0,95.2389878163074,3.5,32.5,1.0,24.5,355,pm2.5,2,1,0,0,0,1,0,0
2016-02-18,195.0,95.25773195876288,3.0,32.0,1.0,30.0,376,co,2,3,0,0,0,1,0,0
2016-02-19,199.0,95.27647610121836,3.0,37.0,4.0,28.0,365,co,2,4,0,0,0,1,0,0
2016-02-20,260.0,95.29522024367384,6.0,34.0,1.0,14.0,408,pm2.5,2,5,1,0,0,1,0,0
2016-02-21,278.0,95.31396438612931,6.0,31.0,1.0,14.0,422,pm2.5,2,6,1,0,0,1,0,0
2016-02-22,172.0,95.33270852858482,7.0,33.0,4.0,22.0,340,pm2.5,2,0,0,0,0,1,0,0
2016-02-23,174.0,95.3514526710403,6.0,35.0,1.0,21.0,342,pm2.5,2,1,0,0,0,1,0,0
2016-02-24,269.0,95.37019681349578,6.0,30.0,1.0,16.0,415,pm2.5,2,2,0,0,0,1,0,0
2016-02-25,176.0,95.38894095595126,6.0,29.0,1.0,18.0,343,pm2.5,2,3,0,0,0,1,0,0
2016-02-26,212.0,95.40768509840674,6.0,33.0,1.0,19.0,371,pm2.5,2,4,0,0,0,1,0,0
2016-02-27,246.0,95.42642924086223,3.0,30.0,1.0,21.0,397,pm2.5,2,5,1,0,0,1,0,0
2016-02-28,322.0,95.44517338331772,6.0,38.0,1.0,39.0,455,pm2.5,2,6,1,0,0,1,0,0
2016-02-29,217.0,95.46391752577318,8.0,36.0,1.0,33.0,394,co,2,0,0,0,0,1,0,0
2016-03-01,269.0,94.3767572633552,7.0,38.0,2.0,43.0,426,co,3,1,0,0,0,1,0,0
2016-03-02,282.0,94.39550140581068,6.0,41.0,3.0,57.0,468,co,3,2,0,0,0,1,0,0
2016-03-03,251.0,94.41424554826617,6.0,41.0,5.0,54.0,459,co,3,3,0,0,0,1,0,0
2016-03-04,278.0,94.43298969072166,8.0,33.0,2.0,33.0,422,pm2.5,3,4,0,0,0,1,0,0
2016-03-05,237.0,94.45173383317712,7.0,26.0,1.0,12.0,390,pm2.5,3,5,1,0,0,1,0,0
2016-03-06,143.0,94.4704779756326,9.0,33.0,1.0,17.0,318,pm2.5,3,6,1,0,0,1,0,0
2016-03-07,215.0,94.4892221180881,6.0,27.0,4.0,19.0,373,pm2.5,3,0,0,0,0,1,0,0
2016-03-08,139.0,94.50796626054358,7.0,29.0,1.0,19.0,315,pm2.5,3,1,0,0,0,1,0,0
2016-03-09,196.0,94.52671040299906,7.0,31.0,2.0,17.0,358,pm2.5,3,2,0,0,0,1,0,0
2016-03-10,195.0,94.54545454545452,6.0,33.0,4.0,30.0,376,co,3,3,0,0,0,1,0,0
2016-03-11,173.0,94.56419868791002,4.0,28.0,2.0,23.0,341,pm2.5,3,4,0,0,0,1,0,0
2016-03-12,187.0,94.58294283036552,5.0,25.0,1.0,14.0,352,pm2.5,3,5,1,0,0,1,0,0
2016-03-13,148.0,94.601686972821,7.0,19.0,1.0,12.0,322,pm2.5,3,6,1,0,0,1,0,0
2016-03-14,128.0,94.62043111527647,6.0,27.0,1.0,15.0,306,pm2.5,3,0,0,0,0,1,0,0
2016-03-15,194.0,94.63917525773196,5.0,25.0,1.0,17.0,357,pm2.5,3,1,0,0,0,1,0,0
2016-03-16,151.0,94.65791940018744,5.0,29.0,7.0,25.0,347,co,3,2,0,0,0,1,0,0
2016-03-17,176.0,94.67666354264291,8.0,28.0,2.0,21.0,343,pm2.5,3,3,0,0,0,1,0,0
2016-03-18,205.0,94.6954076850984,8.0,35.0,2.0,22.0,365,pm2.5,3,4,0,0,0,1,0,0
2016-03-19,215.0,94.71415182755388,6.0,30.0,1.0,17.0,373,pm2.5,3,5,1,0,0,1,0,0
2016-03-20,232.0,94.73289597000937,5.0,20.0,1.0,11.0,386,pm2.5,3,6,1,0,0,1,0,0
2016-03-21,133.0,94.75164011246486,4.0,17.0,1.0,10.0,310,pm2.5,3,0,0,0,0,1,0,0
2016-03-22,104.0,94.77038425492034,6.0,16.0,2.0,17.0,300,co,3,1,0,0,0,1,0,0
2016-03-23,150.0,94.78912839737582,7.0,17.0,1.0,23.0,335,co,3,2,0,0,0,1,0,0
2016-03-24,174.0,94.8078725398313,7.0,21.0,1.0,21.0,342,pm2.5,3,3,0,0,0,1,0,0
2016-03-25,166.0,94.82661668228678,6.0,24.0,2.0,21.0,335,pm2.5,3,4,0,0,0,1,0,0
2016-03-26,175.0,94.84536082474229,4.0,15.0,1.0,12.0,342,pm2.5,3,5,1,0,0,1,0,0
2016-03-27,156.0,94.86410496719776,4.0,16.0,1.0,11.0,328,pm2.5,3,6,1,0,0,1,0,0
2016-03-28,152.0,94.88284910965322,3.0,16.0,4.0,11.0,325,pm2.5,3,0,0,0,0,1,0,0
2016-03-29,153.0,94.90159325210873,3.0,25.0,4.0,36.0,406,co,3,1,0,0,0,1,0,0
2016-03-30,179.0,94.9203373945642,8.0,38.0,4.0,35.0,403,co,3,2,0,0,0,1,0,0
2016-03-31,243.0,94.93908153701967,6.0,38.0,5.0,41.0,421,co,3,3,0,0,0,1,0,0
2016-04-01,309.0,93.81443298969072,5.0,32.0,2.0,37.0,445,pm2.5,4,4,0,0,0,0,1,0
2016-04-02,219.0,93.8331771321462,8.0,35.0,1.0,28.0,376,pm2.5,4,5,1,0,0,0,1,0
2016-04-03,323.0,93.8519212746017,7.0,33.0,1.0,20.0,456,pm2.5,4,6,1,0,0,0,1,0
2016-04-04,361.0,93.87066541705715,4.0,26.0,2.0,19.0,485,pm2.5,4,0,0,0,0,0,1,0
2016-04-05,270.0,93.88940955951264,4.0,25.0,3.0,17.0,415,pm2.5,4,1,0,0,0,0,1,0
2016-04-06,225.0,93.90815370196812,2.0,20.0,5.0,26.0,381,pm2.5,4,2,0,0,0,0,1,0
2016-04-07,225.0,93.92689784442362,8.0,26.0,5.0,27.0,381,pm2.5,4,3,0,0,0,0,1,0
2016-04-08,223.0,93.9456419868791,8.0,25.0,1.0,15.0,379,pm2.5,4,4,0,0,0,0,1,0
2016-04-09,228.0,93.96438612933456,4.0,18.0,1.0,12.0,383,pm2.5,4,5,1,0,0,0,1,0
2016-04-10,206.0,93.98313027179006,8.0,24.0,1.0,10.0,366,pm2.5,4,6,1,0,0,0,1,0
2016-04-11,310.0,94.00187441424556,7.0,23.0,1.0,7.0,446,pm2.5,4,0,0,0,0,0,1,0
2016-04-12,160.0,94.02061855670104,6.0,23.0,1.0,9.0,331,pm2.5,4,1,0,0,0,0,1,0
2016-04-13,129.0,94.03936269915653,7.0,32.0,1.0,20.0,318,co,4,2,0,0,0,0,1,0
2016-04-14,146.0,94.11433926897844,5.0,35.0,10.0,14.0,320,pm2.5,4,3,0,0,0,0,1,0
2016-04-15,133.25,94.058106841612,5.0,30.0,1.0,30.0,376,co,4,4,0,0,0,0,1,0
2016-04-16,137.5,94.07685098406748,5.0,3.0,2.0,25.0,347,co,4,5,1,0,0,0,1,0
2016-04-17,141.75,94.09559512652297,3.0,2.0,8.0,20.0,318,co,4,6,1,0,0,0,1,0
2016-04-18,390.0,94.13308341143392,14.0,9.0,49.0,45.0,508,pm2.5,4,0,0,0,0,0,1,0
2016-04-19,160.0,94.1518275538894,6.0,28.0,6.0,29.0,371,co,4,1,0,0,0,0,1,0
2016-04-20,155.0,94.1705716963449,7.0,21.0,1.0,18.0,327,pm2.5,4,2,0,0,0,0,1,0
2016-04-21,354.0,94.18931583880038,9.0,29.0,2.0,28.0,480,pm2.5,4,3,0,0,0,0,1,0
2016-04-22,187.0,94.20805998125586,9.0,21.0,1.0,28.0,365,co,4,4,0,0,0,0,1,0
2016-04-23,178.0,94.22680412371132,11.0,22.0,2.0,15.0,345,pm2.5,4,5,1,0,0,0,1,0
2016-04-24,166.0,94.24554826616682,7.0,22.0,1.0,18.0,335,pm2.5,4,6,1,0,0,0,1,0
2016-04-25,190.0,94.26429240862232,8.0,33.0,2.0,37.0,409,co,4,0,0,0,0,0,1,0
2016-04-26,212.0,94.2830365510778,11.0,31.0,2.0,44.0,429,co,4,1,0,0,0,0,1,0
2016-04-27,281.0,94.30178069353326,8.0,32.0,3.0,50.0,447,co,4,2,0,0,0,0,1,0
2016-04-28,276.0,94.32052483598876,10.0,29.0,2.0,32.0,420,pm2.5,4,3,0,0,0,0,1,0
2016-04-29,354.0,94.33926897844424,12.0,28.0,2.0,33.0,480,pm2.5,4,4,0,0,0,0,1,0
2016-04-30,205.0,94.35801312089971,13.0,27.0,4.0,38.0,412,co,4,5,1,0,0,0,1,0
2016-05-01,180.0,93.32708528584816,12.0,29.0,3.0,44.0,429,co,5,6,1,0,0,0,1,0
2016-05-02,258.0,93.34582942830366,8.0,18.0,1.0,15.0,406,pm2.5,5,0,0,0,0,0,1,0
2016-05-03,367.0,93.36457357075912,14.0,19.0,2.0,16.0,490,pm2.5,5,1,0,0,0,0,1,0
2016-05-04,157.0,93.3833177132146,10.0,17.0,3.0,13.0,328,pm2.5,5,2,0,0,0,0,1,0
2016-05-05,488.0,93.4020618556701,7.0,19.0,11.0,17.0,583,pm2.5,5,3,0,0,0,0,1,0
2016-05-06,209.0,93.4208059981256,11.0,23.0,9.0,21.0,368,pm2.5,5,4,0,0,0,0,1,0
2016-05-07,237.0,93.43955014058108,15.0,23.0,2.0,22.0,390,pm2.5,5,5,1,0,0,0,1,0
2016-05-08,328.0,93.45829428303657,10.0,17.0,1.0,12.0,460,pm2.5,5,6,1,0,0,0,1,0
2016-05-09,326.0,93.47703842549204,9.0,18.0,18.0,21.0,458,pm2.5,5,0,0,0,0,0,1,0
2016-05-10,235.0,93.49578256794751,12.0,17.0,2.0,16.0,388,pm2.5,5,1,0,0,0,0,1,0
2016-05-11,211.0,93.514526710403,10.0,18.0,1.0,19.0,370,pm2.5,5,2,0,0,0,0,1,0
2016-05-12,165.0,93.53327085285848,12.0,22.0,1.0,32.0,388,co,5,3,0,0,0,0,1,0
2016-05-13,283.0,93.55201499531395,14.0,23.0,2.0,31.0,425,pm2.5,5,4,0,0,0,0,1,0
2016-05-14,350.0,93.57075913776944,16.0,21.0,2.0,27.0,477,pm2.5,5,5,1,0,0,0,1,0
2016-05-15,451.0,93.58950328022492,14.0,20.0,5.0,27.0,555,pm2.5,5,6,1,0,0,0,1,0
2016-05-16,295.0,93.6082474226804,16.0,26.0,4.0,18.0,435,pm2.5,5,0,0,0,0,0,1,0
2016-05-17,565.0,93.6269915651359,12.0,24.0,2.0,35.0,642,pm2.5,5,1,0,0,0,0,1,0
2016-05-18,542.0,93.64573570759136,9.5,24.5,1.5,36.0,625,pm2.5,5,2,0,0,0,0,1,0
2016-05-24,388.5,93.66447985004686,7.0,25.0,1.0,37.0,507,pm2.5,5,1,0,0,0,0,1,0
2016-05-25,235.0,93.68322399250236,10.0,19.0,1.0,18.0,388,pm2.5,5,2,0,0,0,0,1,0
2016-05-26,143.0,93.70196813495782,8.0,26.0,1.0,36.0,406,co,5,3,0,0,0,0,1,0
2016-05-27,382.0,93.7207122774133,13.0,18.0,1.0,20.0,502,pm2.5,5,4,0,0,0,0,1,0
2016-05-28,675.0,93.7394564198688,12.0,15.0,1.6666666666666663,14.0,727,pm2.5,5,5,1,0,0,0,1,0
2016-05-29,221.0,93.75820056232428,15.0,16.0,2.333333333333333,13.0,378,pm2.5,5,6,1,0,0,0,1,0
2016-05-30,146.0,93.77694470477977,13.0,22.0,3.0,22.0,329,co,5,0,0,0,0,0,1,0
2016-05-31,404.0,93.79568884723524,11.0,24.0,2.0,30.0,518,pm2.5,5,1,0,0,0,0,1,0
2016-06-01,164.0,92.7647610121837,16.0,21.0,1.0,22.0,334,pm2.5,6,2,0,0,1,0,0,0
2016-06-02,168.0,92.78350515463916,17.0,17.0,1.0,12.0,337,pm2.5,6,3,0,0,1,0,0,0
2016-06-03,202.0,92.80224929709463,14.0,13.0,1.0,11.0,363,pm2.5,6,4,0,0,1,0,0,0
2016-06-04,175.0,92.82099343955014,22.0,15.0,1.0,15.0,342,pm2.5,6,5,1,0,1,0,0,0
2016-06-05,245.0,92.83973758200564,17.0,12.0,1.0,10.0,396,pm2.5,6,6,1,0,1,0,0,0
2016-06-06,190.0,92.8584817244611,18.0,10.0,1.0,8.0,354,pm2.5,6,0,0,0,1,0,0,0
2016-06-07,133.0,92.8772258669166,21.0,12.0,1.0,11.0,310,pm2.5,6,1,0,0,1,0,0,0
2016-06-08,131.0,92.89597000937206,28.0,13.0,1.0,10.0,308,pm2.5,6,2,0,0,1,0,0,0
2016-06-09,130.0,92.91471415182755,26.0,17.0,1.0,13.0,308,pm2.5,6,3,0,0,1,0,0,0
2016-06-10,150.0,92.93345829428304,21.0,17.0,1.0,16.0,323,pm2.5,6,4,0,0,1,0,0,0
2016-06-11,157.0,92.95220243673852,16.0,12.0,1.0,12.0,328,pm2.5,6,5,1,0,1,0,0,0
2016-06-12,139.0,92.970946579194,15.0,15.0,1.0,18.0,315,pm2.5,6,6,1,0,1,0,0,0
2016-06-13,218.0,92.98969072164948,13.0,15.0,1.0,15.0,375,pm2.5,6,0,0,0,1,0,0,0
2016-06-14,140.0,93.00843486410496,11.0,15.0,1.0,14.0,315,pm2.5,6,1,0,0,1,0,0,0
2016-06-15,147.0,93.02717900656044,10.0,14.0,1.0,13.0,321,pm2.5,6,2,0,0,1,0,0,0
2016-06-16,272.0,93.04592314901592,13.0,11.0,1.0,10.0,417,pm2.5,6,3,0,0,1,0,0,0
2016-06-17,196.0,93.0646672914714,8.0,9.0,1.0,19.0,358,pm2.5,6,4,0,0,1,0,0,0
2016-06-18,239.0,93.0834114339269,11.0,13.0,1.0,19.0,392,pm2.5,6,5,1,0,1,0,0,0
2016-06-19,232.0,93.1021555763824,8.0,14.0,1.0,20.0,386,pm2.5,6,6,1,0,1,0,0,0
2016-06-20,233.0,93.12089971883786,11.0,15.0,1.1666666666666667,17.0,387,pm2.5,6,0,0,0,1,0,0,0
2016-06-21,262.0,93.13964386129334,2.0,11.0,1.3333333333333333,14.0,409,pm2.5,6,1,0,0,1,0,0,0
2016-06-22,116.0,93.15838800374884,5.0,18.0,1.5,21.0,324,co,6,2,0,0,1,0,0,0
2016-06-23,91.0,93.17713214620431,8.0,15.0,1.6666666666666663,15.0,271,co,6,3,0,0,1,0,0,0
2016-06-24,106.0,93.1958762886598,16.0,12.0,1.8333333333333333,13.0,253,pm2.5,6,4,0,0,1,0,0,0
2016-06-25,108.0,93.21462043111526,18.0,11.0,2.0,12.0,260,pm2.5,6,5,1,0,1,0,0,0
2016-06-26,143.0,93.23336457357075,14.0,13.0,2.1666666666666665,19.0,318,pm2.5,6,6,1,0,1,0,0,0
2016-06-27,180.0,93.25210871602624,11.0,12.0,2.333333333333333,21.0,346,pm2.5,6,0,0,0,1,0,0,0
2016-06-28,311.0,93.27085285848172,10.0,11.0,2.5,17.0,447,pm2.5,6,1,0,0,1,0,0,0
2016-06-29,216.0,93.2895970009372,12.0,12.0,2.6666666666666665,20.0,374,pm2.5,6,2,0,0,1,0,0,0
2016-06-30,158.0,93.30834114339268,15.0,12.0,2.833333333333333,12.0,329,pm2.5,6,3,0,0,1,0,0,0
2016-07-01,106.0,92.18369259606374,10.0,12.0,6.666666666666667,14.0,257,co,7,4,0,0,1,0,0,0
2016-07-02,87.0,92.2024367385192,13.0,9.0,6.333333333333333,12.0,229,co,7,5,1,0,1,0,0,0
2016-07-03,90.0,92.22118088097469,11.0,9.0,6.0,13.0,243,co,7,6,1,0,1,0,0,0
2016-07-04,112.0,92.23992502343016,21.0,9.0,5.666666666666667,10.0,273,pm2.5,7,0,0,0,1,0,0,0
2016-07-05,172.0,92.25866916588566,17.0,8.0,5.333333333333334,10.0,340,pm2.5,7,1,0,0,1,0,0,0
2016-07-06,76.0,92.27741330834114,7.0,8.0,5.0,12.0,229,co,7,2,0,0,1,0,0,0
2016-07-07,78.0,92.2961574507966,4.0,9.0,4.666666666666667,14.0,257,co,7,3,0,0,1,0,0,0
2016-07-08,101.0,92.3149015932521,7.0,9.0,4.333333333333334,13.0,243,co,7,4,0,0,1,0,0,0
2016-07-09,102.0,92.3336457357076,7.0,9.0,4.0,12.0,240,pm2.5,7,5,1,0,1,0,0,0
2016-07-10,93.0,92.35238987816308,7.0,9.0,3.666666666666667,12.0,229,co,7,6,1,0,1,0,0,0
2016-07-11,116.0,92.37113402061856,6.0,9.0,3.333333333333333,10.0,287,pm2.5,7,0,0,0,1,0,0,0
2016-07-12,129.0,92.38987816307404,7.0,9.0,3.0,8.0,307,pm2.5,7,1,0,0,1,0,0,0
2016-07-13,98.0,92.40862230552952,5.0,8.0,2.666666666666667,8.0,227,pm2.5,7,2,0,0,1,0,0,0
2016-07-14,108.0,92.427366447985,5.0,9.0,2.333333333333334,10.0,260,pm2.5,7,3,0,0,1,0,0,0
2016-07-15,107.0,92.44611059044048,8.0,10.0,2.0,9.0,257,pm2.5,7,4,0,0,1,0,0,0
2016-07-16,116.0,92.46485473289596,6.0,7.0,1.666666666666667,8.0,287,pm2.5,7,5,1,0,1,0,0,0
2016-07-17,66.0,92.48359887535145,6.0,12.0,1.333333333333334,11.0,214,co,7,6,1,0,1,0,0,0
2016-07-18,103.0,92.50234301780694,16.0,12.0,1.0,20.0,318,co,7,0,0,0,1,0,0,0
2016-07-19,249.0,92.52108716026244,5.0,15.0,1.0,13.0,399,pm2.5,7,1,0,0,1,0,0,0
2016-07-20,150.0,92.5398313027179,5.0,17.0,1.0,10.0,323,pm2.5,7,2,0,0,1,0,0,0
2016-07-21,184.0,92.55857544517336,7.0,14.0,1.0,11.0,349,pm2.5,7,3,0,0,1,0,0,0
2016-07-22,184.0,92.57731958762886,5.0,6.0,1.0,8.0,349,pm2.5,7,4,0,0,1,0,0,0
2016-07-23,127.0,92.59606373008435,4.0,9.0,1.0,14.0,305,pm2.5,7,5,1,0,1,0,0,0
2016-07-24,121.0,92.61480787253984,3.0,19.0,1.0,10.0,301,pm2.5,7,6,1,0,1,0,0,0
2016-07-25,155.0,92.6335520149953,2.0,12.0,1.0,7.0,327,pm2.5,7,0,0,0,1,0,0,0
2016-07-26,138.0,92.6522961574508,3.0,9.0,1.0,6.0,314,pm2.5,7,1,0,0,1,0,0,0
2016-07-27,127.0,92.67104029990628,3.0,15.0,1.0,24.0,341,co,7,2,0,0,1,0,0,0
2016-07-28,101.0,92.68978444236176,6.0,16.0,1.0,16.0,286,co,7,3,0,0,1,0,0,0
2016-07-29,101.0,92.70852858481724,6.0,16.0,1.0,11.0,237,pm2.5,7,4,0,0,1,0,0,0
2016-07-30,124.0,92.72727272727272,4.0,16.0,1.0,11.0,303,pm2.5,7,5,1,0,1,0,0,0
2016-07-31,100.0,92.7460168697282,40.0,18.0,1.0,20.0,318,co,7,6,1,0,1,0,0,0
2016-08-01,108.0,91.60262417994376,5.0,19.0,1.5714285714285714,9.0,260,pm2.5,8,0,0,0,1,0,0,0
2016-08-02,114.0,91.62136832239923,4.0,18.0,2.142857142857143,10.0,280,pm2.5,8,1,0,0,1,0,0,0
2016-08-03,139.0,91.64011246485472,5.0,18.0,2.7142857142857144,8.0,315,pm2.5,8,2,0,0,1,0,0,0
2016-08-04,137.0,91.6588566073102,4.0,21.0,3.2857142857142856,9.0,313,pm2.5,8,3,0,0,1,0,0,0
2016-08-05,128.0,91.6776007497657,4.0,19.0,3.8571428571428568,7.0,306,pm2.5,8,4,0,0,1,0,0,0
2016-08-06,111.0,91.69634489222118,4.0,17.0,4.428571428571429,6.0,270,pm2.5,8,5,1,0,1,0,0,0
2016-08-07,102.0,91.71508903467668,31.0,14.0,5.0,17.0,300,co,8,6,1,0,1,0,0,0
2016-08-08,107.0,91.73383317713214,6.0,17.0,3.0,12.0,257,pm2.5,8,0,0,0,1,0,0,0
2016-08-09,120.0,91.75257731958764,27.0,19.0,3.333333333333333,12.0,300,pm2.5,8,1,0,0,1,0,0,0
2016-08-10,125.0,91.7713214620431,4.0,18.0,3.6666666666666665,13.0,304,pm2.5,8,2,0,0,1,0,0,0
2016-08-11,114.0,91.7900656044986,29.0,20.0,4.0,16.0,286,co,8,3,0,0,1,0,0,0
2016-08-12,139.0,91.80880974695408,7.0,21.0,1.0,12.0,315,pm2.5,8,4,0,0,1,0,0,0
2016-08-13,146.0,91.82755388940956,5.0,18.0,1.0,12.0,320,pm2.5,8,5,1,0,1,0,0,0
2016-08-14,107.0,91.84629803186505,4.0,16.0,1.0,11.0,257,pm2.5,8,6,1,0,1,0,0,0
2016-08-15,144.0,91.86504217432052,36.0,21.0,13.0,35.0,403,co,8,0,0,0,1,0,0,0
2016-08-16,147.0,91.883786316776,7.0,17.0,8.0,30.0,376,co,8,1,0,0,1,0,0,0
2016-08-17,113.0,91.90253045923149,5.0,17.0,8.0,12.0,277,pm2.5,8,2,0,0,1,0,0,0
2016-08-18,114.0,91.92127460168696,9.0,17.0,8.0,26.0,353,co,8,3,0,0,1,0,0,0
2016-08-19,133.0,91.94001874414244,5.0,17.0,7.0,23.0,335,co,8,4,0,0,1,0,0,0
2016-08-20,116.0,91.95876288659794,7.0,16.0,8.0,11.0,287,pm2.5,8,5,1,0,1,0,0,0
2016-08-21,114.0,91.9775070290534,5.0,18.0,9.0,26.0,353,co,8,6,1,0,1,0,0,0
2016-08-22,146.0,91.9962511715089,8.0,17.0,3.0,10.0,320,pm2.5,8,0,0,0,1,0,0,0
2016-08-23,149.0,92.0149953139644,4.0,19.0,4.0,14.0,322,pm2.5,8,1,0,0,1,0,0,0
2016-08-24,117.0,92.03373945641988,9.0,23.0,7.0,32.0,388,co,8,2,0,0,1,0,0,0
2016-08-25,193.0,92.05248359887534,20.0,21.0,6.0,21.0,356,pm2.5,8,3,0,0,1,0,0,0
2016-08-26,144.0,92.07122774133084,6.0,19.0,2.0,12.0,318,pm2.5,8,4,0,0,1,0,0,0
2016-08-27,177.0,92.08997188378632,5.0,21.0,1.0,13.0,344,pm2.5,8,5,1,0,1,0,0,0
2016-08-28,165.0,92.1087160262418,27.0,20.0,9.0,31.0,382,co,8,6,1,0,1,0,0,0
2016-08-29,171.0,92.12746016869728,5.0,21.0,10.0,28.0,365,co,8,0,0,0,1,0,0,0
2016-08-30,157.0,92.14620431115276,7.0,15.0,8.0,27.0,359,co,8,1,0,0,1,0,0,0
2016-08-31,107.0,92.16494845360825,23.0,12.0,7.0,27.0,359,co,8,2,0,0,1,0,0,0
2016-09-01,123.0,91.04029990627927,31.0,21.0,4.0,19.0,312,co,9,3,0,0,1,0,0,0
2016-09-02,144.0,91.05904404873476,9.0,21.0,4.0,15.0,318,pm2.5,9,4,0,0,1,0,0,0
2016-09-03,149.0,91.07778819119024,6.0,22.0,1.0,17.0,322,pm2.5,9,5,1,0,1,0,0,0
2016-09-04,158.0,91.09653233364574,6.0,22.0,3.0,17.0,329,pm2.5,9,6,1,0,1,0,0,0
2016-09-05,157.0,91.11527647610122,7.0,21.0,7.0,26.0,353,co,9,0,0,0,1,0,0,0
2016-09-06,157.0,91.1340206185567,8.0,22.0,2.0,16.0,328,pm2.5,9,1,0,0,1,0,0,0
2016-09-07,154.0,91.15276476101218,6.0,23.0,1.0,16.0,326,pm2.5,9,2,0,0,1,0,0,0
2016-09-08,171.0,91.17150890346768,6.0,27.0,1.0,18.0,339,pm2.5,9,3,0,0,1,0,0,0
2016-09-09,182.0,91.19025304592314,27.0,23.0,1.0,15.0,348,pm2.5,9,4,0,0,1,0,0,0
2016-09-10,157.0,91.20899718837865,6.0,22.0,1.0,15.0,328,pm2.5,9,5,1,0,1,0,0,0
2016-09-11,154.0,91.2277413308341,6.0,25.0,7.0,30.0,376,co,9,6,1,0,1,0,0,0
2016-09-12,160.0,91.2464854732896,4.0,19.0,5.0,10.0,331,pm2.5,9,0,0,0,1,0,0,0
2016-09-13,110.0,91.26522961574508,2.0,19.0,3.0,11.0,267,pm2.5,9,1,0,0,1,0,0,0
2016-09-14,117.0,91.28397375820056,2.0,21.0,1.0,15.0,290,pm2.5,9,2,0,0,1,0,0,0
2016-09-15,136.0,91.30271790065603,3.0,22.0,2.0,16.0,312,pm2.5,9,3,0,0,1,0,0,0
2016-09-16,146.0,91.32146204311152,23.0,21.0,9.0,28.0,365,co,9,4,0,0,1,0,0,0
2016-09-17,144.0,91.340206185567,3.0,18.0,5.0,15.0,318,pm2.5,9,5,1,0,1,0,0,0
2016-09-18,143.0,91.35895032802247,2.0,13.0,1.0,11.0,318,pm2.5,9,6,1,0,1,0,0,0
2016-09-19,140.0,91.37769447047798,5.0,16.0,1.0,24.0,341,co,9,0,0,0,1,0,0,0
2016-09-20,148.0,91.39643861293344,11.0,12.0,3.0,11.0,322,pm2.5,9,1,0,0,1,0,0,0
2016-09-21,151.0,91.41518275538894,15.0,15.0,3.0,10.0,324,pm2.5,9,2,0,0,1,0,0,0
2016-09-22,125.0,91.43392689784444,2.0,11.0,1.0,11.0,304,pm2.5,9,3,0,0,1,0,0,0
2016-09-23,146.0,91.4526710402999,11.0,11.0,7.0,9.0,320,pm2.5,9,4,0,0,1,0,0,0
2016-09-24,96.0,91.47141518275538,4.0,16.0,7.5,10.0,220,pm2.5,9,5,1,0,1,0,0,0
2016-09-25,123.0,91.49015932521088,3.0,15.0,8.0,20.0,318,co,9,6,1,0,1,0,0,0
2016-09-26,109.0,91.50890346766636,9.0,18.0,4.5,14.0,263,pm2.5,9,0,0,0,1,0,0,0
2016-09-27,131.0,91.52764761012185,6.0,20.0,1.0,14.0,308,pm2.5,9,1,0,0,1,0,0,0
2016-09-28,236.0,91.54639175257732,9.0,17.0,2.0,12.0,389,pm2.5,9,2,0,0,1,0,0,0
2016-09-29,129.0,91.5651358950328,7.0,17.0,5.0,27.0,359,co,9,3,0,0,1,0,0,0
2016-09-30,142.0,91.58388003748829,4.0,19.0,1.0,13.0,317,pm2.5,9,4,0,0,1,0,0,0
2016-10-01,150.0,90.45923149015933,4.0,17.0,1.0,11.0,323,pm2.5,10,5,1,1,0,0,0,0
2016-10-02,150.0,90.4779756326148,7.0,18.0,8.0,29.0,371,co,10,6,1,1,0,0,0,0
2016-10-03,150.0,90.49671977507028,12.0,22.0,9.0,28.0,365,co,10,0,0,1,0,0,0,0
2016-10-04,158.0,90.51546391752578,12.0,19.0,6.0,27.0,359,co,10,1,0,1,0,0,0,0
2016-10-05,191.0,90.53420805998124,8.0,15.0,4.5,12.0,355,pm2.5,10,2,0,1,0,0,0,0
2016-10-06,75.0,90.55295220243671,8.0,18.0,3.0,17.0,300,co,10,3,0,1,0,0,0,0
2016-10-07,100.75,90.57169634489222,25.0,21.0,5.0,16.0,286,co,10,4,0,1,0,0,0,0
2016-10-08,126.5,90.5904404873477,12.0,18.0,4.0,16.0,305,pm2.5,10,5,1,1,0,0,0,0
2016-10-09,152.25,90.60918462980318,29.0,18.0,3.0,18.0,325,pm2.5,10,6,1,1,0,0,0,0
2016-10-10,178.0,90.62792877225868,31.0,20.0,4.0,23.0,345,pm2.5,10,0,0,1,0,0,0,0
2016-10-11,170.0,90.64667291471416,11.0,24.0,4.0,27.0,359,co,10,1,0,1,0,0,0,0
2016-10-12,176.0,90.66541705716963,9.0,24.0,9.0,33.0,394,co,10,2,0,1,0,0,0,0
2016-10-13,169.0,90.68416119962512,28.0,28.0,6.0,27.0,359,co,10,3,0,1,0,0,0,0
2016-10-14,177.0,90.7029053420806,10.0,31.0,6.0,35.0,403,co,10,4,0,1,0,0,0,0
2016-10-15,222.0,90.72164948453609,9.0,30.0,3.0,40.0,418,co,10,5,1,1,0,0,0,0
2016-10-16,259.0,90.74039362699156,26.0,29.0,6.0,26.0,407,pm2.5,10,6,1,1,0,0,0,0
2016-10-17,196.0,90.75913776944704,27.0,26.0,3.0,19.0,358,pm2.5,10,0,0,1,0,0,0,0
2016-10-18,195.0,90.77788191190253,26.0,25.0,3.5,21.0,358,pm2.5,10,1,0,1,0,0,0,0
2016-10-19,209.0,90.796626054358,27.0,28.0,4.0,27.0,368,pm2.5,10,2,0,1,0,0,0,0
2016-10-20,241.0,90.81537019681348,25.0,27.0,5.0,26.0,393,pm2.5,10,3,0,1,0,0,0,0
2016-10-21,262.0,90.83411433926898,25.0,22.0,3.0,19.0,409,pm2.5,10,4,0,1,0,0,0,0
2016-10-22,164.0,90.85285848172448,11.0,26.0,3.0,24.0,341,co,10,5,1,1,0,0,0,0
2016-10-23,219.0,90.87160262417994,9.0,27.0,4.0,27.0,376,pm2.5,10,6,1,1,0,0,0,0
2016-10-24,268.0,90.89034676663542,31.0,22.0,5.0,26.0,414,pm2.5,10,0,0,1,0,0,0,0
2016-10-25,297.0,90.9090909090909,35.0,21.0,2.0,24.0,436,pm2.5,10,1,0,1,0,0,0,0
2016-10-26,321.0,90.9278350515464,28.0,25.0,1.0,30.0,455,pm2.5,10,2,0,1,0,0,0,0
2016-10-27,387.0,90.94657919400188,27.0,28.0,5.0,43.0,505,pm2.5,10,3,0,1,0,0,0,0
2016-10-28,388.0,90.96532333645736,28.0,41.0,8.0,55.0,506,pm2.5,10,4,0,1,0,0,0,0
2016-10-29,437.0,90.98406747891283,26.0,33.0,3.0,36.0,544,pm2.5,10,5,1,1,0,0,0,0
2016-10-30,448.0,91.00281162136832,26.0,24.0,10.0,24.0,552,pm2.5,10,6,1,1,0,0,0,0
2016-10-31,428.0,91.0215557638238,9.0,24.0,3.0,26.0,537,pm2.5,10,0,0,1,0,0,0,0
2016-11-01,296.0,89.89690721649484,11.0,20.0,4.0,21.0,435,pm2.5,11,1,0,1,0,0,0,0
2016-11-02,217.0,89.91565135895033,28.0,25.0,4.0,26.0,375,pm2.5,11,2,0,1,0,0,0,0
2016-11-03,190.0,89.93439550140582,24.0,25.0,3.0,23.0,354,pm2.5,11,3,0,1,0,0,0,0
2016-11-04,202.0,89.95313964386129,8.0,22.0,8.0,35.0,403,co,11,4,0,1,0,0,0,0
2016-11-05,206.0,89.97188378631677,31.0,25.0,2.0,34.0,400,co,11,5,1,1,0,0,0,0
2016-11-06,405.0,89.99062792877226,10.0,27.0,8.0,41.0,519,pm2.5,11,6,1,1,0,0,0,0
2016-11-07,336.0,90.00937207122774,27.0,27.0,8.0,38.0,466,pm2.5,11,0,0,1,0,0,0,0
2016-11-08,352.0,90.02811621368322,27.0,28.0,3.0,28.0,478,pm2.5,11,1,0,1,0,0,0,0
2016-11-09,302.0,90.04686035613871,13.0,28.0,7.0,48.0,441,co,11,2,0,1,0,0,0,0
2016-11-10,440.0,90.06560449859418,9.0,30.0,6.0,61.0,546,pm2.5,11,3,0,1,0,0,0,0
2016-11-11,408.0,90.08434864104969,13.0,31.0,9.0,60.0,522,pm2.5,11,4,0,1,0,0,0,0
2016-11-12,364.0,90.10309278350516,4.0,24.0,3.0,42.0,488,pm2.5,11,5,1,1,0,0,0,0
2016-11-13,324.0,90.12183692596064,8.0,22.0,6.0,38.0,457,pm2.5,11,6,1,1,0,0,0,0
2016-11-14,263.0,90.14058106841613,25.0,25.0,9.0,49.0,444,co,11,0,0,1,0,0,0,0
2016-11-15,258.0,90.1593252108716,7.0,27.0,4.0,24.0,406,pm2.5,11,1,0,1,0,0,0,0
2016-11-16,226.0,90.17806935332707,8.0,23.0,8.0,32.0,388,co,11,2,0,1,0,0,0,0
2016-11-17,298.0,90.19681349578256,9.0,20.0,3.0,23.0,437,pm2.5,11,3,0,1,0,0,0,0
2016-11-18,286.0,90.21555763823804,10.0,30.0,5.0,35.0,428,pm2.5,11,4,0,1,0,0,0,0
2016-11-19,334.0,90.23430178069351,4.0,35.0,2.0,46.0,465,pm2.5,11,5,1,1,0,0,0,0
2016-11-20,361.0,90.25304592314902,3.0,23.0,2.0,41.0,485,pm2.5,11,6,1,1,0,0,0,0
2016-11-21,254.0,90.27179006560448,7.0,25.0,5.0,24.0,403,pm2.5,11,0,0,1,0,0,0,0
2016-11-22,337.0,90.29053420805998,26.0,30.0,4.0,20.0,467,pm2.5,11,1,0,1,0,0,0,0
2016-11-23,361.0,90.30927835051546,9.0,31.0,3.0,22.0,485,pm2.5,11,2,0,1,0,0,0,0
2016-11-24,408.0,90.32802249297094,16.0,26.0,5.0,13.0,522,pm2.5,11,3,0,1,0,0,0,0
2016-11-25,407.0,90.34676663542643,9.0,31.0,1.0,17.0,521,pm2.5,11,4,0,1,0,0,0,0
2016-11-26,358.0,90.36551077788192,7.0,28.0,1.0,19.0,483,pm2.5,11,5,1,1,0,0,0,0
2016-11-27,257.0,90.3842549203374,8.0,28.0,3.0,16.0,405,pm2.5,11,6,1,1,0,0,0,0
2016-11-28,188.0,90.40299906279289,10.0,35.0,1.0,23.0,352,pm2.5,11,0,0,1,0,0,0,0
2016-11-29,274.0,90.42174320524836,25.0,32.0,2.0,28.0,418,pm2.5,11,1,0,1,0,0,0,0
2016-11-30,335.0,90.44048734770384,23.0,27.0,3.0,27.0,465,pm2.5,11,2,0,1,0,0,0,0
2016-12-01,377.0,89.31583880037488,3.0,24.0,3.0,26.0,498,pm2.5,12,3,0,0,0,0,0,1
2016-12-02,306.0,89.33458294283037,22.0,24.0,2.0,25.0,443,pm2.5,12,4,0,0,0,0,0,1
2016-12-03,306.0,89.35332708528585,24.0,26.0,2.0,21.0,443,pm2.5,12,5,1,0,0,0,0,1
2016-12-04,398.0,89.37207122774133,25.0,30.0,3.0,38.0,514,pm2.5,12,6,1,0,0,0,0,1
2016-12-05,418.0,89.3908153701968,23.0,20.0,2.0,21.0,529,pm2.5,12,0,0,0,0,0,0,1
2016-12-06,405.0,89.4095595126523,23.0,24.0,2.0,19.0,519,pm2.5,12,1,0,0,0,0,0,1
2016-12-07,411.0,89.42830365510778,21.0,23.0,5.0,18.0,524,pm2.5,12,2,0,0,0,0,0,1
2016-12-08,411.0,89.44704779756326,23.0,23.0,2.0,18.0,524,pm2.5,12,3,0,0,0,0,0,1
2016-12-09,308.0,89.46579194001875,22.0,25.0,2.0,25.0,445,pm2.5,12,4,0,0,0,0,0,1
2016-12-10,274.0,89.48453608247422,24.0,28.0,1.0,46.0,435,co,12,5,1,0,0,0,0,1
2016-12-11,306.0,89.50328022492971,30.0,28.0,1.0,40.0,443,pm2.5,12,6,1,0,0,0,0,1
2016-12-12,352.0,89.52202436738519,24.0,30.0,3.0,41.0,478,pm2.5,12,0,0,0,0,0,0,1
2016-12-13,297.0,89.54076850984067,25.0,34.0,4.0,39.0,436,pm2.5,12,1,0,0,0,0,0,1
2016-12-14,315.0,89.55951265229615,26.0,29.0,5.0,34.0,450,pm2.5,12,2,0,0,0,0,0,1
2016-12-15,235.0,89.57825679475164,5.0,31.0,3.0,22.0,388,pm2.5,12,3,0,0,0,0,0,1
2016-12-16,284.0,89.59700093720713,5.0,34.0,1.0,22.0,426,pm2.5,12,4,0,0,0,0,0,1
2016-12-17,294.0,89.6157450796626,6.0,35.0,1.0,24.0,434,pm2.5,12,5,1,0,0,0,0,1
2016-12-18,318.0,89.63448922211809,8.0,32.0,1.0,18.0,452,pm2.5,12,6,1,0,0,0,0,1
2016-12-19,273.0,89.65323336457357,7.0,27.0,1.0,18.0,418,pm2.5,12,0,0,0,0,0,0,1
2016-12-20,217.0,89.67197750702906,7.0,25.0,1.0,12.0,375,pm2.5,12,1,0,0,0,0,0,1
2016-12-21,186.0,89.69072164948453,7.0,37.0,1.0,21.0,351,pm2.5,12,2,0,0,0,0,0,1
2016-12-22,267.0,89.70946579194002,5.0,37.0,1.0,40.0,418,co,12,3,0,0,0,0,0,1
2016-12-23,373.0,89.7282099343955,5.0,39.0,2.0,69.0,503,co,12,4,0,0,0,0,0,1
2016-12-24,490.0,89.74695407685098,7.0,33.0,1.0,36.0,585,pm2.5,12,5,1,0,0,0,0,1
2016-12-25,359.0,89.76569821930647,6.0,24.0,1.0,17.0,484,pm2.5,12,6,1,0,0,0,0,1
2016-12-26,307.0,89.78444236176195,6.0,36.0,1.0,25.0,444,pm2.5,12,0,0,0,0,0,0,1
2016-12-27,290.0,89.80318650421742,6.0,36.0,1.0,23.0,431,pm2.5,12,1,0,0,0,0,0,1
2016-12-28,315.0,89.82193064667291,3.0,26.0,1.6,15.0,450,pm2.5,12,2,0,0,0,0,0,1
2016-12-29,291.0,89.8406747891284,6.0,25.0,2.2,16.0,432,pm2.5,12,3,0,0,0,0,0,1
2016-12-30,338.0,89.85941893158387,5.0,26.0,2.8,19.0,468,pm2.5,12,4,0,0,0,0,0,1
2016-12-31,270.0,89.87816307403936,6.0,20.0,3.4,13.0,415,pm2.5,12,5,1,0,0,0,0,1
2017-01-01,217.0,88.73477038425492,5.0,22.0,1.0,15.0,375,pm2.5,1,6,1,0,0,0,0,1
2017-01-02,243.0,88.7535145267104,5.0,25.0,1.0,19.0,395,pm2.5,1,0,0,0,0,0,0,1
2017-01-03,393.0,88.77225866916588,4.0,20.0,1.0,24.0,510,pm2.5,1,1,0,0,0,0,0,1
2017-01-04,395.0,88.79100281162137,7.0,28.0,2.0,53.0,512,pm2.5,1,2,0,0,0,0,0,1
2017-01-05,450.0,88.80974695407684,6.0,23.0,1.0,25.0,554,pm2.5,1,3,0,0,0,0,0,1
2017-01-06,487.0,88.82849109653233,5.0,21.0,1.0,14.0,582,pm2.5,1,4,0,0,0,0,0,1
2017-01-07,412.0,88.84723523898782,4.0,19.0,1.0,17.0,525,pm2.5,1,5,1,0,0,0,0,1
2017-01-08,412.0,88.8659793814433,5.0,22.0,1.0,21.0,525,pm2.5,1,6,1,0,0,0,0,1
2017-01-09,411.0,88.88472352389878,5.0,22.0,1.0,11.0,524,pm2.5,1,0,0,0,0,0,0,1
2017-01-10,386.0,88.90346766635426,5.0,27.0,1.0,15.0,505,pm2.5,1,1,0,0,0,0,0,1
2017-01-11,329.0,88.92221180880975,5.0,35.0,2.0,19.0,461,pm2.5,1,2,0,0,0,0,0,1
2017-01-12,271.0,88.94095595126522,4.0,38.0,3.0,27.0,416,pm2.5,1,3,0,0,0,0,0,1
2017-01-13,335.0,88.95970009372071,5.0,42.0,4.0,35.0,465,pm2.5,1,4,0,0,0,0,0,1
2017-01-14,378.0,88.97844423617619,5.0,38.0,3.0,46.0,498,pm2.5,1,5,1,0,0,0,0,1
2017-01-15,403.0,88.99718837863168,6.0,40.0,3.0,65.0,518,pm2.5,1,6,1,0,0,0,0,1
2017-01-16,478.0,89.01593252108717,5.0,30.0,1.0,25.0,575,pm2.5,1,0,0,0,0,0,0,1
2017-01-17,327.0,89.03467666354264,4.0,29.0,1.0,17.0,459,pm2.5,1,1,0,0,0,0,0,1
2017-01-18,258.0,89.05342080599812,3.0,29.0,1.0,13.0,406,pm2.5,1,2,0,0,0,0,0,1
2017-01-19,335.0,89.0721649484536,4.0,30.0,1.0,15.0,465,pm2.5,1,3,0,0,0,0,0,1
2017-01-20,225.0,89.0909090909091,4.0,31.0,1.0,18.0,381,pm2.5,1,4,0,0,0,0,0,1
2017-01-21,264.0,89.10965323336457,3.0,35.0,2.0,26.0,411,pm2.5,1,5,1,0,0,0,0,1
2017-01-22,277.0,89.12839737582006,4.0,32.0,1.0,21.0,421,pm2.5,1,6,1,0,0,0,0,1
2017-01-23,311.0,89.14714151827553,4.0,33.0,2.0,30.0,447,pm2.5,1,0,0,0,0,0,0,1
2017-01-24,272.0,89.16588566073102,6.0,39.0,3.0,48.0,441,co,1,1,0,0,0,0,0,1
2017-01-25,518.0,89.18462980318651,5.0,33.0,1.0,18.0,606,pm2.5,1,2,0,0,0,0,0,1
2017-01-26,688.0,89.20337394564199,5.0,25.0,1.0,9.0,737,pm2.5,1,3,0,0,0,0,0,1
2017-01-27,282.0,89.22211808809746,6.0,25.0,1.0,13.0,425,pm2.5,1,4,0,0,0,0,0,1
2017-01-28,174.0,89.24086223055295,3.0,26.0,1.0,16.0,342,pm2.5,1,5,1,0,0,0,0,1
2017-01-29,215.0,89.25960637300844,5.0,29.0,1.0,29.0,373,pm2.5,1,6,1,0,0,0,0,1
2017-01-30,305.0,89.27835051546391,6.0,25.0,2.0,28.0,442,pm2.5,1,0,0,0,0,0,0,1
2017-01-31,332.0,89.2970946579194,6.0,29.0,2.0,29.0,463,pm2.5,1,1,0,0,0,0,0,1
2017-02-01,340.0,88.34114339268979,5.0,34.0,1.0,27.0,469,pm2.5,2,2,0,0,0,1,0,0
2017-02-02,321.0,88.35988753514526,6.0,38.0,2.0,28.0,455,pm2.5,2,3,0,0,0,1,0,0
2017-02-03,305.0,88.37863167760075,6.0,42.0,3.0,41.0,442,pm2.5,2,4,0,0,0,1,0,0
2017-02-04,332.0,88.39737582005623,6.0,33.0,1.0,16.0,463,pm2.5,2,5,1,0,0,1,0,0
2017-02-05,310.0,88.41611996251171,6.0,27.0,1.0,13.0,446,pm2.5,2,6,1,0,0,1,0,0
2017-02-06,276.0,88.4348641049672,8.0,21.0,1.0,10.0,420,pm2.5,2,0,0,0,0,1,0,0
2017-02-07,179.0,88.45360824742268,9.0,32.0,1.0,20.0,345,pm2.5,2,1,0,0,0,1,0,0
2017-02-08,504.0,88.47235238987815,15.0,31.0,1.0,20.0,595,pm2.5,2,2,0,0,0,1,0,0
2017-02-09,251.0,88.49109653233364,21.0,35.0,1.0,15.0,401,pm2.5,2,3,0,0,0,1,0,0
2017-02-10,212.0,88.50984067478913,6.0,38.0,4.0,26.0,371,pm2.5,2,4,0,0,0,1,0,0
2017-02-11,238.0,88.5285848172446,7.0,42.0,1.0,22.0,391,pm2.5,2,5,1,0,0,1,0,0
2017-02-12,385.0,88.5473289597001,7.0,41.0,1.0,19.0,504,pm2.5,2,6,1,0,0,1,0,0
2017-02-13,196.0,88.56607310215557,5.0,44.0,1.0,20.0,358,pm2.5,2,0,0,0,0,1,0,0
2017-02-14,313.0,88.58481724461106,4.0,54.0,6.0,30.0,448,pm2.5,2,1,0,0,0,1,0,0
2017-02-15,385.0,88.60356138706653,4.0,46.0,4.0,28.0,504,pm2.5,2,2,0,0,0,1,0,0
2017-02-16,351.0,88.62230552952202,2.0,25.0,2.0,14.0,478,pm2.5,2,3,0,0,0,1,0,0
2017-02-17,292.0,88.6410496719775,2.0,22.5,1.5,13.5,432,pm2.5,2,4,0,0,0,1,0,0
2017-02-25,275.0,88.65979381443299,2.0,20.0,1.0,13.0,419,pm2.5,2,5,1,0,0,1,0,0
2017-02-26,258.0,88.67853795688848,3.0,48.0,4.0,19.0,406,pm2.5,2,6,1,0,0,1,0,0
2017-02-27,253.0,88.69728209934395,4.0,56.0,4.0,29.0,402,pm2.5,2,0,0,0,0,1,0,0
2017-02-28,206.0,88.71602624179944,6.0,54.0,4.0,28.0,366,pm2.5,2,1,0,0,0,1,0,0
2017-03-01,248.0,87.76007497656983,5.0,38.0,2.0,15.0,398,pm2.5,3,2,0,0,0,1,0,0
2017-03-02,168.0,87.7788191190253,4.0,28.0,1.0,10.0,337,pm2.5,3,3,0,0,0,1,0,0
2017-03-03,168.0,87.79756326148079,3.0,31.0,1.0,11.0,337,pm2.5,3,4,0,0,0,1,0,0
2017-03-04,208.0,87.81630740393626,5.0,30.0,1.0,13.0,368,pm2.5,3,5,1,0,0,1,0,0
2017-03-05,238.0,87.83505154639175,4.0,35.0,3.0,13.0,391,pm2.5,3,6,1,0,0,1,0,0
2017-03-06,251.0,87.85379568884723,4.0,47.0,9.0,21.0,401,pm2.5,3,0,0,0,0,1,0,0
2017-03-07,300.0,87.87253983130272,7.0,39.0,2.0,16.0,438,pm2.5,3,1,0,0,0,1,0,0
2017-03-08,273.0,87.89128397375819,5.0,39.0,1.0,15.0,418,pm2.5,3,2,0,0,0,1,0,0
2017-03-09,323.0,87.91002811621368,5.0,29.0,1.0,9.0,456,pm2.5,3,3,0,0,0,1,0,0
2017-03-10,207.0,87.92877225866917,4.0,31.0,1.0,8.0,367,pm2.5,3,4,0,0,0,1,0,0
2017-03-11,152.0,87.94751640112464,5.0,34.0,1.0,8.0,325,pm2.5,3,5,1,0,0,1,0,0
2017-03-12,193.0,87.96626054358013,5.0,27.0,1.0,10.0,356,pm2.5,3,6,1,0,0,1,0,0
2017-03-13,218.0,87.98500468603561,6.0,26.0,1.0,10.0,375,pm2.5,3,0,0,0,0,1,0,0
2017-03-14,190.0,88.0037488284911,5.0,36.0,2.0,11.0,354,pm2.5,3,1,0,0,0,1,0,0
2017-03-15,242.0,88.02249297094657,6.0,53.0,4.0,18.0,394,pm2.5,3,2,0,0,0,1,0,0
2017-03-16,180.0,88.04123711340206,7.0,41.0,2.0,15.0,346,pm2.5,3,3,0,0,0,1,0,0
2017-03-17,208.0,88.05998125585754,6.0,36.0,1.0,15.0,368,pm2.5,3,4,0,0,0,1,0,0
2017-03-18,178.0,88.07872539831303,5.0,44.0,1.0,14.0,345,pm2.5,3,5,1,0,0,1,0,0
2017-03-19,374.0,88.09746954076851,4.0,42.0,2.0,15.0,495,pm2.5,3,6,1,0,0,1,0,0
2017-03-20,202.0,88.11621368322399,4.0,50.0,5.0,21.0,363,pm2.5,3,0,0,0,0,1,0,0
2017-03-21,240.0,88.13495782567946,6.0,55.0,6.0,24.0,392,pm2.5,3,1,0,0,0,1,0,0
2017-03-22,261.0,88.15370196813495,6.0,60.0,3.0,34.0,408,pm2.5,3,2,0,0,0,1,0,0
2017-03-23,336.0,88.17244611059044,4.0,53.0,2.0,28.0,466,pm2.5,3,3,0,0,0,1,0,0
2017-03-24,238.0,88.19119025304592,3.0,35.0,1.0,13.0,391,pm2.5,3,4,0,0,0,1,0,0
2017-03-25,175.0,88.2099343955014,4.0,41.0,1.0,14.0,342,pm2.5,3,5,1,0,0,1,0,0
2017-03-26,145.0,88.22867853795688,4.0,58.0,1.0,15.0,319,pm2.5,3,6,1,0,0,1,0,0
2017-03-27,161.0,88.24742268041237,6.0,74.0,3.0,27.0,359,co,3,0,0,0,0,1,0,0
2017-03-28,285.0,88.26616682286786,4.0,50.0,2.0,17.0,427,pm2.5,3,1,0,0,0,1,0,0
2017-03-29,190.0,88.28491096532333,3.0,51.0,2.0,15.0,354,pm2.5,3,2,0,0,0,1,0,0
2017-03-30,185.0,88.30365510777881,3.0,49.0,3.0,19.0,350,pm2.5,3,3,0,0,0,1,0,0
2017-03-31,210.0,88.3223992502343,5.0,53.0,2.0,27.0,369,pm2.5,3,4,0,0,0,1,0,0
2017-04-01,279.0,87.19775070290534,4.0,46.0,4.0,18.0,422,pm2.5,4,5,1,0,0,0,1,0
2017-04-02,184.0,87.21649484536083,2.0,53.0,4.0,20.0,349,pm2.5,4,6,1,0,0,0,1,0
2017-04-03,213.0,87.2352389878163,5.0,59.0,3.0,21.0,372,pm2.5,4,0,0,0,0,0,1,0
2017-04-04,169.0,87.25398313027179,4.0,36.0,1.0,11.0,338,pm2.5,4,1,0,0,0,0,1,0
2017-04-05,246.0,87.27272727272727,4.0,42.0,1.0,13.0,397,pm2.5,4,2,0,0,0,0,1,0
2017-04-06,279.0,87.29147141518276,5.0,55.0,1.0,17.0,422,pm2.5,4,3,0,0,0,0,1,0
2017-04-07,314.0,87.31021555763823,5.0,36.0,1.0,10.0,449,pm2.5,4,4,0,0,0,0,1,0
2017-04-08,236.0,87.32895970009372,4.0,52.0,1.0,14.5,389,pm2.5,4,5,1,0,0,0,1,0
2017-04-09,187.0,87.34770384254921,3.0,68.0,1.0,19.0,352,pm2.5,4,6,1,0,0,0,1,0
2017-04-10,138.0,87.36644798500468,4.0,48.0,1.0,16.0,314,pm2.5,4,0,0,0,0,0,1,0
2017-04-11,139.0,87.38519212746016,3.0,58.0,5.0,27.0,359,co,4,1,0,0,0,0,1,0
2017-04-12,157.0,87.40393626991565,3.0,49.0,7.0,32.0,388,co,4,2,0,0,0,0,1,0
2017-04-13,167.0,87.42268041237114,8.0,54.0,2.0,20.0,336,pm2.5,4,3,0,0,0,0,1,0
2017-04-14,168.0,87.44142455482661,5.0,62.0,2.0,24.0,341,co,4,4,0,0,0,0,1,0
2017-04-15,172.0,87.4601686972821,6.0,46.0,1.0,17.0,340,pm2.5,4,5,1,0,0,0,1,0
2017-04-16,149.0,87.47891283973757,4.0,47.0,1.0,16.0,322,pm2.5,4,6,1,0,0,0,1,0
2017-04-17,172.0,87.49765698219306,6.0,57.0,1.0,25.0,347,co,4,0,0,0,0,0,1,0
2017-04-18,173.0,87.51640112464855,7.0,68.0,1.0,26.0,353,co,4,1,0,0,0,0,1,0
2017-04-19,167.0,87.53514526710403,10.0,55.0,1.0,21.0,336,pm2.5,4,2,0,0,0,0,1,0
2017-04-20,172.0,87.5538894095595,9.0,45.0,1.0,13.0,340,pm2.5,4,3,0,0,0,0,1,0
2017-04-21,149.0,87.57263355201499,6.0,50.0,1.0,27.0,359,co,4,4,0,0,0,0,1,0
2017-04-22,176.0,87.59137769447048,10.0,39.0,1.0,18.0,343,pm2.5,4,5,1,0,0,0,1,0
2017-04-23,171.0,87.61012183692596,4.0,53.0,1.0,19.0,339,pm2.5,4,6,1,0,0,0,1,0
2017-04-24,151.0,87.62886597938144,3.0,52.0,1.0,16.0,324,pm2.5,4,0,0,0,0,0,1,0
2017-04-25,132.0,87.64761012183692,2.0,84.0,1.0,18.0,309,pm2.5,4,1,0,0,0,0,1,0
2017-04-26,135.0,87.66635426429241,1.0,88.0,3.0,24.0,341,co,4,2,0,0,0,0,1,0
2017-04-27,153.0,87.6850984067479,3.0,104.0,4.0,23.0,335,co,4,3,0,0,0,0,1,0
2017-04-28,171.0,87.70384254920337,7.0,113.0,2.0,24.0,341,co,4,4,0,0,0,0,1,0
2017-04-29,201.0,87.72258669165885,5.0,93.0,1.0,19.0,362,pm2.5,4,5,1,0,0,0,1,0
2017-04-30,159.0,87.74133083411434,5.0,79.0,1.0,19.0,330,pm2.5,4,6,1,0,0,0,1,0
2017-05-01,162.0,86.61668228678538,4.0,86.0,16.0,52.0,453,co,5,0,0,0,0,0,1,0
2017-05-02,190.0,86.63542642924085,5.0,76.0,10.0,41.0,421,co,5,1,0,0,0,0,1,0
2017-05-03,205.0,86.65417057169634,2.0,81.0,3.0,19.0,365,pm2.5,5,2,0,0,0,0,1,0
2017-05-04,167.0,86.67291471415183,7.0,86.0,7.0,32.0,388,co,5,3,0,0,0,0,1,0
2017-05-05,221.0,86.6916588566073,5.0,90.0,7.0,34.0,400,co,5,4,0,0,0,0,1,0
2017-05-06,317.0,86.7104029990628,14.0,73.0,2.0,31.0,452,pm2.5,5,5,1,0,0,0,1,0
2017-05-07,197.0,86.72914714151827,8.0,65.0,3.0,18.0,359,pm2.5,5,6,1,0,0,0,1,0
2017-05-08,265.0,86.74789128397376,8.0,47.0,4.0,13.0,412,pm2.5,5,0,0,0,0,0,1,0
2017-05-09,221.0,86.76663542642925,8.0,49.0,3.0,14.0,378,pm2.5,5,1,0,0,0,0,1,0
2017-05-10,203.0,86.78537956888472,8.0,54.0,3.0,25.0,364,pm2.5,5,2,0,0,0,0,1,0
2017-05-11,169.0,86.8041237113402,14.0,54.0,3.0,19.0,338,pm2.5,5,3,0,0,0,0,1,0
2017-05-12,264.0,86.82286785379569,16.0,56.0,3.0,22.0,411,pm2.5,5,4,0,0,0,0,1,0
2017-05-13,241.0,86.84161199625117,12.0,71.0,3.0,38.0,412,co,5,5,1,0,0,0,1,0
2017-05-14,172.0,86.86035613870665,14.0,64.0,2.0,35.0,403,co,5,6,1,0,0,0,1,0
2017-05-15,216.0,86.87910028116214,11.0,56.0,5.0,30.0,376,co,5,0,0,0,0,0,1,0
2017-05-16,152.0,86.89784442361761,13.0,43.0,1.0,14.0,325,pm2.5,5,1,0,0,0,0,1,0
2017-05-17,148.0,86.9165885660731,11.0,35.0,1.0,16.0,322,pm2.5,5,2,0,0,0,0,1,0
2017-05-18,214.0,86.93533270852859,8.0,45.0,1.0,18.0,372,pm2.5,5,3,0,0,0,0,1,0
2017-05-19,244.0,86.95407685098407,12.0,57.0,2.0,21.0,395,pm2.5,5,4,0,0,0,0,1,0
2017-05-20,332.0,86.97282099343954,17.0,48.0,2.0,22.0,463,pm2.5,5,5,1,0,0,0,1,0
2017-05-21,321.0,86.99156513589503,11.0,47.0,1.0,22.0,455,pm2.5,5,6,1,0,0,0,1,0
2017-05-22,313.0,87.01030927835052,13.0,43.0,4.0,22.0,448,pm2.5,5,0,0,0,0,0,1,0
2017-05-23,321.0,87.029053420806,10.0,56.0,2.0,27.0,455,pm2.5,5,1,0,0,0,0,1,0
2017-05-24,329.0,87.04779756326148,9.0,61.0,5.0,28.0,461,pm2.5,5,2,0,0,0,0,1,0
2017-05-25,205.0,87.06654170571696,15.0,55.0,1.0,24.0,365,pm2.5,5,3,0,0,0,0,1,0
2017-05-26,224.0,87.08528584817245,23.0,32.0,6.0,17.0,380,pm2.5,5,4,0,0,0,0,1,0
2017-05-27,212.0,87.10402999062792,18.0,30.0,4.5,12.0,371,pm2.5,5,5,1,0,0,0,1,0
2017-05-28,348.0,87.12277413308341,8.0,34.0,3.0,17.0,475,pm2.5,5,6,1,0,0,0,1,0
2017-05-29,215.0,87.14151827553889,16.0,33.0,3.0,14.0,373,pm2.5,5,0,0,0,0,0,1,0
2017-05-30,186.0,87.16026241799437,16.0,32.0,3.0,14.0,351,pm2.5,5,1,0,0,0,0,1,0
2017-05-31,176.0,87.17900656044986,10.0,35.0,3.0,15.0,343,pm2.5,5,2,0,0,0,0,1,0
2017-06-01,156.0,86.05435801312089,10.0,34.0,3.0,21.0,328,pm2.5,6,3,0,0,1,0,0,0
2017-06-02,140.0,86.07310215557638,7.0,49.0,8.0,25.0,347,co,6,4,0,0,1,0,0,0
2017-06-03,155.0,86.09184629803187,18.0,50.0,2.0,25.0,347,co,6,5,1,0,1,0,0,0
2017-06-04,165.0,86.11059044048734,6.0,47.0,2.0,26.0,353,co,6,6,1,0,1,0,0,0
2017-06-05,169.0,86.12933458294283,13.0,33.0,2.25,13.0,338,pm2.5,6,0,0,0,1,0,0,0
2017-06-06,145.0,86.1480787253983,9.0,32.0,2.5,15.0,319,pm2.5,6,1,0,0,1,0,0,0
2017-06-07,133.0,86.1668228678538,6.0,32.0,2.75,18.0,310,pm2.5,6,2,0,0,1,0,0,0
2017-06-08,175.0,86.18556701030928,9.0,32.0,3.0,18.0,342,pm2.5,6,3,0,0,1,0,0,0
2017-06-09,145.0,86.20431115276476,14.0,35.0,2.0,24.0,341,co,6,4,0,0,1,0,0,0
2017-06-10,181.0,86.22305529522023,19.0,33.0,1.0,20.0,347,pm2.5,6,5,1,0,1,0,0,0
2017-06-11,179.0,86.24179943767572,12.0,35.0,1.0,24.0,345,pm2.5,6,6,1,0,1,0,0,0
2017-06-12,170.0,86.26054358013121,9.0,40.0,2.0,27.0,359,co,6,0,0,0,1,0,0,0
2017-06-13,191.0,86.27928772258669,6.0,45.0,1.0,26.0,355,pm2.5,6,1,0,0,1,0,0,0
2017-06-14,217.0,86.29803186504218,10.0,31.0,3.0,17.0,375,pm2.5,6,2,0,0,1,0,0,0
2017-06-15,276.0,86.31677600749765,13.0,20.0,2.0,12.0,420,pm2.5,6,3,0,0,1,0,0,0
2017-06-16,153.0,86.33552014995314,9.0,36.0,1.0,22.0,329,co,6,4,0,0,1,0,0,0
2017-06-17,153.0,86.35426429240862,13.0,28.0,1.0,17.0,325,pm2.5,6,5,1,0,1,0,0,0
2017-06-18,130.0,86.3730084348641,6.0,35.0,2.0,21.0,324,co,6,6,1,0,1,0,0,0
2017-06-19,221.0,86.39175257731958,8.0,31.0,2.0,20.0,378,pm2.5,6,0,0,0,1,0,0,0
2017-06-20,207.0,86.41049671977507,8.0,28.0,7.0,33.0,394,co,6,1,0,0,1,0,0,0
2017-06-21,132.0,86.42924086223056,12.0,33.0,1.0,14.0,309,pm2.5,6,2,0,0,1,0,0,0
2017-06-22,134.0,86.44798500468603,7.0,40.0,6.0,21.0,324,co,6,3,0,0,1,0,0,0
2017-06-23,172.0,86.46672914714152,11.0,41.0,4.0,36.0,406,co,6,4,0,0,1,0,0,0
2017-06-24,302.0,86.485473289597,17.0,26.0,5.0,15.0,440,pm2.5,6,5,1,0,1,0,0,0
2017-06-25,160.0,86.50421743205249,14.0,23.0,6.0,29.0,371,co,6,6,1,0,1,0,0,0
2017-06-26,120.0,86.52296157450796,14.0,20.0,4.333333333333333,12.0,300,pm2.5,6,0,0,0,1,0,0,0
2017-06-27,171.0,86.54170571696345,9.0,20.0,2.6666666666666665,11.0,339,pm2.5,6,1,0,0,1,0,0,0
2017-06-28,103.0,86.56044985941892,8.0,22.0,1.0,15.0,271,co,6,2,0,0,1,0,0,0
2017-06-29,95.0,86.57919400187441,4.0,29.0,2.0,19.0,312,co,6,3,0,0,1,0,0,0
2017-06-30,128.0,86.5979381443299,2.0,24.0,3.0,18.0,306,pm2.5,6,4,0,0,1,0,0,0
2017-07-01,91.0,85.47328959700093,7.0,18.0,2.0,14.0,257,co,7,5,1,0,1,0,0,0
2017-07-02,84.0,85.49203373945642,5.0,20.0,2.0,21.0,324,co,7,6,1,0,1,0,0,0
2017-07-03,90.0,85.5107778819119,5.0,20.0,1.0,18.0,306,co,7,0,0,0,1,0,0,0
2017-07-04,104.0,85.52952202436738,6.0,13.0,4.5,12.0,247,pm2.5,7,1,0,0,1,0,0,0
2017-07-05,74.0,85.54826616682287,3.0,24.0,8.0,33.0,394,co,7,2,0,0,1,0,0,0
2017-07-06,118.0,85.56701030927834,4.0,20.0,7.0,39.0,415,co,7,3,0,0,1,0,0,0
2017-07-07,127.0,85.58575445173383,4.0,19.0,7.0,34.0,400,co,7,4,0,0,1,0,0,0
2017-07-08,107.0,85.60449859418931,1.0,17.0,1.0,17.0,300,co,7,5,1,0,1,0,0,0
2017-07-09,114.0,85.6232427366448,2.0,21.0,1.0,21.0,324,co,7,6,1,0,1,0,0,0
2017-07-10,88.0,85.64198687910027,2.0,13.0,4.0,13.0,243,co,7,0,0,0,1,0,0,0
2017-07-11,78.0,85.66073102155576,3.0,13.0,1.0,12.0,229,co,7,1,0,0,1,0,0,0
2017-07-12,80.0,85.67947516401125,5.0,14.0,2.0,10.0,200,co,7,2,0,0,1,0,0,0
2017-07-13,96.0,85.69821930646673,6.0,17.0,3.0,13.0,243,co,7,3,0,0,1,0,0,0
2017-07-14,116.0,85.71696344892221,4.0,20.0,1.0,18.0,306,co,7,4,0,0,1,0,0,0
2017-07-15,129.0,85.73570759137769,6.0,19.0,1.0,15.0,307,pm2.5,7,5,1,0,1,0,0,0
2017-07-16,118.0,85.75445173383318,6.0,20.0,1.0,16.0,293,pm2.5,7,6,1,0,1,0,0,0
2017-07-17,115.0,85.77319587628865,18.0,18.0,1.0,14.0,283,pm2.5,7,0,0,0,1,0,0,0
2017-07-18,98.0,85.79194001874414,3.0,12.0,1.0,10.0,227,pm2.5,7,1,0,0,1,0,0,0
2017-07-19,124.0,85.81068416119962,2.0,11.0,1.0,16.0,303,pm2.5,7,2,0,0,1,0,0,0
2017-07-20,110.0,85.8294283036551,4.0,13.0,1.0,12.0,267,pm2.5,7,3,0,0,1,0,0,0
2017-07-21,155.0,85.8481724461106,4.0,16.0,1.0,16.0,327,pm2.5,7,4,0,0,1,0,0,0
2017-07-22,176.0,85.86691658856607,4.0,14.0,1.0,16.0,343,pm2.5,7,5,1,0,1,0,0,0
2017-07-23,161.0,85.88566073102155,6.0,16.0,7.0,31.0,382,co,7,6,1,0,1,0,0,0
2017-07-24,94.0,85.90440487347703,6.0,17.0,7.0,35.0,403,co,7,0,0,0,1,0,0,0
2017-07-25,100.0,85.92314901593252,5.0,12.0,7.0,31.0,382,co,7,1,0,0,1,0,0,0
2017-07-26,128.0,85.941893158388,4.0,12.0,4.0,11.0,306,pm2.5,7,2,0,0,1,0,0,0
2017-07-27,161.0,85.96063730084349,5.0,14.0,1.0,13.0,332,pm2.5,7,3,0,0,1,0,0,0
2017-07-28,172.0,85.97938144329896,12.0,17.0,4.0,18.0,340,pm2.5,7,4,0,0,1,0,0,0
2017-07-29,142.0,85.99812558575445,5.0,19.0,1.0,19.0,317,pm2.5,7,5,1,0,1,0,0,0
2017-07-30,186.0,86.01686972820994,4.0,21.0,1.0,23.0,351,pm2.5,7,6,1,0,1,0,0,0
2017-07-31,133.0,86.03561387066541,3.0,18.0,1.0,22.0,329,co,7,0,0,0,1,0,0,0
2017-08-01,119.0,84.89222118088097,3.0,18.0,1.0,21.0,324,co,8,1,0,0,1,0,0,0
2017-08-02,117.0,84.91096532333646,25.0,15.0,1.0,19.0,312,co,8,2,0,0,1,0,0,0
2017-08-03,119.0,84.92970946579194,2.0,32.0,2.0,55.0,462,co,8,3,0,0,1,0,0,0
2017-08-04,131.0,84.94845360824742,5.0,23.0,2.0,28.0,365,co,8,4,0,0,1,0,0,0
2017-08-05,184.0,84.96719775070291,4.0,16.0,1.0,19.0,349,pm2.5,8,5,1,0,1,0,0,0
2017-08-06,98.0,84.98594189315838,4.0,15.0,1.0,16.0,286,co,8,6,1,0,1,0,0,0
2017-08-07,82.0,85.00468603561387,6.0,16.0,1.0,18.0,306,co,8,0,0,0,1,0,0,0
2017-08-08,111.0,85.02343017806935,25.0,18.0,1.0,24.0,341,co,8,1,0,0,1,0,0,0
2017-08-09,102.0,85.04217432052484,2.0,16.0,5.0,24.0,341,co,8,2,0,0,1,0,0,0
2017-08-10,123.0,85.06091846298031,3.0,18.0,1.0,23.0,335,co,8,3,0,0,1,0,0,0
2017-08-11,116.0,85.0796626054358,2.0,18.0,3.0,22.0,329,co,8,4,0,0,1,0,0,0
2017-08-12,106.0,85.09840674789129,3.0,17.0,1.0,17.0,300,co,8,5,1,0,1,0,0,0
2017-08-13,86.0,85.11715089034676,3.0,20.0,1.0,22.0,329,co,8,6,1,0,1,0,0,0
2017-08-14,104.0,85.13589503280224,5.0,21.0,1.0,19.0,312,co,8,0,0,0,1,0,0,0
2017-08-15,117.0,85.15463917525773,5.0,22.0,1.0,23.0,335,co,8,1,0,0,1,0,0,0
2017-08-16,137.0,85.17338331771322,8.0,22.0,1.0,19.0,313,pm2.5,8,2,0,0,1,0,0,0
2017-08-17,136.0,85.19212746016869,6.0,19.0,3.0,18.0,312,pm2.5,8,3,0,0,1,0,0,0
2017-08-18,143.0,85.21087160262418,5.0,14.0,7.0,27.0,359,co,8,4,0,0,1,0,0,0
2017-08-19,117.0,85.22961574507966,5.0,13.0,8.0,11.0,290,pm2.5,8,5,1,0,1,0,0,0
2017-08-20,95.0,85.24835988753514,7.0,14.0,9.0,27.0,359,co,8,6,1,0,1,0,0,0
2017-08-21,104.0,85.26710402999063,7.0,19.0,5.0,23.0,335,co,8,0,0,0,1,0,0,0
2017-08-22,133.0,85.28584817244611,6.0,17.0,7.0,36.0,406,co,8,1,0,0,1,0,0,0
2017-08-23,126.0,85.30459231490158,3.0,15.0,1.0,18.0,306,co,8,2,0,0,1,0,0,0
2017-08-24,130.0,85.32333645735707,5.0,15.0,1.0,16.0,308,pm2.5,8,3,0,0,1,0,0,0
2017-08-25,115.0,85.34208059981256,4.0,13.0,1.0,16.0,286,co,8,4,0,0,1,0,0,0
2017-08-26,103.0,85.36082474226804,3.0,12.0,1.0,13.0,243,pm2.5,8,5,1,0,1,0,0,0
2017-08-27,103.0,85.37956888472353,3.0,11.0,1.0,11.0,243,pm2.5,8,6,1,0,1,0,0,0
2017-08-28,92.0,85.398313027179,4.0,11.0,1.0,14.0,257,co,8,0,0,0,1,0,0,0
2017-08-29,114.0,85.41705716963449,7.0,15.0,5.0,24.0,341,co,8,1,0,0,1,0,0,0
2017-08-30,109.0,85.43580131208998,6.0,16.0,7.0,34.0,400,co,8,2,0,0,1,0,0,0
2017-08-31,87.0,85.45454545454545,31.0,18.0,1.0,19.0,312,co,8,3,0,0,1,0,0,0
2017-09-01,95.0,84.38612933458293,4.0,16.0,1.0,15.0,271,co,9,4,0,0,1,0,0,0
2017-09-02,157.0,84.40487347703842,4.0,19.0,1.0,19.0,328,pm2.5,9,5,1,0,1,0,0,0
2017-09-03,203.0,84.42361761949391,6.0,20.0,8.0,35.0,403,co,9,6,1,0,1,0,0,0
2017-09-04,208.0,84.44236176194939,6.0,23.0,2.0,21.0,368,pm2.5,9,0,0,0,1,0,0,0
2017-09-05,206.0,84.46110590440487,3.0,19.0,1.0,17.0,366,pm2.5,9,1,0,0,1,0,0,0
2017-09-06,182.0,84.47985004686035,6.5,25.0,1.5,22.0,348,pm2.5,9,2,0,0,1,0,0,0
2017-09-10,187.0,84.49859418931584,10.0,31.0,2.0,27.0,359,co,9,6,1,0,1,0,0,0
2017-09-11,192.0,84.51733833177133,11.0,25.0,9.0,34.0,400,co,9,0,0,0,1,0,0,0
2017-09-12,189.0,84.5360824742268,23.0,24.0,3.0,17.0,353,pm2.5,9,1,0,0,1,0,0,0
2017-09-13,181.0,84.55482661668228,9.0,20.0,1.0,15.0,347,pm2.5,9,2,0,0,1,0,0,0
2017-09-14,179.0,84.57357075913777,10.0,21.0,1.0,14.0,345,pm2.5,9,3,0,0,1,0,0,0
2017-09-15,167.0,84.59231490159326,32.0,21.0,1.0,16.0,336,pm2.5,9,4,0,0,1,0,0,0
2017-09-16,213.0,84.61105904404873,10.0,18.0,1.0,15.0,372,pm2.5,9,5,1,0,1,0,0,0
2017-09-17,177.0,84.62980318650422,8.0,20.0,1.0,21.0,344,pm2.5,9,6,1,0,1,0,0,0
2017-09-18,264.0,84.6485473289597,4.0,16.0,1.0,16.0,411,pm2.5,9,0,0,0,1,0,0,0
2017-09-19,161.0,84.66729147141518,10.0,15.0,7.0,33.0,394,co,9,1,0,0,1,0,0,0
2017-09-20,117.0,84.68603561387067,8.0,11.0,5.5,13.0,290,pm2.5,9,2,0,0,1,0,0,0
2017-09-21,96.0,84.70477975632615,5.0,12.0,4.0,13.0,243,co,9,3,0,0,1,0,0,0
2017-09-22,105.0,84.72352389878162,5.0,12.0,2.5,13.0,250,pm2.5,9,4,0,0,1,0,0,0
2017-09-23,111.0,84.74226804123711,6.0,18.0,1.0,15.0,271,co,9,5,1,0,1,0,0,0
2017-09-24,118.0,84.7610121836926,9.0,18.0,7.0,34.0,400,co,9,6,1,0,1,0,0,0
2017-09-25,126.0,84.77975632614807,9.0,21.0,1.0,23.0,335,co,9,0,0,0,1,0,0,0
2017-09-26,235.0,84.79850046860356,14.0,22.0,1.0,24.0,388,pm2.5,9,1,0,0,1,0,0,0
2017-09-27,178.0,84.81724461105904,7.0,23.0,2.0,35.0,403,co,9,2,0,0,1,0,0,0
2017-09-28,164.0,84.83598875351453,12.0,27.0,2.0,28.0,365,co,9,3,0,0,1,0,0,0
2017-09-29,189.0,84.85473289597,12.0,26.0,1.0,24.0,353,pm2.5,9,4,0,0,1,0,0,0
2017-09-30,174.0,84.87347703842549,11.0,26.0,1.0,23.0,342,pm2.5,9,5,1,0,1,0,0,0
2017-10-01,217.0,83.80506091846297,14.0,26.0,1.0,29.0,375,pm2.5,10,6,1,1,0,0,0,0
2017-10-02,193.0,83.82380506091846,15.0,26.0,3.0,32.0,388,co,10,0,0,1,0,0,0,0
2017-10-03,200.0,83.84254920337395,9.0,20.0,1.0,20.0,362,pm2.5,10,1,0,1,0,0,0,0
2017-10-04,165.0,83.86129334582942,9.0,21.0,1.0,20.0,335,pm2.5,10,2,0,1,0,0,0,0
2017-10-05,151.0,83.88003748828491,9.0,23.0,9.0,38.0,412,co,10,3,0,1,0,0,0,0
2017-10-06,157.0,83.89878163074039,12.0,31.0,1.0,26.0,353,co,10,4,0,1,0,0,0,0
2017-10-07,182.0,83.91752577319588,11.0,24.0,1.0,19.0,348,pm2.5,10,5,1,1,0,0,0,0
2017-10-08,172.0,83.93626991565137,12.0,20.0,7.0,13.0,340,pm2.5,10,6,1,1,0,0,0,0
2017-10-09,155.0,83.95501405810684,12.0,23.0,8.0,23.0,335,co,10,0,0,1,0,0,0,0
2017-10-10,161.0,83.97375820056232,26.0,19.0,4.0,36.0,406,co,10,1,0,1,0,0,0,0
2017-10-11,162.0,83.9925023430178,11.0,19.0,1.0,28.0,365,co,10,2,0,1,0,0,0,0
2017-10-12,184.0,84.0112464854733,10.0,33.0,3.0,38.0,412,co,10,3,0,1,0,0,0,0
2017-10-13,209.0,84.02999062792877,13.0,36.0,5.0,43.0,426,co,10,4,0,1,0,0,0,0
2017-10-14,246.0,84.04873477038426,9.0,32.0,4.0,39.0,415,co,10,5,1,1,0,0,0,0
2017-10-15,220.0,84.06747891283973,7.0,37.0,6.0,64.0,488,co,10,6,1,1,0,0,0,0
2017-10-16,302.0,84.08622305529522,9.0,47.0,4.0,43.0,440,pm2.5,10,0,0,1,0,0,0,0
2017-10-17,294.0,84.1049671977507,28.0,61.0,5.0,30.0,434,pm2.5,10,1,0,1,0,0,0,0
2017-10-18,275.0,84.12371134020619,10.0,33.0,5.0,20.0,419,pm2.5,10,2,0,1,0,0,0,0
2017-10-19,230.0,84.14245548266166,6.0,25.0,2.0,13.0,385,pm2.5,10,3,0,1,0,0,0,0
2017-10-20,228.0,84.16119962511715,7.0,31.0,2.0,22.0,383,pm2.5,10,4,0,1,0,0,0,0
2017-10-21,199.0,84.17994376757264,12.0,33.0,3.0,37.0,409,co,10,5,1,1,0,0,0,0
2017-10-22,279.0,84.19868791002811,7.0,31.0,2.0,28.0,422,pm2.5,10,6,1,1,0,0,0,0
2017-10-23,217.0,84.2174320524836,6.0,47.0,2.0,36.0,406,co,10,0,0,1,0,0,0,0
2017-10-24,259.0,84.23617619493908,9.0,51.0,6.0,46.0,435,co,10,1,0,1,0,0,0,0
2017-10-25,349.0,84.25492033739457,9.0,40.0,2.0,34.0,476,pm2.5,10,2,0,1,0,0,0,0
2017-10-26,365.0,84.27366447985004,10.0,36.0,2.0,38.0,488,pm2.5,10,3,0,1,0,0,0,0
2017-10-27,381.0,84.29240862230553,11.0,36.0,2.0,34.0,501,pm2.5,10,4,0,1,0,0,0,0
2017-10-28,417.0,84.311152764761,11.0,30.0,1.0,24.0,528,pm2.5,10,5,1,1,0,0,0,0
2017-10-29,205.0,84.3298969072165,2.0,42.0,1.0,57.0,468,co,10,6,1,1,0,0,0,0
2017-10-30,366.0,84.34864104967198,5.0,29.0,1.0,30.0,489,pm2.5,10,0,0,1,0,0,0,0
2017-10-31,217.0,84.36738519212746,9.0,30.0,1.0,24.0,375,pm2.5,10,1,0,1,0,0,0,0
2017-11-01,234.0,83.2427366447985,9.0,38.0,1.0,26.0,388,pm2.5,11,2,0,1,0,0,0,0
2017-11-02,234.0,83.26148078725399,7.0,30.0,1.0,23.0,388,pm2.5,11,3,0,1,0,0,0,0
2017-11-03,210.0,83.28022492970946,7.0,30.0,1.0,24.0,369,pm2.5,11,4,0,1,0,0,0,0
2017-11-04,281.0,83.29896907216495,9.0,29.0,1.0,34.0,424,pm2.5,11,5,1,1,0,0,0,0
2017-11-05,231.0,83.31771321462043,7.0,40.0,1.0,41.0,421,co,11,6,1,1,0,0,0,0
2017-11-06,205.0,83.33645735707591,3.0,40.0,2.0,36.0,406,co,11,0,0,1,0,0,0,0
2017-11-07,277.0,83.35520149953139,6.0,49.0,13.0,62.0,482,co,11,1,0,1,0,0,0,0
2017-11-08,351.0,83.37394564198688,8.0,36.0,1.0,39.0,478,pm2.5,11,2,0,1,0,0,0,0
2017-11-09,358.0,83.39268978444235,9.0,32.0,8.0,55.0,483,pm2.5,11,3,0,1,0,0,0,0
2017-11-10,426.0,83.41143392689784,9.0,31.0,4.0,36.0,535,pm2.5,11,4,0,1,0,0,0,0
2017-11-11,284.0,83.43017806935333,10.0,35.0,1.0,46.0,435,co,11,5,1,1,0,0,0,0
2017-11-12,343.0,83.4489222118088,8.0,45.0,2.0,63.0,485,co,11,6,1,1,0,0,0,0
2017-11-13,388.0,83.4676663542643,8.0,43.0,3.0,48.0,506,pm2.5,11,0,0,1,0,0,0,0
2017-11-14,333.0,83.48641049671977,11.0,34.0,2.0,37.0,464,pm2.5,11,1,0,1,0,0,0,0
2017-11-15,279.0,83.50515463917526,8.0,33.0,4.0,26.0,422,pm2.5,11,2,0,1,0,0,0,0
2017-11-16,250.0,83.52389878163073,10.0,27.0,1.0,24.0,400,pm2.5,11,3,0,1,0,0,0,0
2017-11-17,290.0,83.54264292408622,8.0,27.0,1.0,27.0,431,pm2.5,11,4,0,1,0,0,0,0
2017-11-18,249.0,83.5613870665417,5.0,25.5,1.0,28.5,399,pm2.5,11,5,1,1,0,0,0,0
2017-11-19,327.0,83.58013120899719,2.0,24.0,1.0,30.0,459,pm2.5,11,6,1,1,0,0,0,0
2017-11-20,405.0,83.59887535145268,9.0,32.0,1.0,26.0,519,pm2.5,11,0,0,1,0,0,0,0
2017-11-21,317.0,83.61761949390815,5.0,27.0,2.0,27.0,452,pm2.5,11,1,0,1,0,0,0,0
2017-11-22,317.0,83.63636363636363,4.0,24.0,1.0,20.0,452,pm2.5,11,2,0,1,0,0,0,0
2017-11-23,258.0,83.65510777881912,4.0,38.0,1.0,34.0,406,pm2.5,11,3,0,1,0,0,0,0
2017-11-24,292.0,83.6738519212746,10.0,54.0,3.0,58.0,471,co,11,4,0,1,0,0,0,0
2017-11-25,316.0,83.69259606373008,11.0,59.0,4.0,52.0,453,co,11,5,1,1,0,0,0,0
2017-11-26,363.0,83.71134020618557,8.0,55.0,2.0,43.0,487,pm2.5,11,6,1,1,0,0,0,0
2017-11-27,288.0,83.73008434864104,27.0,69.0,7.0,50.0,447,co,11,0,0,1,0,0,0,0
2017-11-28,370.0,83.74882849109653,8.0,61.0,3.0,37.0,492,pm2.5,11,1,0,1,0,0,0,0
2017-11-29,309.0,83.76757263355202,7.0,76.0,13.0,57.0,468,co,11,2,0,1,0,0,0,0
2017-11-30,322.0,83.7863167760075,8.0,68.0,3.0,54.0,459,co,11,3,0,1,0,0,0,0
2017-12-01,331.0,82.73664479850046,10.0,45.0,4.0,41.0,462,pm2.5,12,4,0,0,0,0,0,1
2017-12-02,284.0,82.75538894095595,7.0,53.0,2.0,47.0,438,co,12,5,1,0,0,0,0,1
2017-12-03,308.0,82.77413308341143,5.0,53.0,2.0,47.0,445,pm2.5,12,6,1,0,0,0,0,1
2017-12-04,333.0,82.79287722586692,7.0,43.0,4.0,26.0,464,pm2.5,12,0,0,0,0,0,0,1
2017-12-05,276.0,82.81162136832239,17.0,49.0,4.0,33.0,420,pm2.5,12,1,0,0,0,0,0,1
2017-12-06,291.0,82.83036551077788,8.0,33.0,3.0,25.0,432,pm2.5,12,2,0,0,0,0,0,1
2017-12-07,175.0,82.84910965323337,20.0,31.0,19.0,17.0,342,pm2.5,12,3,0,0,0,0,0,1
2017-12-08,190.0,82.86785379568884,13.5,32.0,10.5,21.0,354,pm2.5,12,4,0,0,0,0,0,1
2017-12-13,189.5,82.88659793814432,7.0,33.0,2.0,25.0,353,pm2.5,12,2,0,0,0,0,0,1
2017-12-14,189.0,82.90534208059981,7.0,37.0,3.0,31.0,382,co,12,3,0,0,0,0,0,1
2017-12-15,206.0,82.9240862230553,13.0,36.0,3.0,26.0,366,pm2.5,12,4,0,0,0,0,0,1
2017-12-16,196.0,82.94283036551077,14.0,35.0,3.0,23.0,358,pm2.5,12,5,1,0,0,0,0,1
2017-12-17,185.0,82.96157450796626,23.0,43.0,7.0,34.0,400,co,12,6,1,0,0,0,0,1
2017-12-18,230.0,82.98031865042174,11.0,45.0,17.0,50.0,447,co,12,0,0,0,0,0,0,1
2017-12-19,381.0,82.99906279287723,27.0,48.0,5.0,67.0,501,pm2.5,12,1,0,0,0,0,0,1
2017-12-20,428.0,83.01780693533271,14.0,51.0,7.0,57.0,537,pm2.5,12,2,0,0,0,0,0,1
2017-12-21,343.0,83.03655107778819,7.0,40.0,3.0,37.0,472,pm2.5,12,3,0,0,0,0,0,1
2017-12-22,293.0,83.05529522024366,10.0,38.0,4.0,27.0,433,pm2.5,12,4,0,0,0,0,0,1
2017-12-23,185.0,83.07403936269915,13.0,44.0,4.0,34.0,400,co,12,5,1,0,0,0,0,1
2017-12-24,216.0,83.09278350515464,11.0,42.0,2.0,34.0,400,co,12,6,1,0,0,0,0,1
2017-12-25,255.0,83.11152764761012,12.0,46.0,3.0,39.0,415,co,12,0,0,0,0,0,0,1
2017-12-26,304.0,83.1302717900656,16.0,58.0,12.0,58.0,471,co,12,1,0,0,0,0,0,1
2017-12-27,360.0,83.14901593252108,10.0,62.0,9.0,70.0,506,co,12,2,0,0,0,0,0,1
2017-12-28,449.0,83.16776007497657,7.0,58.0,4.0,61.0,553,pm2.5,12,3,0,0,0,0,0,1
2017-12-29,442.0,83.18650421743206,10.0,34.0,14.0,52.0,548,pm2.5,12,4,0,0,0,0,0,1
2017-12-30,269.0,83.20524835988753,2.0,50.0,4.0,44.0,429,co,12,5,1,0,0,0,0,1
2017-12-31,329.0,83.22399250234301,7.0,27.0,1.0,21.0,461,pm2.5,12,6,1,0,0,0,0,1
2018-01-01,278.0,82.1555763823805,11.0,27.0,2.0,20.0,422,pm2.5,1,0,0,0,0,0,0,1
2018-01-02,277.0,82.17432052483599,7.0,41.0,2.0,37.0,421,pm2.5,1,1,0,0,0,0,0,1
2018-01-03,296.0,82.19306466729147,10.0,36.0,3.0,41.0,435,pm2.5,1,2,0,0,0,0,0,1
2018-01-04,384.0,82.21180880974696,8.0,36.0,7.0,37.0,503,pm2.5,1,3,0,0,0,0,0,1
2018-01-05,326.0,82.23055295220243,9.0,45.0,18.0,64.0,488,co,1,4,0,0,0,0,0,1
2018-01-06,335.0,82.24929709465792,11.0,62.0,5.0,62.0,482,co,1,5,1,0,0,0,0,1
2018-01-07,346.0,82.26804123711341,16.0,51.0,18.0,53.0,474,pm2.5,1,6,1,0,0,0,0,1
2018-01-08,303.0,82.28678537956888,11.0,39.0,12.0,56.0,465,co,1,0,0,0,0,0,0,1
2018-01-09,353.0,82.30552952202436,17.0,50.0,17.0,55.0,479,pm2.5,1,1,0,0,0,0,0,1
2018-01-10,370.0,82.32427366447985,27.0,45.0,5.0,60.0,492,pm2.5,1,2,0,0,0,0,0,1
2018-01-11,365.0,82.34301780693534,21.0,43.0,7.0,44.0,488,pm2.5,1,3,0,0,0,0,0,1
2018-01-12,371.0,82.36176194939081,27.0,44.0,13.0,74.0,518,co,1,4,0,0,0,0,0,1
2018-01-13,402.0,82.3805060918463,13.0,62.0,9.0,82.0,541,co,1,5,1,0,0,0,0,1
2018-01-14,411.0,82.39925023430177,12.0,51.0,5.0,36.0,524,pm2.5,1,6,1,0,0,0,0,1
2018-01-15,260.0,82.41799437675726,35.0,46.0,13.0,34.0,408,pm2.5,1,0,0,0,0,0,0,1
2018-01-16,264.0,82.43673851921275,27.0,43.0,2.0,30.0,411,pm2.5,1,1,0,0,0,0,0,1
2018-01-17,290.0,82.45548266166823,16.0,45.0,6.0,50.0,447,co,1,2,0,0,0,0,0,1
2018-01-18,327.0,82.4742268041237,11.0,60.0,7.0,47.0,459,pm2.5,1,3,0,0,0,0,0,1
2018-01-19,314.0,82.49297094657919,11.0,53.0,14.0,34.0,449,pm2.5,1,4,0,0,0,0,0,1
2018-01-20,231.0,82.51171508903468,15.0,46.0,5.0,25.0,385,pm2.5,1,5,1,0,0,0,0,1
2018-01-21,241.0,82.53045923149016,14.0,54.0,4.0,43.0,426,co,1,6,1,0,0,0,0,1
2018-01-22,306.0,82.54920337394564,12.0,48.0,3.0,37.0,443,pm2.5,1,0,0,0,0,0,0,1
2018-01-23,264.0,82.56794751640112,12.0,30.0,2.0,17.0,411,pm2.5,1,1,0,0,0,0,0,1
2018-01-24,190.0,82.58669165885661,9.0,31.0,3.0,20.0,354,pm2.5,1,2,0,0,0,0,0,1
2018-01-25,248.0,82.60543580131208,13.0,39.0,6.0,32.0,398,pm2.5,1,3,0,0,0,0,0,1
2018-01-26,285.0,82.62417994376757,11.0,38.0,3.0,33.0,427,pm2.5,1,4,0,0,0,0,0,1
2018-01-27,278.0,82.64292408622305,14.0,48.0,4.0,34.0,422,pm2.5,1,5,1,0,0,0,0,1
2018-01-28,301.0,82.66166822867854,13.0,49.0,6.0,36.0,439,pm2.5,1,6,1,0,0,0,0,1
2018-01-29,296.0,82.68041237113403,12.0,34.0,3.0,20.0,435,pm2.5,1,0,0,0,0,0,0,1
2018-01-30,198.0,82.6991565135895,14.0,29.0,3.0,15.0,360,pm2.5,1,1,0,0,0,0,0,1
2018-01-31,165.0,82.71790065604499,13.0,33.0,3.0,18.0,335,pm2.5,1,2,0,0,0,0,0,1
2018-02-01,165.0,81.630740393627,12.0,46.0,8.0,34.0,400,co,2,3,0,0,0,1,0,0
2018-02-02,195.0,81.64948453608247,12.0,57.0,4.0,35.0,403,co,2,4,0,0,0,1,0,0
2018-02-03,212.0,81.66822867853796,15.0,32.0,3.0,17.0,371,pm2.5,2,5,1,0,0,1,0,0
2018-02-04,169.0,81.68697282099345,17.0,35.0,4.0,19.0,338,pm2.5,2,6,1,0,0,1,0,0
2018-02-05,183.0,81.70571696344892,15.0,31.0,4.0,17.0,348,pm2.5,2,0,0,0,0,1,0,0
2018-02-06,182.0,81.7244611059044,17.0,27.0,5.0,14.0,348,pm2.5,2,1,0,0,0,1,0,0
2018-02-07,179.0,81.74320524835989,17.0,35.0,5.0,17.0,345,pm2.5,2,2,0,0,0,1,0,0
2018-02-08,166.0,81.76194939081537,18.0,36.0,3.0,17.0,335,pm2.5,2,3,0,0,0,1,0,0
2018-02-09,165.0,81.78069353327085,15.0,45.0,5.0,30.0,376,co,2,4,0,0,0,1,0,0
2018-02-10,161.0,81.79943767572634,11.0,51.0,6.0,32.0,388,co,2,5,1,0,0,1,0,0
2018-02-11,204.0,81.81818181818181,15.0,20.0,2.0,10.0,365,pm2.5,2,6,1,0,0,1,0,0
2018-02-12,168.0,81.8369259606373,19.0,19.0,2.0,10.0,337,pm2.5,2,0,0,0,0,1,0,0
2018-02-13,155.0,81.85567010309278,19.0,21.0,2.0,14.0,327,pm2.5,2,1,0,0,0,1,0,0
2018-02-14,130.0,81.87441424554827,21.0,26.0,2.0,12.0,308,pm2.5,2,2,0,0,0,1,0,0
2018-02-15,145.0,81.89315838800374,17.0,30.0,4.0,16.0,319,pm2.5,2,3,0,0,0,1,0,0
2018-02-16,162.0,81.91190253045923,17.0,36.0,5.0,20.0,332,pm2.5,2,4,0,0,0,1,0,0
2018-02-17,167.0,81.93064667291472,18.0,43.0,6.0,23.0,336,pm2.5,2,5,1,0,0,1,0,0
2018-02-18,171.0,81.9493908153702,19.0,39.0,3.0,19.0,339,pm2.5,2,6,1,0,0,1,0,0
2018-02-19,160.0,81.96813495782568,22.0,48.0,10.0,36.0,406,co,2,0,0,0,0,1,0,0
2018-02-20,199.0,81.98687910028116,16.0,65.0,9.0,58.0,471,co,2,1,0,0,0,1,0,0
2018-02-21,214.0,82.00562324273665,14.0,58.0,7.0,40.0,418,co,2,2,0,0,0,1,0,0
2018-02-22,191.0,82.02436738519212,16.0,45.0,5.0,33.0,394,co,2,3,0,0,0,1,0,0
2018-02-23,177.0,82.04311152764761,15.0,31.0,5.0,20.0,344,pm2.5,2,4,0,0,0,1,0,0
2018-02-24,162.0,82.06185567010309,14.0,29.0,4.0,23.0,335,co,2,5,1,0,0,1,0,0
2018-02-25,180.0,82.08059981255857,11.0,21.0,3.0,14.0,346,pm2.5,2,6,1,0,0,1,0,0
2018-02-26,136.0,82.09934395501406,14.0,27.0,4.0,17.0,312,pm2.5,2,0,0,0,0,1,0,0
2018-02-27,145.0,82.11808809746954,14.0,29.0,4.0,25.0,347,co,2,1,0,0,0,1,0,0
2018-02-28,161.0,82.13683223992501,13.0,38.0,4.0,32.0,388,co,2,2,0,0,0,1,0,0
2018-03-01,159.0,81.04967197750703,14.0,26.0,4.0,33.0,394,co,3,3,0,0,0,1,0,0
2018-03-02,212.0,81.0684161199625,16.0,14.0,3.0,22.0,371,pm2.5,3,4,0,0,0,1,0,0
2018-03-03,155.0,81.087160262418,7.0,27.0,4.0,35.0,403,co,3,5,1,0,0,1,0,0
2018-03-04,175.0,81.10590440487347,11.0,25.0,3.0,19.0,342,pm2.5,3,6,1,0,0,1,0,0
2018-03-05,109.0,81.12464854732896,16.0,21.0,2.0,12.0,263,pm2.5,3,0,0,0,0,1,0,0
2018-03-06,127.0,81.14339268978443,18.0,25.0,4.0,18.0,306,co,3,1,0,0,0,1,0,0
2018-03-07,132.0,81.16213683223992,22.0,28.0,5.0,18.0,309,pm2.5,3,2,0,0,0,1,0,0
2018-03-08,143.0,81.18088097469541,18.0,31.0,8.0,20.0,318,pm2.5,3,3,0,0,0,1,0,0
2018-03-09,164.0,81.19962511715089,13.0,35.0,7.0,23.0,335,co,3,4,0,0,0,1,0,0
2018-03-10,144.0,81.21836925960638,14.0,28.0,7.0,21.0,324,co,3,5,1,0,0,1,0,0
2018-03-11,139.0,81.23711340206185,15.0,34.0,14.0,23.0,335,co,3,6,1,0,0,1,0,0
2018-03-12,149.0,81.25585754451734,15.0,38.0,20.0,36.0,406,co,3,0,0,0,0,1,0,0
2018-03-13,160.0,81.27460168697282,16.0,38.0,6.0,28.0,365,co,3,1,0,0,0,1,0,0
2018-03-14,163.0,81.2933458294283,13.0,30.0,4.0,18.0,333,pm2.5,3,2,0,0,0,1,0,0
2018-03-15,149.0,81.31208997188378,15.0,22.0,3.0,14.0,322,pm2.5,3,3,0,0,0,1,0,0
2018-03-16,138.0,81.33083411433927,15.0,27.0,8.0,17.0,314,pm2.5,3,4,0,0,0,1,0,0
2018-03-17,139.0,81.34957825679476,17.0,24.0,3.0,17.0,315,pm2.5,3,5,1,0,0,1,0,0
2018-03-18,123.0,81.36832239925023,21.0,35.0,12.0,24.0,341,co,3,6,1,0,0,1,0,0
2018-03-19,163.0,81.3870665417057,17.0,30.0,10.0,25.0,347,co,3,0,0,0,0,1,0,0
2018-03-20,148.0,81.4058106841612,16.0,36.0,12.0,31.0,382,co,3,1,0,0,0,1,0,0
2018-03-21,188.0,81.42455482661668,17.0,25.0,5.0,14.0,352,pm2.5,3,2,0,0,0,1,0,0
2018-03-22,148.0,81.44329896907216,15.0,24.0,4.0,14.0,322,pm2.5,3,3,0,0,0,1,0,0
2018-03-23,139.0,81.46204311152765,18.0,22.0,3.0,13.0,315,pm2.5,3,4,0,0,0,1,0,0
2018-03-24,137.0,81.48078725398312,18.0,24.0,3.0,14.0,313,pm2.5,3,5,1,0,0,1,0,0
2018-03-25,125.0,81.49953139643861,18.0,27.0,4.0,17.0,304,pm2.5,3,6,1,0,0,1,0,0
2018-03-26,131.0,81.5182755388941,18.0,31.0,9.0,22.0,329,co,3,0,0,0,0,1,0,0
2018-03-27,145.0,81.53701968134958,18.0,41.0,9.0,40.0,418,co,3,1,0,0,0,1,0,0
2018-03-28,150.0,81.55576382380505,18.0,32.0,8.0,27.0,359,co,3,2,0,0,0,1,0,0
2018-03-29,139.0,81.57450796626054,20.0,33.0,6.0,18.0,315,pm2.5,3,3,0,0,0,1,0,0
2018-03-30,149.0,81.59325210871603,22.0,14.0,3.0,8.0,322,pm2.5,3,4,0,0,0,1,0,0
2018-03-31,117.0,81.6119962511715,20.0,15.0,2.0,9.0,290,pm2.5,3,5,1,0,0,1,0,0
2018-04-01,141.0,80.48734770384254,20.0,19.0,3.0,12.0,316,pm2.5,4,6,1,0,0,0,1,0
2018-04-02,158.0,80.50609184629803,23.0,26.0,4.0,21.0,329,pm2.5,4,0,0,0,0,0,1,0
2018-04-03,144.0,80.52483598875351,24.0,32.0,5.0,31.0,382,co,4,1,0,0,0,0,1,0
2018-04-04,157.0,80.543580131209,20.0,24.0,3.0,20.0,328,pm2.5,4,2,0,0,0,0,1,0
2018-04-05,131.0,80.56232427366447,18.0,19.0,4.0,16.0,308,pm2.5,4,3,0,0,0,0,1,0
2018-04-06,150.0,80.58106841611996,20.0,17.0,14.0,23.0,335,co,4,4,0,0,0,0,1,0
2018-04-07,127.0,80.59981255857545,20.0,18.0,2.0,13.0,305,pm2.5,4,5,1,0,0,0,1,0
2018-04-08,102.0,80.61855670103093,23.0,22.0,16.0,28.0,365,co,4,6,1,0,0,0,1,0
2018-04-09,150.0,80.6373008434864,20.0,28.0,15.0,40.0,418,co,4,0,0,0,0,0,1,0
2018-04-10,123.0,80.65604498594189,16.0,31.0,5.0,22.0,329,co,4,1,0,0,0,0,1,0
2018-04-11,130.0,80.67478912839738,15.0,29.0,8.0,26.0,353,co,4,2,0,0,0,0,1,0
2018-04-12,96.0,80.69353327085285,27.0,35.0,13.0,24.0,341,co,4,3,0,0,0,0,1,0
2018-04-13,132.0,80.71227741330834,31.0,35.0,17.0,35.0,403,co,4,4,0,0,0,0,1,0
2018-04-14,125.0,80.73102155576382,22.0,45.0,17.0,48.0,441,co,4,5,1,0,0,0,1,0
2018-04-15,154.0,80.7497656982193,28.0,40.0,12.0,41.0,421,co,4,6,1,0,0,0,1,0
2018-04-16,137.0,80.7685098406748,24.0,37.0,5.0,32.0,388,co,4,0,0,0,0,0,1,0
2018-04-17,146.0,80.78725398313027,24.0,35.0,8.0,25.0,347,co,4,1,0,0,0,0,1,0
2018-04-18,119.0,80.80599812558575,18.0,39.0,18.0,47.0,438,co,4,2,0,0,0,0,1,0
2018-04-19,146.0,80.82474226804123,15.0,40.0,6.0,41.0,421,co,4,3,0,0,0,0,1,0
2018-04-20,158.0,80.84348641049672,12.0,24.0,8.0,27.0,359,co,4,4,0,0,0,0,1,0
2018-04-21,117.0,80.8622305529522,18.0,25.0,2.0,24.0,341,co,4,5,1,0,0,0,1,0
2018-04-22,118.0,80.88097469540769,17.0,36.0,7.0,28.0,365,co,4,6,1,0,0,0,1,0
2018-04-23,118.0,80.89971883786316,20.0,41.0,10.0,35.0,403,co,4,0,0,0,0,0,1,0
2018-04-24,134.0,80.91846298031865,20.0,48.0,11.0,62.0,482,co,4,1,0,0,0,0,1,0
2018-04-25,158.0,80.93720712277414,17.0,44.0,5.0,35.0,403,co,4,2,0,0,0,0,1,0
2018-04-26,146.0,80.95595126522961,20.0,20.0,7.0,13.0,320,pm2.5,4,3,0,0,0,0,1,0
2018-04-27,148.0,80.97469540768509,22.0,19.0,3.0,13.0,322,pm2.5,4,4,0,0,0,0,1,0
2018-04-28,149.0,80.99343955014058,19.0,27.0,4.0,21.0,324,co,4,5,1,0,0,0,1,0
2018-04-29,153.0,81.01218369259607,21.0,17.0,2.0,10.0,325,pm2.5,4,6,1,0,0,0,1,0
2018-04-30,128.0,81.03092783505154,18.0,15.0,2.0,8.0,306,pm2.5,4,0,0,0,0,0,1,0
2018-05-01,115.0,79.90627928772258,19.0,16.0,3.0,16.0,286,co,5,1,0,0,0,0,1,0
2018-05-02,127.0,79.92502343017807,17.0,16.0,1.0,11.0,305,pm2.5,5,2,0,0,0,0,1,0
2018-05-03,88.0,79.94376757263355,33.0,18.0,5.0,27.0,359,co,5,3,0,0,0,0,1,0
2018-05-04,111.0,79.96251171508904,16.0,30.0,4.0,30.0,376,co,5,4,0,0,0,0,1,0
2018-05-05,158.0,79.98125585754451,22.0,23.0,3.0,18.0,329,pm2.5,5,5,1,0,0,0,1,0
2018-05-06,150.0,80.0,19.0,33.0,4.0,27.0,359,co,5,6,1,0,0,0,1,0
2018-05-07,145.0,80.01874414245549,16.0,34.0,4.0,22.0,329,co,5,0,0,0,0,0,1,0
2018-05-08,142.0,80.03748828491096,17.0,18.0,2.0,11.0,317,pm2.5,5,1,0,0,0,0,1,0
2018-05-09,118.0,80.05623242736644,20.0,26.0,3.0,18.0,306,co,5,2,0,0,0,0,1,0
2018-05-10,117.0,80.07497656982193,23.0,38.0,8.0,27.0,359,co,5,3,0,0,0,0,1,0
2018-05-11,172.0,80.09372071227742,22.0,21.0,3.0,14.0,340,pm2.5,5,4,0,0,0,0,1,0
2018-05-12,167.0,80.11246485473289,21.0,14.0,2.0,8.0,336,pm2.5,5,5,1,0,0,0,1,0
2018-05-13,148.0,80.13120899718838,30.0,15.0,2.0,8.0,322,pm2.5,5,6,1,0,0,0,1,0
2018-05-14,104.0,80.14995313964386,32.0,22.0,3.0,15.0,271,co,5,0,0,0,0,0,1,0
2018-05-15,130.0,80.16869728209934,20.0,25.0,3.0,17.0,308,pm2.5,5,1,0,0,0,0,1,0
2018-05-16,147.0,80.18744142455483,19.0,26.0,3.0,14.0,321,pm2.5,5,2,0,0,0,0,1,0
2018-05-17,160.0,80.20618556701031,30.0,20.0,3.0,13.0,331,pm2.5,5,3,0,0,0,0,1,0
2018-05-18,163.0,80.22492970946578,21.0,22.0,3.0,15.0,333,pm2.5,5,4,0,0,0,0,1,0
2018-05-19,165.0,80.24367385192127,25.0,25.0,3.0,14.0,335,pm2.5,5,5,1,0,0,0,1,0
2018-05-20,168.0,80.26241799437676,25.0,31.0,7.0,20.0,337,pm2.5,5,6,1,0,0,0,1,0
2018-05-21,183.0,80.28116213683224,19.0,48.0,19.0,60.0,476,co,5,0,0,0,0,0,1,0
2018-05-22,160.0,80.29990627928773,22.0,35.0,4.0,21.0,331,pm2.5,5,1,0,0,0,0,1,0
2018-05-23,179.0,80.3186504217432,16.0,22.0,2.0,11.0,345,pm2.5,5,2,0,0,0,0,1,0
2018-05-24,178.0,80.33739456419869,20.0,38.0,4.0,19.0,345,pm2.5,5,3,0,0,0,0,1,0
2018-05-25,120.0,80.35613870665416,23.0,43.0,15.0,32.0,388,co,5,4,0,0,0,0,1,0
2018-05-26,185.0,80.37488284910965,28.0,26.0,4.0,15.0,350,pm2.5,5,5,1,0,0,0,1,0
2018-05-27,169.0,80.39362699156513,34.0,21.0,4.0,13.0,338,pm2.5,5,6,1,0,0,0,1,0
2018-05-28,171.0,80.41237113402062,20.0,16.0,10.0,22.0,339,pm2.5,5,0,0,0,0,0,1,0
2018-05-29,156.0,80.4311152764761,17.0,15.0,2.0,11.0,328,pm2.5,5,1,0,0,0,0,1,0
2018-05-30,147.0,80.44985941893158,23.0,15.0,3.0,10.0,321,pm2.5,5,2,0,0,0,0,1,0
2018-05-31,158.0,80.46860356138707,18.0,18.0,2.0,8.0,329,pm2.5,5,3,0,0,0,0,1,0
2018-06-01,116.0,79.34395501405811,19.0,17.0,2.0,10.0,287,pm2.5,6,4,0,0,1,0,0,0
2018-06-02,134.0,79.36269915651359,20.0,17.0,3.0,10.0,311,pm2.5,6,5,1,0,1,0,0,0
2018-06-03,148.0,79.38144329896907,54.0,18.0,3.0,13.0,322,pm2.5,6,6,1,0,1,0,0,0
2018-06-04,152.0,79.40018744142455,22.0,15.0,3.0,11.0,325,pm2.5,6,0,0,0,1,0,0,0
2018-06-05,156.0,79.41893158388004,16.0,15.0,2.0,11.0,328,pm2.5,6,1,0,0,1,0,0,0
2018-06-06,155.0,79.43767572633553,18.0,16.0,3.0,11.0,327,pm2.5,6,2,0,0,1,0,0,0
2018-06-07,154.0,79.456419868791,17.0,13.0,2.0,9.0,326,pm2.5,6,3,0,0,1,0,0,0
2018-06-08,142.0,79.47516401124648,31.0,13.0,2.0,11.0,317,pm2.5,6,4,0,0,1,0,0,0
2018-06-09,141.0,79.49390815370197,19.0,14.0,3.0,10.0,316,pm2.5,6,5,1,0,1,0,0,0
2018-06-10,118.0,79.51265229615746,19.0,20.0,4.0,16.0,293,pm2.5,6,6,1,0,1,0,0,0
2018-06-11,135.0,79.53139643861293,13.0,23.0,7.0,16.0,312,pm2.5,6,0,0,0,1,0,0,0
2018-06-12,153.0,79.55014058106842,16.0,20.0,4.0,11.0,325,pm2.5,6,1,0,0,1,0,0,0
2018-06-13,138.0,79.5688847235239,8.0,34.0,5.0,29.0,371,co,6,2,0,0,1,0,0,0
2018-06-14,156.0,79.58762886597938,9.0,23.0,11.0,16.0,328,pm2.5,6,3,0,0,1,0,0,0
2018-06-15,152.0,79.60637300843486,10.0,22.0,11.0,18.0,325,pm2.5,6,4,0,0,1,0,0,0
2018-06-16,143.0,79.62511715089035,12.0,17.0,8.0,10.0,318,pm2.5,6,5,1,0,1,0,0,0
2018-06-17,149.0,79.64386129334582,14.0,20.0,6.0,23.0,335,co,6,6,1,0,1,0,0,0
2018-06-18,151.0,79.66260543580131,16.0,24.0,3.0,23.0,335,co,6,0,0,0,1,0,0,0
2018-06-19,139.0,79.6813495782568,16.0,31.0,4.0,28.0,365,co,6,1,0,0,1,0,0,0
2018-06-20,155.0,79.70009372071227,17.0,32.0,11.0,35.0,403,co,6,2,0,0,1,0,0,0
2018-06-21,149.0,79.71883786316776,19.0,24.0,4.0,20.0,322,pm2.5,6,3,0,0,1,0,0,0
2018-06-22,158.0,79.73758200562324,21.0,27.0,4.0,19.0,329,pm2.5,6,4,0,0,1,0,0,0
2018-06-23,134.0,79.75632614807873,19.0,21.0,4.0,19.0,312,co,6,5,1,0,1,0,0,0
2018-06-24,134.0,79.7750702905342,18.0,23.0,9.0,18.0,311,pm2.5,6,6,1,0,1,0,0,0
2018-06-25,146.0,79.79381443298969,20.0,16.0,3.0,12.0,320,pm2.5,6,0,0,0,1,0,0,0
2018-06-26,120.0,79.81255857544517,16.0,14.0,3.0,12.0,300,pm2.5,6,1,0,0,1,0,0,0
2018-06-27,100.0,79.83130271790066,14.0,15.0,2.0,8.0,233,pm2.5,6,2,0,0,1,0,0,0
2018-06-28,79.0,79.85004686035614,11.0,15.0,9.0,6.0,163,pm2.5,6,3,0,0,1,0,0,0
2018-06-29,100.0,79.86879100281162,8.0,17.0,5.0,14.0,257,co,6,4,0,0,1,0,0,0
2018-06-30,99.0,79.8875351452671,5.0,21.0,5.0,17.0,300,co,6,5,1,0,1,0,0,0
2018-07-01,138.0,78.78163074039362,5.0,20.0,6.0,17.0,314,pm2.5,7,6,1,0,1,0,0,0
2018-07-02,126.0,78.80037488284911,8.0,15.0,2.0,13.0,305,pm2.5,7,0,0,0,1,0,0,0
2018-07-03,109.0,78.81911902530459,8.5,20.5,3.0,15.5,279,co,7,1,0,0,1,0,0,0
2018-07-04,96.0,78.83786316776008,9.0,26.0,4.0,18.0,306,co,7,2,0,0,1,0,0,0
2018-07-05,83.0,78.85660731021555,26.0,21.0,4.0,17.0,300,co,7,3,0,0,1,0,0,0
2018-07-06,109.0,78.87535145267104,15.0,21.0,3.0,15.0,271,co,7,4,0,0,1,0,0,0
2018-07-07,151.0,78.89409559512652,15.0,16.0,3.0,13.0,324,pm2.5,7,5,1,0,1,0,0,0
2018-07-08,144.0,78.912839737582,10.0,12.0,3.0,9.0,318,pm2.5,7,6,1,0,1,0,0,0
2018-07-09,102.0,78.9315838800375,5.5,13.0,2.5,15.0,271,co,7,0,0,0,1,0,0,0
2018-07-11,93.0,78.95032802249297,1.0,14.0,2.0,21.0,324,co,7,2,0,0,1,0,0,0
2018-07-12,84.0,78.96907216494846,2.0,15.0,2.0,16.0,286,co,7,3,0,0,1,0,0,0
2018-07-13,76.0,78.98781630740393,14.0,11.0,3.0,17.0,300,co,7,4,0,0,1,0,0,0
2018-07-14,77.0,79.00656044985942,19.0,10.0,2.0,17.0,300,co,7,5,1,0,1,0,0,0
2018-07-15,85.0,79.0253045923149,9.0,20.0,1.0,15.0,271,co,7,6,1,0,1,0,0,0
2018-07-16,84.0,79.04404873477039,8.0,18.0,2.0,11.0,214,co,7,0,0,0,1,0,0,0
2018-07-17,69.0,79.06279287722586,7.0,17.0,2.0,12.0,229,co,7,1,0,0,1,0,0,0
2018-07-18,82.0,79.08153701968135,7.0,14.0,1.0,17.0,300,co,7,2,0,0,1,0,0,0
2018-07-19,89.0,79.10028116213684,6.0,14.0,2.0,14.0,257,co,7,3,0,0,1,0,0,0
2018-07-20,95.0,79.11902530459231,5.0,16.0,2.0,18.0,306,co,7,4,0,0,1,0,0,0
2018-07-21,91.0,79.13776944704779,151.0,13.0,1.0,12.0,229,co,7,5,1,0,1,0,0,0
2018-07-22,67.0,79.15651358950328,155.0,13.0,2.0,16.0,286,co,7,6,1,0,1,0,0,0
2018-07-23,71.0,79.17525773195877,11.0,11.0,2.0,17.0,300,co,7,0,0,0,1,0,0,0
2018-07-24,83.0,79.19400187441424,4.0,11.0,2.0,22.0,329,co,7,1,0,0,1,0,0,0
2018-07-25,69.0,79.21274601686973,8.0,18.0,2.0,20.0,318,co,7,2,0,0,1,0,0,0
2018-07-26,59.0,79.2314901593252,3.0,13.0,1.0,17.0,300,co,7,3,0,0,1,0,0,0
2018-07-27,116.0,79.2502343017807,7.0,15.0,2.0,21.0,324,co,7,4,0,0,1,0,0,0
2018-07-28,109.0,79.26897844423618,4.0,12.0,2.0,25.0,347,co,7,5,1,0,1,0,0,0
2018-07-29,125.0,79.28772258669166,4.0,15.0,1.0,21.0,324,co,7,6,1,0,1,0,0,0
2018-07-30,65.0,79.30646672914713,10.0,18.0,2.0,23.0,335,co,7,0,0,0,1,0,0,0
2018-07-31,85.0,79.32521087160262,11.0,17.0,2.0,31.0,382,co,7,1,0,0,1,0,0,0
2018-08-01,98.0,78.20056232427366,12.0,19.0,3.0,35.0,403,co,8,2,0,0,1,0,0,0
2018-08-02,129.0,78.21930646672915,5.0,17.0,2.0,25.0,347,co,8,3,0,0,1,0,0,0
2018-08-03,143.0,78.23805060918463,5.0,17.0,3.0,29.0,371,co,8,4,0,0,1,0,0,0
2018-08-04,147.0,78.25679475164011,3.0,18.0,1.0,20.0,321,pm2.5,8,5,1,0,1,0,0,0
2018-08-05,150.0,78.27553889409559,6.0,18.0,2.0,20.0,323,pm2.5,8,6,1,0,1,0,0,0
2018-08-06,144.0,78.29428303655108,33.0,14.0,4.0,27.0,359,co,8,0,0,0,1,0,0,0
2018-08-07,103.0,78.31302717900655,17.0,12.0,2.0,11.0,243,pm2.5,8,1,0,0,1,0,0,0
2018-08-08,88.0,78.33177132146204,9.0,14.0,7.0,24.0,341,co,8,2,0,0,1,0,0,0
2018-08-09,103.0,78.35051546391753,20.0,18.0,2.0,17.0,300,co,8,3,0,0,1,0,0,0
2018-08-10,114.0,78.369259606373,5.0,19.0,2.0,16.0,286,co,8,4,0,0,1,0,0,0
2018-08-11,99.0,78.38800374882848,6.0,17.0,1.0,13.0,243,co,8,5,1,0,1,0,0,0
2018-08-12,92.0,78.40674789128397,7.0,16.0,1.0,12.0,229,co,8,6,1,0,1,0,0,0
2018-08-13,97.0,78.42549203373946,11.0,17.0,2.0,18.0,306,co,8,0,0,0,1,0,0,0
2018-08-14,94.0,78.44423617619493,7.0,13.0,2.0,13.0,243,co,8,1,0,0,1,0,0,0
2018-08-15,90.0,78.46298031865042,3.0,9.0,2.0,13.0,243,co,8,2,0,0,1,0,0,0
2018-08-16,72.0,78.4817244611059,11.0,19.0,2.0,12.0,229,co,8,3,0,0,1,0,0,0
2018-08-17,85.0,78.50046860356139,12.0,18.0,2.0,15.0,271,co,8,4,0,0,1,0,0,0
2018-08-18,105.0,78.51921274601688,22.0,22.0,7.0,26.0,353,co,8,5,1,0,1,0,0,0
2018-08-19,137.0,78.53795688847235,12.0,18.0,2.0,15.0,313,pm2.5,8,6,1,0,1,0,0,0
2018-08-20,81.0,78.55670103092783,10.0,16.0,2.0,12.0,229,co,8,0,0,0,1,0,0,0
2018-08-21,83.0,78.57544517338332,12.0,14.0,2.0,11.0,214,co,8,1,0,0,1,0,0,0
2018-08-22,108.0,78.5941893158388,12.0,16.0,2.0,16.0,286,co,8,2,0,0,1,0,0,0
2018-08-23,82.0,78.61293345829428,6.0,18.0,2.0,18.0,306,co,8,3,0,0,1,0,0,0
2018-08-24,75.0,78.63167760074977,9.0,20.0,2.0,21.0,324,co,8,4,0,0,1,0,0,0
2018-08-25,78.0,78.65042174320524,9.0,18.0,2.0,17.0,300,co,8,5,1,0,1,0,0,0
2018-08-26,79.0,78.66916588566073,23.0,17.0,2.0,18.0,306,co,8,6,1,0,1,0,0,0
2018-08-27,100.0,78.68791002811622,9.0,16.0,2.0,13.0,243,co,8,0,0,0,1,0,0,0
2018-08-28,94.0,78.7066541705717,9.0,16.0,2.0,14.0,257,co,8,1,0,0,1,0,0,0
2018-08-29,94.0,78.72539831302717,9.0,19.0,2.0,19.0,312,co,8,2,0,0,1,0,0,0
2018-08-30,95.0,78.74414245548266,8.0,16.0,5.0,15.0,271,co,8,3,0,0,1,0,0,0
2018-08-31,76.0,78.76288659793815,11.0,18.0,2.0,17.0,300,co,8,4,0,0,1,0,0,0
2018-09-01,101.0,77.63823805060917,9.0,16.0,2.0,14.0,257,co,9,5,1,0,1,0,0,0
2018-09-02,92.0,77.65698219306466,10.0,17.0,2.0,17.0,300,co,9,6,1,0,1,0,0,0
2018-09-03,86.0,77.67572633552015,8.0,19.0,3.0,20.0,318,co,9,0,0,0,1,0,0,0
2018-09-04,97.0,77.69447047797563,18.0,14.0,2.0,17.0,300,co,9,1,0,0,1,0,0,0
2018-09-05,60.0,77.71321462043112,14.0,12.0,2.0,19.0,312,co,9,2,0,0,1,0,0,0
2018-09-06,115.0,77.73195876288659,15.0,13.0,2.0,19.0,312,co,9,3,0,0,1,0,0,0
2018-09-07,77.0,77.75070290534208,10.0,10.0,11.0,22.0,329,co,9,4,0,0,1,0,0,0
2018-09-08,72.0,77.76944704779757,10.0,11.0,2.0,10.0,200,co,9,5,1,0,1,0,0,0
2018-09-09,79.0,77.78819119025304,9.0,12.0,3.0,12.0,229,co,9,6,1,0,1,0,0,0
2018-09-10,95.0,77.80693533270852,9.0,16.0,3.0,20.0,318,co,9,0,0,0,1,0,0,0
2018-09-11,123.0,77.82567947516401,6.0,15.0,3.0,18.0,306,co,9,1,0,0,1,0,0,0
2018-09-12,99.0,77.8444236176195,14.0,15.0,3.0,20.0,318,co,9,2,0,0,1,0,0,0
2018-09-13,97.0,77.86316776007497,26.0,22.0,4.0,25.0,347,co,9,3,0,0,1,0,0,0
2018-09-14,94.0,77.88191190253046,13.0,20.0,13.0,35.0,403,co,9,4,0,0,1,0,0,0
2018-09-15,102.0,77.90065604498594,12.0,22.0,18.0,47.0,438,co,9,5,1,0,1,0,0,0
2018-09-16,118.0,77.91940018744143,7.0,25.0,4.0,34.0,400,co,9,6,1,0,1,0,0,0
2018-09-17,119.0,77.93814432989691,25.0,25.0,11.0,40.0,418,co,9,0,0,0,1,0,0,0
2018-09-18,145.0,77.95688847235239,28.0,25.0,2.0,21.0,324,co,9,1,0,0,1,0,0,0
2018-09-19,152.0,77.97563261480786,27.0,25.0,1.0,20.0,325,pm2.5,9,2,0,0,1,0,0,0
2018-09-20,153.0,77.99437675726335,10.0,14.0,1.0,12.0,325,pm2.5,9,3,0,0,1,0,0,0
2018-09-21,63.0,78.01312089971884,14.0,12.0,2.0,11.0,214,co,9,4,0,0,1,0,0,0
2018-09-22,95.0,78.03186504217432,3.0,13.0,2.0,15.0,271,co,9,5,1,0,1,0,0,0
2018-09-23,129.0,78.0506091846298,15.0,22.0,5.0,22.0,329,co,9,6,1,0,1,0,0,0
2018-09-24,127.0,78.06935332708528,17.0,20.0,2.0,20.0,318,co,9,0,0,0,1,0,0,0
2018-09-25,97.0,78.08809746954077,22.0,20.0,7.0,34.0,400,co,9,1,0,0,1,0,0,0
2018-09-26,100.0,78.10684161199624,25.0,28.0,9.0,38.0,412,co,9,2,0,0,1,0,0,0
2018-09-27,151.0,78.12558575445173,10.0,27.0,12.0,39.0,415,co,9,3,0,0,1,0,0,0
2018-09-28,166.0,78.14432989690721,13.0,30.0,10.0,40.0,418,co,9,4,0,0,1,0,0,0
2018-09-29,151.0,78.1630740393627,3.0,37.0,5.0,52.0,453,co,9,5,1,0,1,0,0,0
2018-09-30,168.0,78.18181818181819,7.5,28.0,4.0,43.5,428,co,9,6,1,0,1,0,0,0
2018-10-02,211.5,77.11340206185567,48.0,27.0,5.0,20.0,370,pm2.5,10,1,0,1,0,0,0,0
2018-10-03,143.0,77.13214620431116,27.0,34.5,4.5,27.0,359,co,10,2,0,1,0,0,0,0
2018-10-06,147.0,77.15089034676663,6.0,42.0,4.0,34.0,400,co,10,5,1,1,0,0,0,0
2018-10-07,151.0,77.16963448922212,15.0,36.0,16.0,46.0,435,co,10,6,1,1,0,0,0,0
2018-10-08,173.0,77.18837863167761,13.0,36.0,12.0,45.0,432,co,10,0,0,1,0,0,0,0
2018-10-09,159.0,77.20712277413308,17.0,22.0,6.0,17.0,330,pm2.5,10,1,0,1,0,0,0,0
2018-10-10,162.0,77.22586691658856,14.0,20.0,5.0,18.0,332,pm2.5,10,2,0,1,0,0,0,0
2018-10-11,166.0,77.24461105904405,24.0,24.0,10.0,29.0,371,co,10,3,0,1,0,0,0,0
2018-10-12,146.0,77.26335520149954,24.0,31.0,3.0,25.0,347,co,10,4,0,1,0,0,0,0
2018-10-13,144.0,77.28209934395501,17.0,33.0,2.0,27.0,359,co,10,5,1,1,0,0,0,0
2018-10-14,168.0,77.3008434864105,16.0,50.0,12.0,43.0,426,co,10,6,1,1,0,0,0,0
2018-10-15,216.0,77.31958762886597,22.0,46.0,8.0,49.0,444,co,10,0,0,1,0,0,0,0
2018-10-16,184.0,77.33833177132146,22.0,45.0,4.0,37.0,409,co,10,1,0,1,0,0,0,0
2018-10-17,175.0,77.35707591377694,20.0,38.0,15.0,59.0,474,co,10,2,0,1,0,0,0,0
2018-10-18,246.0,77.37582005623243,12.0,32.0,5.0,36.0,406,co,10,3,0,1,0,0,0,0
2018-10-19,206.0,77.3945641986879,18.0,36.0,14.0,53.0,456,co,10,4,0,1,0,0,0,0
2018-10-20,215.0,77.41330834114339,18.0,27.0,3.0,18.0,373,pm2.5,10,5,1,1,0,0,0,0
2018-10-21,196.0,77.43205248359888,16.0,31.0,3.0,23.0,358,pm2.5,10,6,1,1,0,0,0,0
2018-10-22,193.0,77.45079662605436,19.0,44.0,15.0,32.0,388,co,10,0,0,1,0,0,0,0
2018-10-23,313.0,77.46954076850984,16.0,46.0,22.0,50.0,448,pm2.5,10,1,0,1,0,0,0,0
2018-10-24,276.0,77.48828491096532,17.0,50.0,6.0,33.0,420,pm2.5,10,2,0,1,0,0,0,0
2018-10-25,309.0,77.50702905342081,20.0,40.0,4.0,29.0,445,pm2.5,10,3,0,1,0,0,0,0
2018-10-26,273.0,77.52577319587628,32.0,43.0,5.0,35.0,418,pm2.5,10,4,0,1,0,0,0,0
2018-10-27,352.0,77.54451733833177,21.0,40.0,4.0,36.0,478,pm2.5,10,5,1,1,0,0,0,0
2018-10-28,337.0,77.56326148078725,14.0,43.0,8.0,48.0,467,pm2.5,10,6,1,1,0,0,0,0
2018-10-29,340.0,77.58200562324274,26.0,46.0,5.0,41.0,469,pm2.5,10,0,0,1,0,0,0,0
2018-10-30,301.0,77.60074976569823,16.0,42.0,5.0,43.0,439,pm2.5,10,1,0,1,0,0,0,0
2018-10-31,309.0,77.6194939081537,19.0,47.0,5.0,53.0,456,co,10,2,0,1,0,0,0,0
2018-11-01,319.0,76.56982193064667,17.0,57.0,6.0,51.0,453,pm2.5,11,3,0,1,0,0,0,0
2018-11-02,355.0,76.58856607310216,32.0,42.0,3.0,27.0,481,pm2.5,11,4,0,1,0,0,0,0
2018-11-03,271.0,76.60731021555763,15.0,29.0,2.0,19.0,416,pm2.5,11,5,1,1,0,0,0,0
2018-11-04,280.0,76.62605435801312,16.0,35.0,2.0,24.0,423,pm2.5,11,6,1,1,0,0,0,0
2018-11-05,278.0,76.7572633552015,14.5,55.0,11.0,52.5,454,co,11,0,0,1,0,0,0,0
2018-11-07,279.7142857142857,76.6447985004686,7.0,81.0,11.0,55.0,462,co,11,2,0,1,0,0,0,0
2018-11-08,279.42857142857144,76.66354264292409,25.0,58.0,8.0,51.0,450,co,11,3,0,1,0,0,0,0
2018-11-09,279.1428571428572,76.68228678537957,15.0,74.0,10.0,75.0,521,co,11,4,0,1,0,0,0,0
2018-11-10,278.85714285714283,76.70103092783505,23.0,62.0,6.0,54.0,459,co,11,5,1,1,0,0,0,0
2018-11-11,278.57142857142856,76.71977507029054,57.0,73.0,14.0,80.0,535,co,11,6,1,1,0,0,0,0
2018-11-12,278.2857142857143,76.73851921274601,15.0,72.0,11.0,61.0,479,co,11,0,0,1,0,0,0,0
2018-11-13,232.0,76.77600749765698,14.0,38.0,11.0,44.0,429,co,11,1,0,1,0,0,0,0
2018-11-14,208.0,76.79475164011247,35.0,39.0,15.0,55.0,462,co,11,2,0,1,0,0,0,0
2018-11-15,200.0,76.81349578256794,30.0,29.0,2.0,17.0,362,pm2.5,11,3,0,1,0,0,0,0
2018-11-16,168.0,76.83223992502343,45.0,38.0,14.0,22.0,337,pm2.5,11,4,0,1,0,0,0,0
2018-11-17,206.0,76.85098406747892,54.0,54.0,9.0,34.0,400,co,11,5,1,1,0,0,0,0
2018-11-18,282.0,76.8697282099344,58.0,48.0,10.0,29.0,425,pm2.5,11,6,1,1,0,0,0,0
2018-11-19,230.0,76.88847235238987,56.0,53.0,12.0,48.0,441,co,11,0,0,1,0,0,0,0
2018-11-20,256.0,76.90721649484536,50.0,60.0,28.0,68.0,500,co,11,1,0,1,0,0,0,0
2018-11-21,296.0,76.92596063730085,58.0,58.0,9.0,45.0,435,pm2.5,11,2,0,1,0,0,0,0
2018-11-22,244.0,76.94470477975632,43.0,45.0,16.0,35.0,403,co,11,3,0,1,0,0,0,0
2018-11-23,200.0,76.96344892221181,42.0,37.0,13.0,32.0,388,co,11,4,0,1,0,0,0,0
2018-11-24,188.0,76.98219306466729,42.0,49.0,5.0,26.0,353,co,11,5,1,1,0,0,0,0
2018-11-25,197.0,77.00093720712277,46.0,53.0,7.0,50.0,447,co,11,6,1,1,0,0,0,0
2018-11-26,257.0,77.01968134957826,48.0,54.0,19.0,61.0,479,co,11,0,0,1,0,0,0,0
2018-11-27,271.0,77.03842549203374,38.0,40.0,4.0,24.0,416,pm2.5,11,1,0,1,0,0,0,0
2018-11-28,246.0,77.05716963448921,37.0,49.0,5.0,17.0,397,pm2.5,11,2,0,1,0,0,0,0
2018-11-29,203.0,77.0759137769447,50.0,52.0,15.0,19.0,364,pm2.5,11,3,0,1,0,0,0,0
2018-11-30,280.0,77.09465791940019,38.0,47.0,5.0,17.0,423,pm2.5,11,4,0,1,0,0,0,0
2018-12-01,234.0,76.04498594189316,31.0,62.0,9.0,25.0,388,pm2.5,12,5,1,0,0,0,0,1
2018-12-02,244.0,76.06373008434863,45.0,67.0,21.0,25.0,395,pm2.5,12,6,1,0,0,0,0,1
2018-12-03,265.0,76.08247422680412,55.0,64.0,8.0,28.0,412,pm2.5,12,0,0,0,0,0,0,1
2018-12-04,283.0,76.10121836925961,19.0,56.0,3.0,16.0,425,pm2.5,12,1,0,0,0,0,0,1
2018-12-05,252.0,76.11996251171509,2.0,99.0,19.0,21.0,402,pm2.5,12,2,0,0,0,0,0,1
2018-12-06,331.0,76.13870665417056,33.0,54.0,8.0,31.0,462,pm2.5,12,3,0,0,0,0,0,1
2018-12-07,238.0,76.15745079662605,36.0,58.0,16.0,16.0,391,pm2.5,12,4,0,0,0,0,0,1
2018-12-08,281.0,76.17619493908154,39.0,58.0,9.0,22.0,424,pm2.5,12,5,1,0,0,0,0,1
2018-12-09,283.0,76.19493908153702,34.0,59.0,12.0,34.0,425,pm2.5,12,6,1,0,0,0,0,1
2018-12-10,314.0,76.2136832239925,47.0,36.0,4.0,20.0,449,pm2.5,12,0,0,0,0,0,0,1
2018-12-11,283.0,76.23242736644798,36.5,37.0,5.0,18.0,425,pm2.5,12,1,0,0,0,0,0,1
2018-12-14,245.5,76.25117150890347,26.0,38.0,6.0,16.0,397,pm2.5,12,4,0,0,0,0,0,1
2018-12-15,208.0,76.26991565135896,38.0,48.0,7.0,22.0,368,pm2.5,12,5,1,0,0,0,0,1
2018-12-16,225.0,76.28865979381443,36.0,48.0,7.0,30.0,381,pm2.5,12,6,1,0,0,0,0,1
2018-12-17,268.0,76.3074039362699,31.0,48.0,6.0,26.0,414,pm2.5,12,0,0,0,0,0,0,1
2018-12-18,228.0,76.3261480787254,36.0,47.0,18.0,18.0,383,pm2.5,12,1,0,0,0,0,0,1
2018-12-19,261.0,76.34489222118088,39.0,48.0,14.0,19.0,408,pm2.5,12,2,0,0,0,0,0,1
2018-12-20,269.0,76.36363636363636,36.0,48.0,15.0,16.0,415,pm2.5,12,3,0,0,0,0,0,1
2018-12-21,291.0,76.38238050609185,38.0,55.0,18.0,29.0,432,pm2.5,12,4,0,0,0,0,0,1
2018-12-22,369.0,76.40112464854732,40.0,41.0,7.0,16.0,492,pm2.5,12,5,1,0,0,0,0,1
2018-12-23,291.0,76.41986879100281,39.0,48.0,8.0,22.0,432,pm2.5,12,6,1,0,0,0,0,1
2018-12-24,287.0,76.4386129334583,40.0,43.0,7.0,20.0,428,pm2.5,12,0,0,0,0,0,0,1
2018-12-25,261.0,76.45735707591378,31.0,43.0,8.0,17.0,408,pm2.5,12,1,0,0,0,0,0,1
2018-12-26,290.0,76.47610121836925,37.0,47.0,11.0,20.0,431,pm2.5,12,2,0,0,0,0,0,1
2018-12-27,269.0,76.49484536082474,36.0,36.0,7.0,17.0,415,pm2.5,12,3,0,0,0,0,0,1
2018-12-28,235.0,76.51358950328023,34.0,40.0,8.0,11.0,388,pm2.5,12,4,0,0,0,0,0,1
2018-12-29,278.0,76.5323336457357,39.0,56.0,12.0,22.0,422,pm2.5,12,5,1,0,0,0,0,1
2018-12-30,379.0,76.5510777881912,28.0,56.5,9.0,36.5,499,pm2.5,12,6,1,0,0,0,0,1
2019-03-18,147.0,75.80131208997189,40.0,42.0,6.0,24.0,341,co,3,0,0,0,0,1,0,0
2019-03-19,133.0,75.82005623242736,37.0,33.0,7.0,20.0,318,co,3,1,0,0,0,1,0,0
2019-03-20,152.0,75.83880037488285,36.0,17.0,5.0,19.0,325,pm2.5,3,2,0,0,0,1,0,0
2019-03-21,162.0,75.85754451733833,35.0,11.0,3.0,6.0,332,pm2.5,3,3,0,0,0,1,0,0
2019-03-22,105.0,75.87628865979381,41.0,13.0,5.0,5.0,250,pm2.5,3,4,0,0,0,1,0,0
2019-03-23,91.0,75.89503280224929,37.0,24.0,10.0,17.0,300,co,3,5,1,0,0,1,0,0
2019-03-24,119.0,75.91377694470478,45.0,41.0,9.0,26.0,353,co,3,6,1,0,0,1,0,0
2019-03-25,181.0,75.93252108716027,30.5,40.5,6.0,29.5,374,co,3,0,0,0,0,1,0,0
2019-03-27,154.5,75.95126522961574,16.0,40.0,3.0,33.0,394,co,3,2,0,0,0,1,0,0
2019-03-28,128.0,75.97000937207123,18.0,38.0,4.0,22.0,329,co,3,3,0,0,0,1,0,0
2019-03-29,169.0,75.9887535145267,18.0,45.0,3.0,26.0,353,co,3,4,0,0,0,1,0,0
2019-03-30,179.0,76.0074976569822,14.0,26.0,2.0,21.0,345,pm2.5,3,5,1,0,0,1,0,0
2019-03-31,138.0,76.02624179943767,19.0,27.0,3.0,19.0,314,pm2.5,3,6,1,0,0,1,0,0
2019-04-01,129.0,75.2389878163074,20.0,25.0,2.0,18.0,307,pm2.5,4,0,0,0,0,0,1,0
2019-04-02,134.0,75.25773195876289,22.0,35.0,4.0,22.0,329,co,4,1,0,0,0,0,1,0
2019-04-03,156.0,75.27647610121836,21.0,34.0,2.0,25.0,347,co,4,2,0,0,0,0,1,0
2019-04-04,161.0,75.29522024367385,23.0,29.0,3.0,24.0,341,co,4,3,0,0,0,0,1,0
2019-04-05,162.0,75.31396438612933,19.0,25.0,2.0,20.0,332,pm2.5,4,4,0,0,0,0,1,0
2019-04-06,159.0,75.33270852858482,15.0,14.0,2.0,10.0,330,pm2.5,4,5,1,0,0,0,1,0
2019-04-07,104.0,75.3514526710403,15.0,21.0,2.0,18.0,306,co,4,6,1,0,0,0,1,0
2019-04-08,132.0,75.37019681349578,15.0,23.0,2.0,19.0,312,co,4,0,0,0,0,0,1,0
2019-04-09,146.0,75.38894095595127,16.0,24.0,4.0,21.0,324,co,4,1,0,0,0,0,1,0
2019-04-10,151.0,75.40768509840674,20.0,27.0,2.0,19.0,324,pm2.5,4,2,0,0,0,0,1,0
2019-04-11,143.0,75.42642924086223,16.0,27.0,3.0,20.0,318,pm2.5,4,3,0,0,0,0,1,0
2019-04-12,157.0,75.44517338331771,19.0,21.0,1.0,20.0,328,pm2.5,4,4,0,0,0,0,1,0
2019-04-13,133.0,75.4639175257732,18.0,17.0,2.0,16.0,310,pm2.5,4,5,1,0,0,0,1,0
2019-04-14,99.0,75.48266166822867,9.0,56.0,4.0,25.0,347,co,4,6,1,0,0,0,1,0
2019-04-15,110.0,75.50140581068416,18.0,21.0,2.0,17.0,300,co,4,0,0,0,0,0,1,0
2019-04-16,124.0,75.52014995313965,27.0,14.0,1.0,12.0,303,pm2.5,4,1,0,0,0,0,1,0
2019-04-17,73.0,75.53889409559513,24.0,17.0,1.0,15.0,271,co,4,2,0,0,0,0,1,0
2019-04-18,91.0,75.5576382380506,22.0,18.0,4.0,12.0,229,co,4,3,0,0,0,0,1,0
2019-04-19,104.0,75.57638238050609,25.0,24.0,2.0,15.0,271,co,4,4,0,0,0,0,1,0
2019-04-20,146.0,75.59512652296158,26.0,30.0,4.0,24.0,341,co,4,5,1,0,0,0,1,0
2019-04-21,148.0,75.61387066541705,19.0,42.0,2.0,27.0,359,co,4,6,1,0,0,0,1,0
2019-04-22,142.0,75.63261480787254,71.0,23.0,4.0,15.0,317,pm2.5,4,0,0,0,0,0,1,0
2019-04-23,162.0,75.65135895032802,63.0,19.0,8.0,10.0,332,pm2.5,4,1,0,0,0,0,1,0
2019-04-24,157.0,75.6701030927835,53.0,28.0,7.0,15.0,328,pm2.5,4,2,0,0,0,0,1,0
2019-04-25,158.0,75.68884723523898,51.0,28.0,7.0,11.0,329,pm2.5,4,3,0,0,0,0,1,0
2019-04-26,158.0,75.70759137769447,34.0,27.0,6.0,9.0,329,pm2.5,4,4,0,0,0,0,1,0
2019-04-27,135.0,75.72633552014995,44.0,26.0,9.0,9.0,312,pm2.5,4,5,1,0,0,0,1,0
2019-04-28,144.0,75.74507966260543,45.0,27.0,8.0,13.0,318,pm2.5,4,6,1,0,0,0,1,0
2019-04-29,139.0,75.76382380506092,57.0,35.0,8.0,14.0,315,pm2.5,4,0,0,0,0,0,1,0
2019-04-30,161.0,75.7825679475164,56.0,31.0,9.0,14.0,332,pm2.5,4,1,0,0,0,0,1,0
2019-05-01,161.0,74.65791940018744,44.0,25.0,5.0,12.0,332,pm2.5,5,2,0,0,0,0,1,0
2019-05-02,161.0,74.67666354264293,43.0,23.0,5.0,9.0,332,pm2.5,5,3,0,0,0,0,1,0
2019-05-03,135.0,74.6954076850984,46.0,29.0,6.0,10.0,312,pm2.5,5,4,0,0,0,0,1,0
2019-05-04,140.0,74.71415182755389,51.0,38.0,7.0,13.0,315,pm2.5,5,5,1,0,0,0,1,0
2019-05-05,139.0,74.73289597000937,42.0,38.0,16.0,13.0,315,pm2.5,5,6,1,0,0,0,1,0
2019-05-06,142.0,74.75164011246486,39.0,46.0,26.0,14.0,317,pm2.5,5,0,0,0,0,0,1,0
2019-05-07,169.0,74.77038425492034,33.0,43.0,17.0,15.0,338,pm2.5,5,1,0,0,0,0,1,0
2019-05-08,179.0,74.78912839737582,29.0,33.0,8.0,11.0,345,pm2.5,5,2,0,0,0,0,1,0
2019-05-09,155.0,74.8078725398313,31.0,31.0,10.0,10.0,327,pm2.5,5,3,0,0,0,0,1,0
2019-05-10,144.0,74.82661668228678,39.0,37.0,12.0,13.0,318,pm2.5,5,4,0,0,0,0,1,0
2019-05-11,144.0,74.84536082474227,61.0,18.0,6.0,8.0,318,pm2.5,5,5,1,0,0,0,1,0
2019-05-12,159.0,74.86410496719775,43.0,23.0,14.0,7.0,330,pm2.5,5,6,1,0,0,0,1,0
2019-05-13,178.0,74.88284910965324,43.0,24.0,3.0,8.0,345,pm2.5,5,0,0,0,0,0,1,0
2019-05-14,116.0,74.90159325210871,55.0,26.0,5.0,9.0,287,pm2.5,5,1,0,0,0,0,1,0
2019-05-15,148.0,74.9203373945642,42.0,23.0,4.0,7.0,322,pm2.5,5,2,0,0,0,0,1,0
2019-05-16,114.0,74.93908153701967,44.0,22.0,4.0,8.0,280,pm2.5,5,3,0,0,0,0,1,0
2019-05-17,145.0,74.95782567947516,35.0,16.0,4.0,6.0,319,pm2.5,5,4,0,0,0,0,1,0
2019-05-18,107.0,74.97656982193064,57.0,23.0,5.0,8.0,257,pm2.5,5,5,1,0,0,0,1,0
2019-05-19,143.0,74.99531396438613,55.0,35.0,11.0,16.0,318,pm2.5,5,6,1,0,0,0,1,0
2019-05-20,144.0,75.01405810684162,49.0,44.0,11.0,17.0,318,pm2.5,5,0,0,0,0,0,1,0
2019-05-21,171.0,75.03280224929709,48.0,30.0,11.0,13.0,339,pm2.5,5,1,0,0,0,0,1,0
2019-05-22,145.0,75.05154639175258,53.0,26.0,7.0,12.0,319,pm2.5,5,2,0,0,0,0,1,0
2019-05-23,138.0,75.07029053420806,39.0,19.0,8.0,6.0,314,pm2.5,5,3,0,0,0,0,1,0
2019-05-24,121.0,75.08903467666354,47.0,15.0,4.0,6.0,301,pm2.5,5,4,0,0,0,0,1,0
2019-05-25,115.0,75.10777881911902,50.0,29.0,11.0,12.0,283,pm2.5,5,5,1,0,0,0,1,0
2019-05-26,122.0,75.12652296157451,51.0,40.0,13.0,15.0,302,pm2.5,5,6,1,0,0,0,1,0
2019-05-27,135.0,75.14526710402998,56.0,39.0,12.0,14.0,312,pm2.5,5,0,0,0,0,0,1,0
2019-05-28,135.0,75.16401124648547,58.0,40.0,10.0,17.0,312,pm2.5,5,1,0,0,0,0,1,0
2019-05-29,129.0,75.18275538894096,62.0,46.0,13.0,19.0,312,co,5,2,0,0,0,0,1,0
2019-05-30,153.0,75.20149953139644,53.0,25.0,8.0,12.0,325,pm2.5,5,3,0,0,0,0,1,0
2019-05-31,161.0,75.22024367385193,49.0,21.0,7.0,13.0,332,pm2.5,5,4,0,0,0,0,1,0
2019-06-01,137.0,74.11433926897844,38.0,12.0,5.0,10.0,313,pm2.5,6,5,1,0,1,0,0,0
2019-06-02,147.0,74.13308341143393,45.0,12.0,4.0,9.0,321,pm2.5,6,6,1,0,1,0,0,0
2019-06-03,111.0,74.1518275538894,48.0,16.0,7.0,11.0,270,pm2.5,6,0,0,0,1,0,0,0
2019-06-04,129.0,74.1705716963449,53.0,16.0,7.0,12.0,307,pm2.5,6,1,0,0,1,0,0,0
2019-06-05,152.0,74.18931583880037,46.0,13.0,5.0,12.0,325,pm2.5,6,2,0,0,1,0,0,0
2019-06-06,149.0,74.20805998125586,48.0,14.0,4.0,8.0,322,pm2.5,6,3,0,0,1,0,0,0
2019-06-07,91.0,74.22680412371133,52.0,27.0,6.0,14.0,257,co,6,4,0,0,1,0,0,0
2019-06-08,115.0,74.24554826616682,64.0,32.0,7.0,15.0,283,pm2.5,6,5,1,0,1,0,0,0
2019-06-09,136.0,74.26429240862231,63.0,37.0,9.0,15.0,312,pm2.5,6,6,1,0,1,0,0,0
2019-06-10,159.0,74.28303655107779,61.0,21.0,6.0,11.0,330,pm2.5,6,0,0,0,1,0,0,0
2019-06-11,139.0,74.30178069353327,32.0,16.0,4.0,10.0,315,pm2.5,6,1,0,0,1,0,0,0
2019-06-12,115.0,74.32052483598875,19.0,29.0,5.0,18.0,306,co,6,2,0,0,1,0,0,0
2019-06-13,155.0,74.33926897844424,36.0,28.0,13.0,13.0,327,pm2.5,6,3,0,0,1,0,0,0
2019-06-14,113.0,74.35801312089971,50.0,36.0,11.0,16.0,286,co,6,4,0,0,1,0,0,0
2019-06-15,147.0,74.3767572633552,35.0,13.0,13.0,6.0,321,pm2.5,6,5,1,0,1,0,0,0
2019-06-16,116.0,74.39550140581068,29.0,16.0,10.5,9.0,287,pm2.5,6,6,1,0,1,0,0,0
2019-06-18,123.0,74.41424554826617,23.0,19.0,8.0,12.0,302,pm2.5,6,1,0,0,1,0,0,0
2019-06-19,130.0,74.43298969072166,38.0,19.0,7.0,8.0,308,pm2.5,6,2,0,0,1,0,0,0
2019-06-20,111.0,74.45173383317713,35.0,18.0,3.0,9.0,270,pm2.5,6,3,0,0,1,0,0,0
2019-06-21,130.0,74.47047797563262,31.0,16.0,2.0,9.0,308,pm2.5,6,4,0,0,1,0,0,0
2019-06-22,111.0,74.4892221180881,13.0,8.0,2.0,7.0,270,pm2.5,6,5,1,0,1,0,0,0
2019-06-23,68.0,74.50796626054358,19.0,12.0,3.0,10.0,200,co,6,6,1,0,1,0,0,0
2019-06-24,107.0,74.52671040299906,23.0,19.0,2.0,12.0,257,pm2.5,6,0,0,0,1,0,0,0
2019-06-25,105.0,74.54545454545455,24.0,25.0,2.0,13.0,250,pm2.5,6,1,0,0,1,0,0,0
2019-06-26,99.0,74.56419868791002,38.0,31.0,7.0,17.0,300,co,6,2,0,0,1,0,0,0
2019-06-27,126.0,74.58294283036551,49.0,31.0,5.0,15.0,305,pm2.5,6,3,0,0,1,0,0,0
2019-06-28,116.0,74.601686972821,39.0,32.0,9.0,16.0,287,pm2.5,6,4,0,0,1,0,0,0
2019-06-29,127.0,74.62043111527647,37.0,19.0,4.0,9.0,305,pm2.5,6,5,1,0,1,0,0,0
2019-06-30,127.0,74.63917525773196,27.0,18.0,2.0,12.0,305,pm2.5,6,6,1,0,1,0,0,0
2019-07-01,146.0,73.53327085285848,13.0,17.0,2.0,11.0,320,pm2.5,7,0,0,0,1,0,0,0
2019-07-02,112.0,73.55201499531397,11.0,12.0,2.0,9.0,273,pm2.5,7,1,0,0,1,0,0,0
2019-07-03,69.0,73.57075913776944,14.0,10.0,1.0,7.0,162,co,7,2,0,0,1,0,0,0
2019-07-04,94.0,73.58950328022493,25.0,16.0,2.0,12.0,229,co,7,3,0,0,1,0,0,0
2019-07-05,86.0,73.6082474226804,17.0,17.0,2.0,8.0,187,pm2.5,7,4,0,0,1,0,0,0
2019-07-06,71.0,73.6269915651359,21.0,20.0,2.0,10.0,200,co,7,5,1,0,1,0,0,0
2019-07-07,92.0,73.64573570759137,13.0,25.0,3.0,21.0,324,co,7,6,1,0,1,0,0,0
2019-07-08,70.0,73.66447985004686,12.0,19.0,2.0,11.0,214,co,7,0,0,0,1,0,0,0
2019-07-09,70.0,73.68322399250235,7.0,15.0,3.0,11.0,214,co,7,1,0,0,1,0,0,0
2019-07-10,75.0,73.70196813495782,16.0,12.0,2.0,14.0,257,co,7,2,0,0,1,0,0,0
2019-07-11,74.0,73.72071227741331,7.0,20.0,2.0,17.0,300,co,7,3,0,0,1,0,0,0
2019-07-12,114.0,73.73945641986879,7.0,17.0,5.0,10.0,280,pm2.5,7,4,0,0,1,0,0,0
2019-07-13,119.0,73.75820056232428,14.0,15.0,9.0,8.0,297,pm2.5,7,5,1,0,1,0,0,0
2019-07-14,107.0,73.77694470477975,18.0,17.0,7.0,9.0,257,pm2.5,7,6,1,0,1,0,0,0
2019-07-15,102.0,73.79568884723524,23.0,16.0,3.0,8.0,240,pm2.5,7,0,0,0,1,0,0,0
2019-07-16,75.0,73.81443298969072,20.0,16.0,3.0,8.0,175,co,7,1,0,0,1,0,0,0
2019-07-17,84.0,73.8331771321462,24.0,17.0,3.0,9.0,188,co,7,2,0,0,1,0,0,0
2019-07-18,92.0,73.8519212746017,15.0,22.0,3.0,13.0,243,co,7,3,0,0,1,0,0,0
2019-07-19,114.0,73.87066541705717,15.0,16.0,2.0,12.0,280,pm2.5,7,4,0,0,1,0,0,0
2019-07-20,106.0,73.88940955951266,10.0,11.0,2.0,11.0,253,pm2.5,7,5,1,0,1,0,0,0
2019-07-21,96.0,73.90815370196813,29.0,16.0,3.0,10.0,220,pm2.5,7,6,1,0,1,0,0,0
2019-07-22,85.0,73.92689784442362,31.0,17.0,3.0,10.0,200,co,7,0,0,0,1,0,0,0
2019-07-23,111.0,73.9456419868791,13.0,11.0,2.0,9.0,270,pm2.5,7,1,0,0,1,0,0,0
2019-07-24,79.0,73.96438612933459,16.0,12.0,2.0,11.0,214,co,7,2,0,0,1,0,0,0
2019-07-25,51.0,73.98313027179006,20.0,13.0,2.0,12.0,229,co,7,3,0,0,1,0,0,0
2019-07-26,68.0,74.00187441424555,16.0,11.0,3.0,11.0,214,co,7,4,0,0,1,0,0,0
2019-07-27,69.0,74.02061855670102,15.0,7.0,2.0,8.0,175,co,7,5,1,0,1,0,0,0
2019-07-28,53.0,74.03936269915651,19.0,10.0,3.0,8.0,175,co,7,6,1,0,1,0,0,0
2019-07-29,56.0,74.05810684161199,18.0,10.0,2.0,12.0,229,co,7,0,0,0,1,0,0,0
2019-07-30,60.0,74.07685098406748,19.0,12.0,2.0,11.0,214,co,7,1,0,0,1,0,0,0
2019-07-31,83.0,74.09559512652297,19.0,12.0,2.0,11.0,214,co,7,2,0,0,1,0,0,0
2019-08-01,89.0,72.98969072164948,23.0,11.0,2.0,9.0,197,pm2.5,8,3,0,0,1,0,0,0
2019-08-02,89.0,73.00843486410497,24.0,13.0,2.0,13.0,243,co,8,4,0,0,1,0,0,0
2019-08-03,97.0,73.02717900656044,29.0,14.0,2.0,8.0,223,pm2.5,8,5,1,0,1,0,0,0
2019-08-04,97.0,73.04592314901593,20.0,17.0,3.0,14.0,257,co,8,6,1,0,1,0,0,0
2019-08-05,102.0,73.06466729147141,19.0,12.0,3.0,11.0,240,pm2.5,8,0,0,0,1,0,0,0
2019-08-06,76.0,73.0834114339269,20.0,10.0,2.0,9.0,188,co,8,1,0,0,1,0,0,0
2019-08-07,32.0,73.10215557638239,16.0,8.0,2.0,7.0,162,co,8,2,0,0,1,0,0,0
2019-08-08,39.0,73.12089971883786,16.0,7.0,2.0,10.0,200,co,8,3,0,0,1,0,0,0
2019-08-09,46.0,73.13964386129335,19.0,10.0,2.0,11.0,214,co,8,4,0,0,1,0,0,0
2019-08-10,51.0,73.15838800374883,20.0,15.0,4.0,12.0,229,co,8,5,1,0,1,0,0,0
2019-08-11,78.0,73.17713214620431,21.0,13.0,10.0,9.0,188,co,8,6,1,0,1,0,0,0
2019-08-12,60.0,73.19587628865979,12.0,12.0,2.0,11.0,214,co,8,0,0,0,1,0,0,0
2019-08-13,74.0,73.21462043111528,13.0,8.0,2.0,12.0,229,co,8,1,0,0,1,0,0,0
2019-08-14,41.0,73.23336457357075,16.0,7.0,3.0,9.0,188,co,8,2,0,0,1,0,0,0
2019-08-15,61.0,73.25210871602624,13.0,7.0,2.0,8.0,175,co,8,3,0,0,1,0,0,0
2019-08-16,36.0,73.27085285848172,14.0,9.0,2.0,10.0,200,co,8,4,0,0,1,0,0,0
2019-08-17,27.0,73.2895970009372,16.0,9.0,9.0,9.0,188,co,8,5,1,0,1,0,0,0
2019-08-18,59.0,73.30834114339268,10.0,10.0,2.0,12.0,229,co,8,6,1,0,1,0,0,0
2019-08-19,59.0,73.32708528584817,13.0,12.0,2.0,14.0,257,co,8,0,0,0,1,0,0,0
2019-08-20,52.0,73.34582942830366,11.0,12.0,5.0,16.0,286,co,8,1,0,0,1,0,0,0
2019-08-21,51.0,73.36457357075913,17.0,9.0,2.0,9.0,188,co,8,2,0,0,1,0,0,0
2019-08-22,54.0,73.38331771321462,5.0,13.0,2.0,24.0,341,co,8,3,0,0,1,0,0,0
2019-08-23,66.0,73.4020618556701,15.0,12.0,6.0,22.375,332,co,8,4,0,0,1,0,0,0
2019-08-24,81.0,73.42080599812559,14.0,8.0,3.0,20.75,322,co,8,5,1,0,1,0,0,0
2019-08-25,62.0,73.43955014058106,15.0,10.0,2.0,19.125,312,co,8,6,1,0,1,0,0,0
2019-08-26,62.0,73.45829428303655,16.0,13.0,3.0,17.5,303,co,8,0,0,0,1,0,0,0
2019-08-27,95.0,73.47703842549203,18.0,10.0,3.0,15.875,284,co,8,1,0,0,1,0,0,0
2019-08-28,88.0,73.49578256794751,15.0,8.0,5.0,14.25,261,co,8,2,0,0,1,0,0,0
2019-08-29,94.0,73.514526710403,14.0,12.5,3.5,12.625,238,co,8,3,0,0,1,0,0,0
2019-09-05,220.5,72.50234301780694,15.0,15.0,3.0,8.530685920577618,377,pm2.5,9,3,0,0,1,0,0,0
2019-09-06,84.0,72.52108716026241,13.0,15.0,3.0,8.548736462093864,182,co,9,4,0,0,1,0,0,0
2019-09-07,89.0,72.5398313027179,13.0,11.0,2.0,8.56678700361011,197,pm2.5,9,5,1,0,1,0,0,0
2019-09-08,78.0,72.55857544517337,15.0,15.0,3.0,8.584837545126355,182,co,9,6,1,0,1,0,0,0
2019-09-09,74.0,72.57731958762886,17.0,16.0,3.0,8.602888086642599,183,co,9,0,0,0,1,0,0,0
2019-09-10,107.0,72.59606373008435,17.0,17.0,4.0,8.620938628158845,257,pm2.5,9,1,0,0,1,0,0,0
2019-09-11,119.0,72.61480787253983,13.0,13.0,3.0,8.63898916967509,297,pm2.5,9,2,0,0,1,0,0,0
2019-09-12,92.0,72.63355201499532,8.0,10.0,3.0,8.657039711191334,207,pm2.5,9,3,0,0,1,0,0,0
2019-09-13,45.0,72.65229615745079,12.0,12.0,3.0,8.67509025270758,183,co,9,4,0,0,1,0,0,0
2019-09-14,69.0,72.67104029990628,10.0,12.0,3.0,8.693140794223826,184,co,9,5,1,0,1,0,0,0
2019-09-15,90.0,72.68978444236176,11.0,17.0,3.0,8.711191335740072,200,pm2.5,9,6,1,0,1,0,0,0
2019-09-16,75.0,72.70852858481724,15.0,12.0,2.0,8.729241877256317,184,co,9,0,0,0,1,0,0,0
2019-09-17,82.0,72.72727272727272,10.0,10.0,2.0,8.747292418772563,184,co,9,1,0,0,1,0,0,0
2019-09-18,56.0,72.74601686972821,10.0,10.0,3.0,8.765342960288809,185,co,9,2,0,0,1,0,0,0
2019-09-19,55.0,72.7647610121837,14.0,15.0,2.0,8.783393501805055,185,co,9,3,0,0,1,0,0,0
2019-09-20,99.0,72.78350515463917,13.0,18.0,3.0,8.8014440433213,230,pm2.5,9,4,0,0,1,0,0,0
2019-09-21,146.0,72.80224929709466,11.0,12.0,3.0,8.819494584837546,320,pm2.5,9,5,1,0,1,0,0,0
2019-09-22,65.0,72.82099343955014,7.0,16.0,3.0,8.837545126353792,185,co,9,6,1,0,1,0,0,0
2019-09-23,92.0,72.83973758200563,15.0,14.0,3.0,8.855595667870036,207,pm2.5,9,0,0,0,1,0,0,0
2019-09-24,86.0,72.8584817244611,11.0,10.0,2.0,8.873646209386282,187,pm2.5,9,1,0,0,1,0,0,0
2019-09-25,81.0,72.87722586691659,8.0,9.0,3.0,8.891696750902527,186,co,9,2,0,0,1,0,0,0
2019-09-26,47.0,72.89597000937206,6.0,11.0,2.0,8.909747292418771,186,co,9,3,0,0,1,0,0,0
2019-09-27,51.0,72.91471415182755,8.0,9.0,2.0,8.927797833935017,187,co,9,4,0,0,1,0,0,0
2019-09-28,44.0,72.93345829428304,8.0,9.0,2.0,8.945848375451263,187,co,9,5,1,0,1,0,0,0
2019-09-29,113.0,72.95220243673852,12.0,10.0,2.0,8.963898916967509,277,pm2.5,9,6,1,0,1,0,0,0
2019-09-30,99.0,72.970946579194,14.0,13.0,3.0,8.981949458483754,230,pm2.5,9,0,0,0,1,0,0,0
2019-10-01,99.0,71.95876288659794,13.0,14.0,2.0,8.007220216606498,230,pm2.5,10,1,0,1,0,0,0,0
2019-10-02,77.0,71.97750702905341,12.0,17.0,4.0,8.025270758122744,175,co,10,2,0,1,0,0,0,0
2019-10-03,102.0,71.9962511715089,20.0,28.0,7.0,8.04332129963899,240,pm2.5,10,3,0,1,0,0,0,0
2019-10-04,145.0,72.01499531396439,23.0,24.0,4.0,8.061371841155236,319,pm2.5,10,4,0,1,0,0,0,0
2019-10-05,177.0,72.03373945641987,30.0,25.0,6.0,8.079422382671481,344,pm2.5,10,5,1,1,0,0,0,0
2019-10-06,124.0,72.05248359887536,27.0,30.0,8.0,8.097472924187725,303,pm2.5,10,6,1,1,0,0,0,0
2019-10-07,157.0,72.07122774133083,25.0,23.0,7.0,8.115523465703971,328,pm2.5,10,0,0,1,0,0,0,0
2019-10-08,143.0,72.08997188378632,26.0,33.0,7.0,8.133574007220217,318,pm2.5,10,1,0,1,0,0,0,0
2019-10-09,151.0,72.1087160262418,26.0,37.0,11.0,8.151624548736462,324,pm2.5,10,2,0,1,0,0,0,0
2019-10-10,155.0,72.12746016869728,27.0,35.0,14.0,8.169675090252706,327,pm2.5,10,3,0,1,0,0,0,0
2019-10-11,192.0,72.14620431115276,24.0,34.0,10.0,8.187725631768952,355,pm2.5,10,4,0,1,0,0,0,0
2019-10-12,170.0,72.16494845360825,33.0,43.0,19.0,8.205776173285198,338,pm2.5,10,5,1,1,0,0,0,0
2019-10-13,177.0,72.18369259606374,34.0,37.0,11.0,8.223826714801444,344,pm2.5,10,6,1,1,0,0,0,0
2019-10-14,178.0,72.20243673851921,32.0,31.0,5.0,8.24187725631769,345,pm2.5,10,0,0,1,0,0,0,0
2019-10-15,167.0,72.2211808809747,31.0,21.0,4.0,8.259927797833935,336,pm2.5,10,1,0,1,0,0,0,0
2019-10-16,183.0,72.23992502343017,25.0,29.0,4.0,8.277978339350181,348,pm2.5,10,2,0,1,0,0,0,0
2019-10-17,182.0,72.25866916588566,29.0,26.0,6.0,8.296028880866427,348,pm2.5,10,3,0,1,0,0,0,0
2019-10-18,163.0,72.27741330834114,26.0,29.0,5.0,8.314079422382672,333,pm2.5,10,4,0,1,0,0,0,0
2019-10-19,171.0,72.29615745079663,25.0,22.0,8.0,8.332129963898918,339,pm2.5,10,5,1,1,0,0,0,0
2019-10-20,183.0,72.3149015932521,31.0,25.0,16.0,8.350180505415162,348,pm2.5,10,6,1,1,0,0,0,0
2019-10-21,188.0,72.33364573570759,31.0,37.0,19.0,8.368231046931408,352,pm2.5,10,0,0,1,0,0,0,0
2019-10-22,188.0,72.35238987816308,34.0,47.0,20.0,8.386281588447654,352,pm2.5,10,1,0,1,0,0,0,0
2019-10-23,196.0,72.37113402061856,31.0,37.0,6.0,8.404332129963898,358,pm2.5,10,2,0,1,0,0,0,0
2019-10-24,177.0,72.38987816307404,29.0,17.0,4.0,8.422382671480143,344,pm2.5,10,3,0,1,0,0,0,0
2019-10-25,174.0,72.40862230552952,30.5,27.5,10.0,8.440433212996389,342,pm2.5,10,4,0,1,0,0,0,0
2019-10-28,207.5,72.42736644798501,32.0,38.0,16.0,8.458483754512635,367,pm2.5,10,0,0,1,0,0,0,0
2019-10-29,241.0,72.44611059044048,6.0,54.0,13.0,8.47653429602888,393,pm2.5,10,1,0,1,0,0,0,0
2019-10-30,343.0,72.46485473289597,25.0,49.0,13.0,8.494584837545126,472,pm2.5,10,2,0,1,0,0,0,0
2019-10-31,357.0,72.48359887535145,29.0,56.0,28.0,8.512635379061372,482,pm2.5,10,3,0,1,0,0,0,0
2019-11-01,297.0,71.39643861293345,32.0,57.0,17.0,7.465703971119133,436,pm2.5,11,4,0,1,0,0,0,0
2019-11-02,258.0,71.41518275538894,23.0,32.0,15.0,7.483754512635379,406,pm2.5,11,5,1,1,0,0,0,0
2019-11-03,292.0,71.43392689784443,20.0,36.0,6.0,7.501805054151625,432,pm2.5,11,6,1,1,0,0,0,0
2019-11-04,412.0,71.4526710402999,27.0,38.0,7.0,7.51985559566787,525,pm2.5,11,0,0,1,0,0,0,0
2019-11-05,343.0,71.4714151827554,23.0,47.0,23.0,7.537906137184116,472,pm2.5,11,1,0,1,0,0,0,0
2019-11-06,249.0,71.49015932521087,32.0,42.0,8.0,7.555956678700361,399,pm2.5,11,2,0,1,0,0,0,0
2019-11-07,250.0,71.50890346766636,35.0,49.0,8.0,7.574007220216607,400,pm2.5,11,3,0,1,0,0,0,0
2019-11-08,247.0,71.52764761012183,31.0,39.0,7.0,7.5920577617328515,398,pm2.5,11,4,0,1,0,0,0,0
2019-11-09,205.0,71.54639175257732,30.0,29.0,5.0,7.610108303249097,365,pm2.5,11,5,1,1,0,0,0,0
2019-11-10,188.0,71.5651358950328,35.0,39.0,6.0,7.628158844765343,352,pm2.5,11,6,1,1,0,0,0,0
2019-11-11,220.0,71.58388003748829,37.0,49.0,8.0,7.646209386281589,377,pm2.5,11,0,0,1,0,0,0,0
2019-11-12,271.0,71.60262417994377,45.0,49.0,14.0,7.664259927797834,416,pm2.5,11,1,0,1,0,0,0,0
2019-11-13,313.0,71.62136832239925,41.0,41.0,9.0,7.682310469314079,448,pm2.5,11,2,0,1,0,0,0,0
2019-11-14,281.0,71.64011246485474,39.0,36.0,12.0,7.700361010830324,424,pm2.5,11,3,0,1,0,0,0,0
2019-11-15,284.0,71.65885660731021,26.0,41.0,30.0,7.71841155234657,426,pm2.5,11,4,0,1,0,0,0,0
2019-11-16,334.0,71.6776007497657,26.0,17.0,7.0,7.736462093862816,465,pm2.5,11,5,1,1,0,0,0,0
2019-11-17,206.0,71.69634489222118,26.0,21.0,4.0,7.754512635379061,366,pm2.5,11,6,1,1,0,0,0,0
2019-11-18,175.0,71.71508903467667,27.0,35.0,38.0,7.772563176895307,342,pm2.5,11,0,0,1,0,0,0,0
2019-11-19,231.0,71.73383317713214,37.0,40.0,26.0,7.790613718411553,385,pm2.5,11,1,0,1,0,0,0,0
2019-11-20,278.0,71.75257731958763,36.0,36.0,7.0,7.808664259927798,422,pm2.5,11,2,0,1,0,0,0,0
2019-11-21,236.0,71.7713214620431,33.0,38.0,18.0,7.826714801444043,389,pm2.5,11,3,0,1,0,0,0,0
2019-11-22,266.0,71.7900656044986,32.0,36.0,29.0,7.844765342960288,412,pm2.5,11,4,0,1,0,0,0,0
2019-11-23,286.0,71.80880974695407,26.0,21.0,8.0,7.862815884476534,428,pm2.5,11,5,1,1,0,0,0,0
2019-11-24,314.0,71.82755388940956,20.0,30.0,14.0,7.88086642599278,449,pm2.5,11,6,1,1,0,0,0,0
2019-11-25,314.0,71.84629803186505,29.0,37.0,8.0,7.898916967509026,449,pm2.5,11,0,0,1,0,0,0,0
2019-11-26,284.0,71.86504217432052,29.0,29.0,6.0,7.916967509025271,426,pm2.5,11,1,0,1,0,0,0,0
2019-11-27,297.0,71.88378631677601,28.0,21.0,7.0,7.935018050541516,436,pm2.5,11,2,0,1,0,0,0,0
2019-11-28,253.0,71.90253045923149,18.0,20.0,4.0,7.953068592057761,402,pm2.5,11,3,0,1,0,0,0,0
2019-11-29,128.0,71.92127460168697,19.0,22.0,6.0,7.971119133574007,306,pm2.5,11,4,0,1,0,0,0,0
2019-11-30,161.0,71.94001874414245,27.0,19.0,4.0,7.9891696750902526,332,pm2.5,11,5,1,1,0,0,0,0
2019-12-01,176.0,70.85285848172447,26.0,24.0,5.0,6.942238267148015,343,pm2.5,12,6,1,0,0,0,0,1
2019-12-02,187.0,70.87160262417994,30.0,29.0,7.0,6.960288808664259,352,pm2.5,12,0,0,0,0,0,0,1
2019-12-03,222.0,70.89034676663543,31.0,38.0,34.0,6.978339350180505,378,pm2.5,12,1,0,0,0,0,0,1
2019-12-04,245.0,70.9090909090909,33.0,33.0,7.0,6.996389891696751,396,pm2.5,12,2,0,0,0,0,0,1
2019-12-05,256.0,70.9278350515464,29.0,32.0,7.0,7.014440433212997,405,pm2.5,12,3,0,0,0,0,0,1
2019-12-06,260.0,70.94657919400187,28.0,24.0,5.0,7.032490974729242,408,pm2.5,12,4,0,0,0,0,0,1
2019-12-07,233.0,70.96532333645736,27.5,29.5,5.0,7.050541516245487,387,pm2.5,12,5,1,0,0,0,0,1
2019-12-08,217.0,70.98406747891283,27.0,35.0,5.0,7.068592057761733,375,pm2.5,12,6,1,0,0,0,0,1
2019-12-09,201.0,71.00281162136832,29.0,35.0,5.0,7.086642599277978,362,pm2.5,12,0,0,0,0,0,0,1
2019-12-10,234.0,71.0215557638238,34.0,37.0,7.0,7.104693140794224,388,pm2.5,12,1,0,0,0,0,0,1
2019-12-11,303.0,71.04029990627929,20.0,23.0,4.0,7.122743682310469,441,pm2.5,12,2,0,0,0,0,0,1
2019-12-12,246.0,71.05904404873476,13.0,12.0,8.0,7.140794223826715,397,pm2.5,12,3,0,0,0,0,0,1
2019-12-13,167.0,71.07778819119025,14.0,20.0,6.0,7.158844765342961,336,pm2.5,12,4,0,0,0,0,0,1
2019-12-14,173.0,71.09653233364574,15.0,20.0,2.0,7.176895306859206,341,pm2.5,12,5,1,0,0,0,0,1
2019-12-15,155.0,71.11527647610122,16.0,17.0,2.0,7.194945848375451,327,pm2.5,12,6,1,0,0,0,0,1
2019-12-16,167.0,71.1340206185567,15.0,17.0,1.0,7.212996389891696,336,pm2.5,12,0,0,0,0,0,0,1
2019-12-17,171.0,71.15276476101218,10.0,14.0,1.0,7.231046931407942,339,pm2.5,12,1,0,0,0,0,0,1
2019-12-18,178.0,71.17150890346767,15.0,19.0,2.0,7.249097472924188,345,pm2.5,12,2,0,0,0,0,0,1
2019-12-19,201.0,71.19025304592314,7.0,26.0,6.0,7.2671480144404335,362,pm2.5,12,3,0,0,0,0,0,1
2019-12-20,272.0,71.20899718837863,4.5,21.5,4.0,7.285198555956679,417,pm2.5,12,4,0,0,0,0,0,1
2019-12-22,259.5,71.2277413308341,2.0,17.0,2.0,7.303249097472924,407,pm2.5,12,6,1,0,0,0,0,1
2019-12-23,247.0,71.2464854732896,10.0,27.0,5.0,7.32129963898917,398,pm2.5,12,0,0,0,0,0,0,1
2019-12-24,282.0,71.26522961574508,9.0,24.0,3.0,7.339350180505415,425,pm2.5,12,1,0,0,0,0,0,1
2019-12-25,290.0,71.28397375820056,8.0,18.0,2.0,7.35740072202166,431,pm2.5,12,2,0,0,0,0,0,1
2019-12-26,239.0,71.30271790065605,12.0,24.0,9.0,7.375451263537906,392,pm2.5,12,3,0,0,0,0,0,1
2019-12-27,296.0,71.32146204311152,12.0,30.0,26.0,7.393501805054152,435,pm2.5,12,4,0,0,0,0,0,1
2019-12-28,381.0,71.34020618556701,10.0,25.0,5.0,7.411552346570398,501,pm2.5,12,5,1,0,0,0,0,1
2019-12-29,358.0,71.35895032802249,9.5,31.0,10.5,7.429602888086642,483,pm2.5,12,6,1,0,0,0,0,1
2019-12-31,327.5,71.37769447047798,9.0,37.0,16.0,7.447653429602888,460,pm2.5,12,1,0,0,0,0,0,1
2020-01-01,418.0,70.27179006560449,13.0,33.0,7.0,6.382671480144404,529,pm2.5,1,2,0,0,0,0,0,1
2020-01-02,294.0,70.29053420805998,11.0,18.0,3.0,6.40072202166065,434,pm2.5,1,3,0,0,0,0,0,1
2020-01-03,189.0,70.30927835051546,10.0,23.0,4.0,6.418772563176896,353,pm2.5,1,4,0,0,0,0,0,1
2020-01-04,175.0,70.32802249297094,15.0,21.0,10.0,6.436823104693141,342,pm2.5,1,5,1,0,0,0,0,1
2020-01-05,199.0,70.34676663542643,17.0,35.0,16.0,6.454873646209386,361,pm2.5,1,6,1,0,0,0,0,1
2020-01-06,206.0,70.36551077788191,18.0,27.0,5.0,6.472924187725631,366,pm2.5,1,0,0,0,0,0,0,1
2020-01-07,222.0,70.3842549203374,10.0,18.0,3.0,6.490974729241877,378,pm2.5,1,1,0,0,0,0,0,1
2020-01-08,211.0,70.40299906279287,9.0,22.0,5.0,6.509025270758123,370,pm2.5,1,2,0,0,0,0,0,1
2020-01-09,181.0,70.42174320524836,9.0,26.0,11.0,6.527075812274369,347,pm2.5,1,3,0,0,0,0,0,1
2020-01-10,222.0,70.44048734770384,4.0,34.0,14.0,6.5451263537906135,378,pm2.5,1,4,0,0,0,0,0,1
2020-01-11,283.0,70.45923149015933,24.0,38.0,13.0,6.563176895306859,425,pm2.5,1,5,1,0,0,0,0,1
2020-01-12,333.0,70.4779756326148,12.0,30.0,6.0,6.581227436823104,464,pm2.5,1,6,1,0,0,0,0,1
2020-01-13,335.0,70.49671977507029,21.0,27.0,11.0,6.59927797833935,465,pm2.5,1,0,0,0,0,0,0,1
2020-01-14,241.0,70.51546391752578,6.0,29.0,4.0,6.617328519855596,393,pm2.5,1,1,0,0,0,0,0,1
2020-01-15,245.0,70.53420805998125,11.0,17.0,2.0,6.635379061371841,396,pm2.5,1,2,0,0,0,0,0,1
2020-01-16,118.0,70.55295220243674,10.0,27.0,8.0,6.653429602888087,293,pm2.5,1,3,0,0,0,0,0,1
2020-01-17,203.0,70.57169634489222,6.0,28.0,6.0,6.671480144404332,364,pm2.5,1,4,0,0,0,0,0,1
2020-01-18,177.0,70.5904404873477,14.0,25.0,5.0,6.689530685920578,344,pm2.5,1,5,1,0,0,0,0,1
2020-01-19,170.0,70.60918462980318,24.0,24.0,6.0,6.707581227436823,338,pm2.5,1,6,1,0,0,0,0,1
2020-01-20,201.0,70.62792877225867,16.0,26.0,5.0,6.725631768953068,362,pm2.5,1,0,0,0,0,0,0,1
2020-01-21,232.0,70.64667291471415,16.0,26.0,4.0,6.743682310469314,386,pm2.5,1,1,0,0,0,0,0,1
2020-01-22,212.0,70.66541705716963,20.0,19.0,5.0,6.76173285198556,371,pm2.5,1,2,0,0,0,0,0,1
2020-01-23,156.0,70.68416119962512,22.0,28.0,7.0,6.7797833935018055,328,pm2.5,1,3,0,0,0,0,0,1
2020-01-24,161.0,70.7029053420806,25.0,37.0,12.0,6.79783393501805,332,pm2.5,1,4,0,0,0,0,0,1
2020-01-25,225.0,70.72164948453609,31.0,32.0,9.0,6.815884476534296,381,pm2.5,1,5,1,0,0,0,0,1
2020-01-26,233.0,70.74039362699156,32.0,44.0,21.0,6.833935018050541,387,pm2.5,1,6,1,0,0,0,0,1
2020-01-27,283.0,70.75913776944705,22.0,27.0,9.0,6.851985559566787,425,pm2.5,1,0,0,0,0,0,0,1
2020-01-28,224.0,70.77788191190253,18.0,17.0,6.0,6.870036101083032,380,pm2.5,1,1,0,0,0,0,0,1
2020-01-29,219.0,70.79662605435801,21.0,22.0,6.0,6.888086642599278,376,pm2.5,1,2,0,0,0,0,0,1
2020-01-30,145.0,70.81537019681349,23.0,29.0,12.0,6.906137184115524,319,pm2.5,1,3,0,0,0,0,0,1
2020-01-31,160.0,70.83411433926898,27.0,32.0,7.0,6.924187725631769,331,pm2.5,1,4,0,0,0,0,0,1
2020-02-01,179.0,69.7282099343955,24.0,27.0,12.0,5.859205776173285,345,pm2.5,2,5,1,0,0,1,0,0
2020-02-02,169.0,69.74695407685098,26.0,37.0,8.0,5.877256317689531,338,pm2.5,2,6,1,0,0,1,0,0
2020-02-03,207.0,69.76569821930647,24.0,44.0,7.0,5.8953068592057765,367,pm2.5,2,0,0,0,0,1,0,0
2020-02-04,254.0,69.78444236176195,27.0,33.0,6.0,5.913357400722021,403,pm2.5,2,1,0,0,0,1,0,0
2020-02-05,181.0,69.80318650421744,26.0,29.0,7.0,5.931407942238267,347,pm2.5,2,2,0,0,0,1,0,0
2020-02-06,175.0,69.82193064667291,26.0,23.0,6.0,5.949458483754513,342,pm2.5,2,3,0,0,0,1,0,0
2020-02-07,174.0,69.8406747891284,27.0,34.0,7.0,5.967509025270758,342,pm2.5,2,4,0,0,0,1,0,0
2020-02-08,209.0,69.85941893158387,29.0,41.0,9.0,5.985559566787003,368,pm2.5,2,5,1,0,0,1,0,0
2020-02-09,240.0,69.87816307403936,31.0,44.0,7.0,6.003610108303249,392,pm2.5,2,6,1,0,0,1,0,0
2020-02-10,200.0,69.89690721649484,31.0,42.0,15.0,6.021660649819495,362,pm2.5,2,0,0,0,0,1,0,0
2020-02-11,238.0,69.91565135895033,33.0,42.0,10.0,6.039711191335741,391,pm2.5,2,1,0,0,0,1,0,0
2020-02-12,218.0,69.93439550140582,24.0,26.0,13.0,6.0577617328519855,375,pm2.5,2,2,0,0,0,1,0,0
2020-02-13,159.0,69.95313964386129,28.0,18.0,10.0,6.075812274368231,330,pm2.5,2,3,0,0,0,1,0,0
2020-02-14,137.0,69.97188378631678,27.0,31.0,13.0,6.093862815884476,313,pm2.5,2,4,0,0,0,1,0,0
2020-02-15,126.0,69.99062792877226,30.0,34.0,9.0,6.111913357400722,305,pm2.5,2,5,1,0,0,1,0,0
2020-02-16,169.0,70.00937207122774,30.0,37.0,6.0,6.129963898916968,338,pm2.5,2,6,1,0,0,1,0,0
2020-02-17,168.0,70.02811621368322,32.0,39.0,13.0,6.148014440433213,337,pm2.5,2,0,0,0,0,1,0,0
2020-02-18,169.0,70.04686035613871,31.0,45.0,9.0,6.166064981949459,338,pm2.5,2,1,0,0,0,1,0,0
2020-02-19,184.0,70.06560449859418,26.0,20.0,7.0,6.184115523465704,349,pm2.5,2,2,0,0,0,1,0,0
2020-02-20,160.0,70.08434864104967,25.0,14.0,6.0,6.202166064981949,331,pm2.5,2,3,0,0,0,1,0,0
2020-02-21,174.0,70.10309278350516,17.0,23.0,4.0,6.2202166064981945,342,pm2.5,2,4,0,0,0,1,0,0
2020-02-22,154.0,70.12183692596064,23.0,23.0,5.0,6.23826714801444,326,pm2.5,2,5,1,0,0,1,0,0
2020-02-23,175.0,70.14058106841613,21.0,23.0,3.0,6.256317689530686,342,pm2.5,2,6,1,0,0,1,0,0
2020-02-24,164.0,70.1593252108716,21.0,20.0,2.0,6.274368231046932,334,pm2.5,2,0,0,0,0,1,0,0
2020-02-25,98.0,70.17806935332709,24.0,25.0,3.0,6.2924187725631775,227,pm2.5,2,1,0,0,0,1,0,0
2020-02-26,136.0,70.19681349578256,26.0,23.0,4.0,6.310469314079422,312,pm2.5,2,2,0,0,0,1,0,0
2020-02-27,138.0,70.21555763823805,22.0,20.0,4.0,6.328519855595667,314,pm2.5,2,3,0,0,0,1,0,0
2020-02-28,140.0,70.23430178069353,24.0,20.0,4.0,6.346570397111913,315,pm2.5,2,4,0,0,0,1,0,0
2020-02-29,154.0,70.25304592314902,22.0,18.0,3.0,6.364620938628159,326,pm2.5,2,5,1,0,0,1,0,0
2020-03-01,112.0,69.14714151827553,23.0,23.0,4.0,5.299638989169675,273,pm2.5,3,6,1,0,0,1,0,0
2020-03-02,146.0,69.16588566073102,14.0,41.0,5.0,5.317689530685921,320,pm2.5,3,0,0,0,0,1,0,0
2020-03-03,167.0,69.18462980318651,24.0,23.0,7.0,5.3357400722021655,336,pm2.5,3,1,0,0,0,1,0,0
2020-03-04,153.0,69.20337394564199,22.0,13.0,4.0,5.353790613718411,325,pm2.5,3,2,0,0,0,1,0,0
2020-03-05,134.0,69.22211808809747,19.0,13.0,4.0,5.371841155234657,311,pm2.5,3,3,0,0,0,1,0,0
2020-03-06,129.0,69.24086223055295,19.0,12.0,3.0,5.389891696750903,307,pm2.5,3,4,0,0,0,1,0,0
2020-03-07,86.0,69.25960637300844,21.0,14.0,3.0,5.4079422382671485,187,pm2.5,3,5,1,0,0,1,0,0
2020-03-08,107.0,69.27835051546391,24.0,20.0,4.0,5.425992779783393,257,pm2.5,3,6,1,0,0,1,0,0
2020-03-09,124.0,69.2970946579194,20.0,19.0,5.0,5.444043321299639,303,pm2.5,3,0,0,0,0,1,0,0
2020-03-10,185.0,69.31583880037488,23.0,14.0,7.0,5.462093862815884,350,pm2.5,3,1,0,0,0,1,0,0
2020-03-11,151.0,69.33458294283037,26.0,20.0,10.0,5.48014440433213,324,pm2.5,3,2,0,0,0,1,0,0
2020-03-12,158.0,69.35332708528585,16.0,13.0,5.0,5.498194945848375,329,pm2.5,3,3,0,0,0,1,0,0
2020-03-13,108.0,69.37207122774133,18.0,20.0,5.0,5.516245487364621,260,pm2.5,3,4,0,0,0,1,0,0
2020-03-14,120.0,69.39081537019682,20.0,14.0,5.0,5.534296028880867,300,pm2.5,3,5,1,0,0,1,0,0
2020-03-15,139.0,69.4095595126523,24.0,27.0,5.0,5.552346570397112,315,pm2.5,3,6,1,0,0,1,0,0
2020-03-16,124.0,69.42830365510778,30.0,23.0,12.0,5.5703971119133575,303,pm2.5,3,0,0,0,0,1,0,0
2020-03-17,134.0,69.44704779756326,27.0,25.0,11.0,5.588447653429602,311,pm2.5,3,1,0,0,0,1,0,0
2020-03-18,145.0,69.46579194001875,29.0,27.0,18.0,5.606498194945848,319,pm2.5,3,2,0,0,0,1,0,0
2020-03-19,158.0,69.48453608247422,30.0,28.0,12.0,5.624548736462094,329,pm2.5,3,3,0,0,0,1,0,0
2020-03-20,160.0,69.50328022492971,21.0,14.0,10.0,5.64259927797834,331,pm2.5,3,4,0,0,0,1,0,0
2020-03-21,117.0,69.52202436738519,25.0,11.0,8.0,5.660649819494585,290,pm2.5,3,5,1,0,0,1,0,0
2020-03-22,129.0,69.54076850984067,27.0,10.0,8.0,5.67870036101083,307,pm2.5,3,6,1,0,0,1,0,0
2020-03-23,144.0,69.55951265229615,28.0,11.0,8.0,5.696750902527076,318,pm2.5,3,0,0,0,0,1,0,0
2020-03-24,158.0,69.57825679475164,20.0,5.0,7.0,5.714801444043321,329,pm2.5,3,1,0,0,0,1,0,0
2020-03-25,124.0,69.59700093720713,19.0,4.0,6.0,5.732851985559567,303,pm2.5,3,2,0,0,0,1,0,0
2020-03-26,100.0,69.6157450796626,12.0,4.0,8.0,5.750902527075812,233,pm2.5,3,3,0,0,0,1,0,0
2020-03-27,115.0,69.63448922211809,22.0,3.0,6.0,5.768953068592058,283,pm2.5,3,4,0,0,0,1,0,0
2020-03-28,91.0,69.65323336457357,21.0,2.0,6.0,5.787003610108304,203,pm2.5,3,5,1,0,0,1,0,0
2020-03-29,78.0,69.67197750702906,24.0,3.0,7.0,5.805054151624549,160,pm2.5,3,6,1,0,0,1,0,0
2020-03-30,87.0,69.69072164948453,26.0,5.0,7.0,5.823104693140794,190,pm2.5,3,0,0,0,0,1,0,0
2020-03-31,109.0,69.70946579194002,27.0,5.0,7.0,5.841155234657039,263,pm2.5,3,1,0,0,0,1,0,0
2020-04-01,122.0,68.58481724461106,23.0,4.0,6.0,4.758122743682311,302,pm2.5,4,2,0,0,0,0,1,0
2020-04-02,97.0,68.60356138706655,27.0,3.0,7.0,4.776173285198556,223,pm2.5,4,3,0,0,0,0,1,0
2020-04-03,67.0,68.62230552952202,28.0,3.0,7.0,4.794223826714801,135,co,4,4,0,0,0,0,1,0
2020-04-04,91.0,68.64104967197751,27.5,3.5,7.0,4.812274368231047,203,pm2.5,4,5,1,0,0,0,1,0
2020-04-05,95.0,68.65979381443299,27.0,4.0,7.0,4.830324909747293,217,pm2.5,4,6,1,0,0,0,1,0
2020-04-06,99.0,68.67853795688848,24.0,3.0,8.0,4.8483754512635375,230,pm2.5,4,0,0,0,0,0,1,0
2020-04-07,107.0,68.69728209934395,25.0,4.0,4.0,4.866425992779783,257,pm2.5,4,1,0,0,0,0,1,0
2020-04-08,93.0,68.71602624179944,29.0,3.0,4.0,4.884476534296029,210,pm2.5,4,2,0,0,0,0,1,0
2020-04-09,86.0,68.73477038425492,31.0,8.0,11.0,4.902527075812275,187,pm2.5,4,3,0,0,0,0,1,0
2020-04-10,111.0,68.7535145267104,31.0,16.0,10.0,4.92057761732852,270,pm2.5,4,4,0,0,0,0,1,0
2020-04-11,145.0,68.77225866916588,26.0,8.0,8.0,4.938628158844765,319,pm2.5,4,5,1,0,0,0,1,0
2020-04-12,116.0,68.79100281162137,28.0,12.0,16.0,4.956678700361011,287,pm2.5,4,6,1,0,0,0,1,0
2020-04-13,121.0,68.80974695407684,31.0,11.0,9.0,4.974729241877256,301,pm2.5,4,0,0,0,0,0,1,0
2020-04-14,136.0,68.82849109653233,24.0,14.0,8.0,4.992779783393502,312,pm2.5,4,1,0,0,0,0,1,0
2020-04-15,151.0,68.84723523898782,30.0,14.0,12.0,5.0108303249097474,324,pm2.5,4,2,0,0,0,0,1,0
2020-04-16,160.0,68.8659793814433,28.0,17.0,11.0,5.028880866425993,331,pm2.5,4,3,0,0,0,0,1,0
2020-04-17,184.0,68.88472352389878,28.0,11.0,8.0,5.046931407942238,349,pm2.5,4,4,0,0,0,0,1,0
2020-04-18,135.0,68.90346766635426,31.0,9.0,8.0,5.064981949458484,312,pm2.5,4,5,1,0,0,0,1,0
2020-04-19,132.0,68.92221180880975,27.0,6.0,7.0,5.0830324909747295,309,pm2.5,4,6,1,0,0,0,1,0
2020-04-20,115.0,68.94095595126522,27.0,5.0,10.0,5.101083032490974,283,pm2.5,4,0,0,0,0,0,1,0
2020-04-21,92.0,68.95970009372071,25.0,10.0,9.0,5.11913357400722,207,pm2.5,4,1,0,0,0,0,1,0
2020-04-22,116.0,68.97844423617619,36.0,14.0,9.0,5.137184115523466,287,pm2.5,4,2,0,0,0,0,1,0
2020-04-23,137.0,68.99718837863168,24.0,7.0,10.0,5.155234657039712,313,pm2.5,4,3,0,0,0,0,1,0
2020-04-24,117.0,69.01593252108717,30.0,7.0,11.0,5.1732851985559565,290,pm2.5,4,4,0,0,0,0,1,0
2020-04-25,145.0,69.03467666354264,25.0,4.0,5.0,5.191335740072202,319,pm2.5,4,5,1,0,0,0,1,0
2020-04-26,108.0,69.05342080599813,30.0,6.0,5.0,5.209386281588448,260,pm2.5,4,6,1,0,0,0,1,0
2020-04-27,70.0,69.0721649484536,29.0,7.0,5.0,5.227436823104693,140,co,4,0,0,0,0,0,1,0
2020-04-28,108.0,69.0909090909091,25.0,6.0,5.0,5.245487364620939,260,pm2.5,4,1,0,0,0,0,1,0
2020-04-29,98.0,69.10965323336457,29.0,6.0,5.0,5.263537906137184,227,pm2.5,4,2,0,0,0,0,1,0
2020-04-30,113.0,69.12839737582006,26.0,4.0,5.0,5.28158844765343,277,pm2.5,4,3,0,0,0,0,1,0
2020-05-01,75.0,68.0037488284911,24.0,5.0,5.0,4.1985559566787005,150,pm2.5,5,4,0,0,0,0,1,0
2020-05-02,104.0,68.02249297094657,27.0,4.0,6.0,4.216606498194946,247,pm2.5,5,5,1,0,0,0,1,0
2020-05-03,103.0,68.04123711340206,27.0,6.0,5.0,4.234657039711191,243,pm2.5,5,6,1,0,0,0,1,0
2020-05-04,99.0,68.05998125585754,24.0,5.0,5.0,4.252707581227437,230,pm2.5,5,0,0,0,0,0,1,0
2020-05-05,85.0,68.07872539831303,27.0,6.0,5.0,4.270758122743683,183,pm2.5,5,1,0,0,0,0,1,0
2020-05-06,83.0,68.09746954076851,40.0,6.0,6.0,4.288808664259928,177,pm2.5,5,2,0,0,0,0,1,0
2020-05-07,95.0,68.11621368322399,34.0,8.0,5.0,4.306859205776173,217,pm2.5,5,3,0,0,0,0,1,0
2020-05-08,115.0,68.13495782567948,49.0,7.0,5.0,4.324909747292419,283,pm2.5,5,4,0,0,0,0,1,0
2020-05-09,138.0,68.15370196813495,44.0,5.0,5.0,4.342960288808664,314,pm2.5,5,5,1,0,0,0,1,0
2020-05-10,129.0,68.17244611059044,36.0,6.0,4.0,4.3610108303249095,307,pm2.5,5,6,1,0,0,0,1,0
2020-05-11,87.0,68.19119025304592,35.0,9.0,4.0,4.379061371841155,190,pm2.5,5,0,0,0,0,0,1,0
2020-05-12,121.0,68.2099343955014,43.0,8.0,4.0,4.397111913357401,301,pm2.5,5,1,0,0,0,0,1,0
2020-05-13,111.0,68.22867853795688,39.0,11.0,5.0,4.415162454873646,270,pm2.5,5,2,0,0,0,0,1,0
2020-05-14,145.0,68.24742268041237,15.0,17.0,5.0,4.433212996389892,319,pm2.5,5,3,0,0,0,0,1,0
2020-05-15,153.0,68.26616682286786,16.0,13.0,5.0,4.451263537906137,325,pm2.5,5,4,0,0,0,0,1,0
2020-05-16,116.0,68.28491096532333,18.0,24.0,5.0,4.469314079422382,287,pm2.5,5,5,1,0,0,0,1,0
2020-05-17,143.0,68.30365510777882,12.0,21.0,5.0,4.487364620938628,318,pm2.5,5,6,1,0,0,0,1,0
2020-05-18,133.0,68.3223992502343,13.0,23.0,5.0,4.505415162454874,310,pm2.5,5,0,0,0,0,0,1,0
2020-05-19,118.0,68.34114339268979,33.0,15.0,4.0,4.52346570397112,293,pm2.5,5,1,0,0,0,0,1,0
2020-05-20,137.0,68.35988753514526,34.0,17.0,3.0,4.541516245487364,313,pm2.5,5,2,0,0,0,0,1,0
2020-05-21,143.0,68.37863167760075,27.0,23.0,3.0,4.55956678700361,318,pm2.5,5,3,0,0,0,0,1,0
2020-05-22,146.0,68.39737582005623,23.0,12.0,5.0,4.577617328519856,320,pm2.5,5,4,0,0,0,0,1,0
2020-05-23,152.0,68.41611996251171,16.0,18.0,4.0,4.595667870036101,325,pm2.5,5,5,1,0,0,0,1,0
2020-05-24,141.0,68.4348641049672,11.0,25.0,6.0,4.613718411552346,316,pm2.5,5,6,1,0,0,0,1,0
2020-05-25,134.0,68.45360824742268,17.0,25.0,7.0,4.631768953068592,311,pm2.5,5,0,0,0,0,0,1,0
2020-05-26,138.0,68.47235238987817,20.0,15.0,4.0,4.649819494584838,314,pm2.5,5,1,0,0,0,0,1,0
2020-05-27,119.0,68.49109653233364,27.0,7.0,15.0,4.667870036101083,297,pm2.5,5,2,0,0,0,0,1,0
2020-05-28,87.0,68.50984067478913,27.0,7.0,7.0,4.6859205776173285,190,pm2.5,5,3,0,0,0,0,1,0
2020-05-29,112.0,68.5285848172446,17.0,7.0,7.0,4.703971119133574,273,pm2.5,5,4,0,0,0,0,1,0
2020-05-30,96.0,68.5473289597001,21.0,7.0,7.0,4.722021660649819,220,pm2.5,5,5,1,0,0,0,1,0
2020-05-31,115.0,68.56607310215557,23.0,12.0,7.0,4.740072202166065,283,pm2.5,5,6,1,0,0,0,1,0
2020-06-01,117.0,67.44142455482661,17.0,12.0,4.0,4.0,290,pm2.5,6,0,0,0,1,0,0,0
2020-06-02,128.0,67.4601686972821,17.0,14.0,4.0,4.0,306,pm2.5,6,1,0,0,1,0,0,0
2020-06-03,122.0,67.47891283973757,29.0,10.0,4.0,4.0,302,pm2.5,6,2,0,0,1,0,0,0
2020-06-04,90.0,67.49765698219306,16.0,6.0,7.0,4.0,200,pm2.5,6,3,0,0,1,0,0,0
2020-06-05,72.0,67.51640112464855,11.0,8.0,8.0,4.0,140,pm2.5,6,4,0,0,1,0,0,0
2020-06-06,80.0,67.53514526710403,15.0,7.0,4.0,4.0,167,pm2.5,6,5,1,0,1,0,0,0
2020-06-07,86.0,67.55388940955952,16.0,17.0,5.0,4.0,187,pm2.5,6,6,1,0,1,0,0,0
2020-06-08,94.0,67.57263355201499,14.0,24.0,10.0,4.0,213,pm2.5,6,0,0,0,1,0,0,0
2020-06-09,130.0,67.59137769447048,17.0,13.0,11.0,4.0,308,pm2.5,6,1,0,0,1,0,0,0
2020-06-10,155.0,67.61012183692596,16.0,10.0,7.0,4.0,327,pm2.5,6,2,0,0,1,0,0,0
2020-06-11,140.0,67.62886597938144,30.0,10.0,8.0,4.0,315,pm2.5,6,3,0,0,1,0,0,0
2020-06-12,127.0,67.64761012183692,24.0,9.0,8.0,4.0,305,pm2.5,6,4,0,0,1,0,0,0
2020-06-13,92.0,67.66635426429241,21.0,9.0,3.0,4.0,207,pm2.5,6,5,1,0,1,0,0,0
2020-06-14,86.0,67.6850984067479,17.0,13.0,3.0,4.0,187,pm2.5,6,6,1,0,1,0,0,0
2020-06-15,101.0,67.70384254920337,24.0,10.0,6.0,4.0,237,pm2.5,6,0,0,0,1,0,0,0
2020-06-16,90.0,67.72258669165886,16.0,8.0,6.0,4.0,200,pm2.5,6,1,0,0,1,0,0,0
2020-06-17,87.0,67.74133083411434,20.0,9.0,6.0,4.0,190,pm2.5,6,2,0,0,1,0,0,0
2020-06-18,89.0,67.76007497656983,27.0,8.0,3.0,4.0,197,pm2.5,6,3,0,0,1,0,0,0
2020-06-19,89.0,67.7788191190253,23.0,8.0,2.0,4.0,197,pm2.5,6,4,0,0,1,0,0,0
2020-06-20,95.0,67.79756326148079,21.0,6.0,3.0,4.0,217,pm2.5,6,5,1,0,1,0,0,0
2020-06-21,83.0,67.81630740393626,20.0,8.0,3.0,4.018050541516246,177,pm2.5,6,6,1,0,1,0,0,0
2020-06-22,80.0,67.83505154639175,18.0,8.0,2.0,4.036101083032491,167,pm2.5,6,0,0,0,1,0,0,0
2020-06-23,81.0,67.85379568884724,17.0,9.0,9.0,4.054151624548736,170,pm2.5,6,1,0,0,1,0,0,0
2020-06-24,123.0,67.87253983130272,15.0,13.0,9.0,4.072202166064982,302,pm2.5,6,2,0,0,1,0,0,0
2020-06-25,101.0,67.8912839737582,24.0,12.0,3.0,4.090252707581228,237,pm2.5,6,3,0,0,1,0,0,0
2020-06-26,71.0,67.91002811621368,22.0,14.0,7.0,4.108303249097473,137,pm2.5,6,4,0,0,1,0,0,0
2020-06-27,74.0,67.92877225866917,26.0,13.0,3.0,4.126353790613718,147,pm2.5,6,5,1,0,1,0,0,0
2020-06-28,80.0,67.94751640112464,24.0,13.0,3.0,4.144404332129964,167,pm2.5,6,6,1,0,1,0,0,0
2020-06-29,67.0,67.96626054358013,25.0,13.0,7.0,4.162454873646209,127,co,6,0,0,0,1,0,0,0
2020-06-30,87.0,67.98500468603561,25.0,13.0,3.0,4.180505415162455,190,pm2.5,6,1,0,0,1,0,0,0
2020-07-01,96.0,66.86035613870665,18.0,13.0,3.0,4.0,220,pm2.5,7,2,0,0,1,0,0,0
2020-07-02,122.0,66.87910028116214,16.0,15.0,3.0,4.0,302,pm2.5,7,3,0,0,1,0,0,0
2020-07-03,128.0,66.89784442361761,15.0,11.0,7.0,4.0,306,pm2.5,7,4,0,0,1,0,0,0
2020-07-04,130.0,66.9165885660731,18.0,11.0,3.0,4.0,308,pm2.5,7,5,1,0,1,0,0,0
2020-07-05,84.0,66.93533270852859,11.0,11.0,3.0,4.0,180,pm2.5,7,6,1,0,1,0,0,0
2020-07-06,65.0,66.95407685098407,10.0,13.0,4.0,4.0,125,co,7,0,0,0,1,0,0,0
2020-07-07,65.0,66.97282099343956,18.0,13.0,7.0,4.0,125,co,7,1,0,0,1,0,0,0
2020-07-08,83.0,66.99156513589503,18.0,14.0,10.0,4.0,177,pm2.5,7,2,0,0,1,0,0,0
2020-07-09,73.0,67.01030927835052,19.0,11.0,3.0,4.0,143,pm2.5,7,3,0,0,1,0,0,0
2020-07-10,77.0,67.029053420806,20.0,6.0,6.0,4.0,157,pm2.5,7,4,0,0,1,0,0,0
2020-07-11,77.0,67.04779756326148,21.0,6.0,3.0,4.0,157,pm2.5,7,5,1,0,1,0,0,0
2020-07-12,76.0,67.06654170571696,24.0,11.0,6.0,4.0,153,pm2.5,7,6,1,0,1,0,0,0
2020-07-13,77.0,67.08528584817245,16.0,9.0,7.0,4.0,157,pm2.5,7,0,0,0,1,0,0,0
2020-07-14,75.0,67.10402999062792,28.0,9.0,7.0,4.0,150,pm2.5,7,1,0,0,1,0,0,0
2020-07-15,93.0,67.12277413308341,31.0,8.0,6.0,4.0,210,pm2.5,7,2,0,0,1,0,0,0
2020-07-16,97.0,67.1415182755389,96.0,8.0,5.0,4.0,223,pm2.5,7,3,0,0,1,0,0,0
2020-07-17,106.0,67.16026241799437,105.0,6.0,5.0,4.0,253,pm2.5,7,4,0,0,1,0,0,0
2020-07-18,122.0,67.17900656044986,37.0,9.0,3.666666666666667,4.0,302,pm2.5,7,5,1,0,1,0,0,0
2020-07-19,84.0,67.19775070290534,27.0,12.0,2.333333333333333,4.0,180,pm2.5,7,6,1,0,1,0,0,0
2020-07-20,65.0,67.21649484536083,40.0,10.0,1.0,4.0,125,co,7,0,0,0,1,0,0,0
2020-07-21,67.0,67.2352389878163,38.0,9.0,1.0,4.0,125,co,7,1,0,0,1,0,0,0
2020-07-22,66.0,67.25398313027179,38.0,9.0,1.0,4.0,125,co,7,2,0,0,1,0,0,0
2020-07-23,70.0,67.27272727272727,38.0,7.0,5.0,4.0,133,pm2.5,7,3,0,0,1,0,0,0
2020-07-24,97.0,67.29147141518276,36.0,7.0,10.0,4.0,223,pm2.5,7,4,0,0,1,0,0,0
2020-07-25,146.0,67.31021555763823,15.0,10.0,2.0,4.0,320,pm2.5,7,5,1,0,1,0,0,0
2020-07-26,80.0,67.32895970009372,36.0,11.0,4.0,4.0,167,pm2.5,7,6,1,0,1,0,0,0
2020-07-27,90.0,67.34770384254921,38.0,10.0,4.0,4.0,200,pm2.5,7,0,0,0,1,0,0,0
2020-07-28,68.0,67.36644798500468,28.0,10.0,5.0,4.0,127,pm2.5,7,1,0,0,1,0,0,0
2020-07-29,61.0,67.38519212746017,20.0,10.0,6.0,4.0,125,co,7,2,0,0,1,0,0,0
2020-07-30,67.0,67.40393626991565,21.0,14.0,5.0,4.0,125,co,7,3,0,0,1,0,0,0
2020-07-31,76.0,67.42268041237114,18.0,10.0,6.0,4.0,153,pm2.5,7,4,0,0,1,0,0,0
2020-08-01,79.0,66.27928772258669,30.0,12.0,2.0,4.0,163,pm2.5,8,5,1,0,1,0,0,0
2020-08-02,81.0,66.29803186504218,36.0,11.0,2.0,4.0,170,pm2.5,8,6,1,0,1,0,0,0
2020-08-03,71.0,66.31677600749765,35.0,9.0,5.0,4.0,137,pm2.5,8,0,0,0,1,0,0,0
2020-08-04,77.0,66.33552014995314,37.0,7.0,5.0,4.0,157,pm2.5,8,1,0,0,1,0,0,0
2020-08-05,72.0,66.35426429240862,32.0,6.0,6.0,4.0,140,pm2.5,8,2,0,0,1,0,0,0
2020-08-06,57.0,66.3730084348641,34.0,7.0,4.0,4.0,125,co,8,3,0,0,1,0,0,0
2020-08-07,86.0,66.3917525773196,29.0,8.0,1.0,4.0,187,pm2.5,8,4,0,0,1,0,0,0
2020-08-08,96.0,66.41049671977507,32.0,7.0,1.0,4.0,220,pm2.5,8,5,1,0,1,0,0,0
2020-08-09,82.0,66.42924086223056,27.0,9.0,1.0,4.0,173,pm2.5,8,6,1,0,1,0,0,0
2020-08-10,99.0,66.44798500468603,23.0,11.0,2.0,4.0,230,pm2.5,8,0,0,0,1,0,0,0
2020-08-11,107.0,66.46672914714152,20.0,10.0,1.0,4.0,257,pm2.5,8,1,0,0,1,0,0,0
2020-08-12,62.0,66.485473289597,31.0,10.0,2.0,4.0,125,co,8,2,0,0,1,0,0,0
2020-08-13,62.0,66.50421743205249,24.0,11.0,9.0,4.0,125,co,8,3,0,0,1,0,0,0
2020-08-14,97.0,66.52296157450796,21.0,7.0,5.0,4.0,223,pm2.5,8,4,0,0,1,0,0,0
2020-08-15,84.0,66.54170571696345,24.0,6.0,2.0,4.0,180,pm2.5,8,5,1,0,1,0,0,0
2020-08-16,68.0,66.56044985941892,24.0,8.0,9.0,4.0,127,pm2.5,8,6,1,0,1,0,0,0
2020-08-17,68.0,66.57919400187441,32.0,10.0,7.0,4.0,127,pm2.5,8,0,0,0,1,0,0,0
2020-08-18,83.0,66.5979381443299,40.0,8.0,7.0,4.0,177,pm2.5,8,1,0,0,1,0,0,0
2020-08-19,55.0,66.61668228678538,38.0,7.0,8.0,4.0,125,co,8,2,0,0,1,0,0,0
2020-08-20,69.0,66.63542642924087,26.0,6.0,6.0,4.0,130,pm2.5,8,3,0,0,1,0,0,0
2020-08-21,51.0,66.65417057169634,28.0,6.0,5.0,4.0,125,co,8,4,0,0,1,0,0,0
2020-08-22,62.0,66.67291471415183,37.0,7.0,2.0,4.0,125,co,8,5,1,0,1,0,0,0
2020-08-23,49.0,66.6916588566073,31.0,9.0,6.0,4.0,125,co,8,6,1,0,1,0,0,0
2020-08-24,56.0,66.7104029990628,31.0,13.0,6.0,4.0,125,co,8,0,0,0,1,0,0,0
2020-08-25,71.0,66.72914714151827,30.0,10.0,2.0,4.0,137,pm2.5,8,1,0,0,1,0,0,0
2020-08-26,63.0,66.74789128397376,32.0,7.0,2.0,4.0,125,co,8,2,0,0,1,0,0,0
2020-08-27,62.0,66.76663542642925,27.0,7.0,2.0,4.0,125,co,8,3,0,0,1,0,0,0
2020-08-28,73.0,66.78537956888472,37.0,5.0,7.0,4.0,143,pm2.5,8,4,0,0,1,0,0,0
2020-08-29,69.0,66.80412371134021,43.0,8.0,2.0,4.0,130,pm2.5,8,5,1,0,1,0,0,0
2020-08-30,46.0,66.82286785379569,34.0,12.0,7.0,4.0,125,co,8,6,1,0,1,0,0,0
2020-08-31,63.0,66.84161199625117,37.0,15.0,10.0,4.0,125,co,8,0,0,0,1,0,0,0
2020-09-01,82.0,65.71696344892221,35.0,11.0,8.0,4.0,173,pm2.5,9,1,0,0,1,0,0,0
2020-09-02,72.0,65.73570759137769,36.0,8.0,5.0,4.0,140,pm2.5,9,2,0,0,1,0,0,0
2020-09-03,89.0,65.75445173383318,39.0,11.0,7.0,4.0,197,pm2.5,9,3,0,0,1,0,0,0
2020-09-04,93.0,65.77319587628865,37.0,14.0,2.0,4.0,210,pm2.5,9,4,0,0,1,0,0,0
2020-09-05,94.0,65.79194001874414,39.0,12.0,2.0,4.0,213,pm2.5,9,5,1,0,1,0,0,0
2020-09-06,71.0,65.81068416119962,31.0,17.0,2.0,4.0,137,pm2.5,9,6,1,0,1,0,0,0
2020-09-07,102.0,65.8294283036551,37.0,14.0,5.0,4.0,240,pm2.5,9,0,0,0,1,0,0,0
2020-09-08,89.0,65.8481724461106,35.0,18.0,11.0,4.0,197,pm2.5,9,1,0,0,1,0,0,0
2020-09-09,116.0,65.86691658856607,36.0,15.0,7.0,4.0,287,pm2.5,9,2,0,0,1,0,0,0
2020-09-10,131.0,65.88566073102156,39.0,14.0,2.0,4.0,308,pm2.5,9,3,0,0,1,0,0,0
2020-09-11,154.0,65.90440487347703,36.0,12.0,2.0,4.0,326,pm2.5,9,4,0,0,1,0,0,0
2020-09-12,149.0,65.92314901593252,36.0,10.0,2.0,4.0,322,pm2.5,9,5,1,0,1,0,0,0
2020-09-13,143.0,65.941893158388,33.0,12.0,7.0,4.0,318,pm2.5,9,6,1,0,1,0,0,0
2020-09-14,158.0,65.96063730084349,35.0,12.0,8.0,4.0,329,pm2.5,9,0,0,0,1,0,0,0
2020-09-15,147.0,65.97938144329896,37.0,10.0,7.0,4.0,321,pm2.5,9,1,0,0,1,0,0,0
2020-09-16,122.0,65.99812558575445,40.0,15.0,7.0,4.0,302,pm2.5,9,2,0,0,1,0,0,0
2020-09-17,145.0,66.01686972820994,29.0,15.0,7.0,4.0,319,pm2.5,9,3,0,0,1,0,0,0
2020-09-18,135.0,66.03561387066541,34.0,8.0,2.0,4.0,312,pm2.5,9,4,0,0,1,0,0,0
2020-09-19,153.0,66.0543580131209,35.0,10.0,2.0,4.0,325,pm2.5,9,5,1,0,1,0,0,0
2020-09-20,118.0,66.07310215557638,37.0,10.0,3.0,4.0,293,pm2.5,9,6,1,0,1,0,0,0
2020-09-21,91.0,66.09184629803187,38.0,8.0,2.0,4.0,203,pm2.5,9,0,0,0,1,0,0,0
2020-09-22,58.0,66.11059044048734,33.0,7.0,6.0,4.0,125,co,9,1,0,0,1,0,0,0
2020-09-23,59.0,66.12933458294283,29.0,7.0,2.0,4.0,125,co,9,2,0,0,1,0,0,0
2020-09-24,51.0,66.1480787253983,34.0,5.0,1.0,4.0,125,co,9,3,0,0,1,0,0,0
2020-09-25,76.0,66.1668228678538,34.0,44.0,4.0,4.0,153,pm2.5,9,4,0,0,1,0,0,0
2020-09-26,172.0,66.18556701030928,35.0,19.0,3.0,4.0,340,pm2.5,9,5,1,0,1,0,0,0
2020-09-27,128.0,66.20431115276476,30.0,26.0,7.0,4.0,306,pm2.5,9,6,1,0,1,0,0,0
2020-09-28,143.0,66.22305529522025,28.0,18.0,7.0,4.0,318,pm2.5,9,0,0,0,1,0,0,0
2020-09-29,159.0,66.24179943767572,30.0,18.0,6.0,4.0,330,pm2.5,9,1,0,0,1,0,0,0
2020-09-30,152.0,66.26054358013121,31.0,19.0,2.0,4.0,325,pm2.5,9,2,0,0,1,0,0,0
2020-10-01,156.0,65.13589503280225,36.0,14.0,6.0,4.0,328,pm2.5,10,3,0,1,0,0,0,0
2020-10-02,156.0,65.15463917525773,30.0,24.0,6.0,4.0,328,pm2.5,10,4,0,1,0,0,0,0
2020-10-03,159.0,65.17338331771322,27.0,20.0,3.0,4.0,330,pm2.5,10,5,1,1,0,0,0,0
2020-10-04,162.0,65.19212746016869,23.0,29.0,3.0,4.0,332,pm2.5,10,6,1,1,0,0,0,0
2020-10-05,157.0,65.21087160262418,23.0,34.0,2.0,4.0,328,pm2.5,10,0,0,1,0,0,0,0
2020-10-06,157.0,65.22961574507966,20.0,40.0,2.0,4.0,328,pm2.5,10,1,0,1,0,0,0,0
2020-10-07,171.0,65.24835988753514,21.0,38.0,8.0,4.0,339,pm2.5,10,2,0,1,0,0,0,0
2020-10-08,179.0,65.26710402999063,26.0,43.0,2.0,4.0,345,pm2.5,10,3,0,1,0,0,0,0
2020-10-09,162.0,65.28584817244611,33.0,32.0,6.0,4.0,332,pm2.5,10,4,0,1,0,0,0,0
2020-10-10,162.0,65.3045923149016,39.0,24.0,2.0,4.0,332,pm2.5,10,5,1,1,0,0,0,0
2020-10-11,163.0,65.32333645735707,35.0,16.0,7.0,4.0,333,pm2.5,10,6,1,1,0,0,0,0
2020-10-12,152.0,65.34208059981256,22.0,14.0,5.0,4.0,325,pm2.5,10,0,0,1,0,0,0,0
2020-10-13,149.0,65.36082474226804,22.0,17.0,3.0,4.0,322,pm2.5,10,1,0,1,0,0,0,0
2020-10-14,164.0,65.37956888472353,24.0,19.0,7.0,4.0,334,pm2.5,10,2,0,1,0,0,0,0
2020-10-15,163.0,65.398313027179,84.0,21.0,7.0,4.0,333,pm2.5,10,3,0,1,0,0,0,0
2020-10-16,170.0,65.41705716963449,77.0,33.0,7.0,4.0,338,pm2.5,10,4,0,1,0,0,0,0
2020-10-17,176.0,65.43580131208998,35.0,44.0,4.0,4.0,343,pm2.5,10,5,1,1,0,0,0,0
2020-10-18,191.0,65.45454545454545,42.0,36.0,7.0,4.0,355,pm2.5,10,6,1,1,0,0,0,0
2020-10-19,188.0,65.47328959700094,34.0,32.0,7.0,4.0,352,pm2.5,10,0,0,1,0,0,0,0
2020-10-20,175.0,65.49203373945642,35.0,40.0,8.0,4.0,342,pm2.5,10,1,0,1,0,0,0,0
2020-10-21,167.0,65.5107778819119,38.0,48.0,3.0,4.0,336,pm2.5,10,2,0,1,0,0,0,0
2020-10-22,189.0,65.52952202436738,34.0,42.0,3.0,4.0,353,pm2.5,10,3,0,1,0,0,0,0
2020-10-23,177.0,65.54826616682287,35.0,50.0,8.0,4.0,344,pm2.5,10,4,0,1,0,0,0,0
2020-10-24,188.0,65.56701030927834,40.0,55.0,3.0,4.0,352,pm2.5,10,5,1,1,0,0,0,0
2020-10-25,192.0,65.58575445173383,36.0,61.0,4.0,4.0,355,pm2.5,10,6,1,1,0,0,0,0
2020-10-26,193.0,65.60449859418931,34.0,61.0,8.0,4.0,356,pm2.5,10,0,0,1,0,0,0,0
2020-10-27,202.0,65.6232427366448,32.0,57.0,10.0,4.0,363,pm2.5,10,1,0,1,0,0,0,0
2020-10-28,200.0,65.64198687910029,32.0,56.0,3.0,4.0,362,pm2.5,10,2,0,1,0,0,0,0
2020-10-29,203.0,65.66073102155576,35.0,51.0,7.0,4.0,364,pm2.5,10,3,0,1,0,0,0,0
2020-10-30,178.0,65.67947516401125,33.0,35.0,3.0,4.0,345,pm2.5,10,4,0,1,0,0,0,0
2020-10-31,199.0,65.69821930646673,37.0,30.0,3.0,4.0,361,pm2.5,10,5,1,1,0,0,0,0
2020-11-01,254.0,64.57357075913777,34.0,46.0,2.0,4.0,403,pm2.5,11,6,1,1,0,0,0,0
2020-11-02,219.0,64.59231490159326,42.0,59.0,16.0,4.0,376,pm2.5,11,0,0,1,0,0,0,0
2020-11-03,225.0,64.61105904404873,29.0,78.0,28.0,4.0,381,pm2.5,11,1,0,1,0,0,0,0
2020-11-04,285.0,64.62980318650422,25.0,75.0,38.0,4.0,427,pm2.5,11,2,0,1,0,0,0,0
2020-11-05,311.0,64.6485473289597,28.0,76.0,33.0,4.0,447,pm2.5,11,3,0,1,0,0,0,0
2020-11-06,357.0,64.66729147141518,26.0,76.0,13.0,4.0,482,pm2.5,11,4,0,1,0,0,0,0
2020-11-07,352.0,64.68603561387067,31.0,70.0,10.0,4.0,478,pm2.5,11,5,1,1,0,0,0,0
2020-11-08,335.0,64.70477975632615,26.0,69.0,8.0,4.0,465,pm2.5,11,6,1,1,0,0,0,0
2020-11-09,312.0,64.72352389878164,23.0,68.0,15.0,4.0,448,pm2.5,11,0,0,1,0,0,0,0
2020-11-10,357.0,64.74226804123711,23.0,60.0,14.0,4.0,482,pm2.5,11,1,0,1,0,0,0,0
2020-11-11,240.0,64.7610121836926,23.0,53.0,7.0,4.0,392,pm2.5,11,2,0,1,0,0,0,0
2020-11-12,210.0,64.77975632614807,26.0,48.0,6.0,4.0,369,pm2.5,11,3,0,1,0,0,0,0
2020-11-13,193.0,64.79850046860356,29.0,52.0,12.0,4.0,356,pm2.5,11,4,0,1,0,0,0,0
2020-11-14,233.0,64.81724461105904,28.0,31.0,10.0,4.0,387,pm2.5,11,5,1,1,0,0,0,0
2020-11-15,238.0,64.83598875351453,22.0,27.0,3.0,4.0,391,pm2.5,11,6,1,1,0,0,0,0
2020-11-16,120.0,64.85473289597,19.0,57.0,9.0,4.0,300,pm2.5,11,0,0,1,0,0,0,0
2020-11-17,135.0,64.87347703842549,21.0,52.0,3.0,4.0,312,pm2.5,11,1,0,1,0,0,0,0
2020-11-18,169.0,64.89222118088098,20.0,31.0,9.0,4.0,338,pm2.5,11,2,0,1,0,0,0,0
2020-11-19,181.0,64.91096532333646,29.0,36.0,10.0,4.0,347,pm2.5,11,3,0,1,0,0,0,0
2020-11-20,185.0,64.92970946579194,25.0,33.0,4.0,4.0,350,pm2.5,11,4,0,1,0,0,0,0
2020-11-21,161.0,64.94845360824742,27.0,39.0,11.0,4.0,332,pm2.5,11,5,1,1,0,0,0,0
2020-11-22,185.0,64.96719775070291,26.0,57.0,22.0,4.0,350,pm2.5,11,6,1,1,0,0,0,0
2020-11-23,228.0,64.98594189315838,29.0,58.0,14.0,4.0,383,pm2.5,11,0,0,1,0,0,0,0
2020-11-24,266.0,65.00468603561387,32.0,57.0,13.0,4.0,412,pm2.5,11,1,0,1,0,0,0,0
2020-11-25,312.0,65.02343017806935,28.0,53.0,11.0,4.0,448,pm2.5,11,2,0,1,0,0,0,0
2020-11-26,280.0,65.04217432052484,21.0,40.0,10.0,4.0,423,pm2.5,11,3,0,1,0,0,0,0
2020-11-27,189.0,65.06091846298031,23.0,46.0,17.0,4.0,353,pm2.5,11,4,0,1,0,0,0,0
2020-11-28,213.0,65.0796626054358,29.0,53.0,11.0,4.0,372,pm2.5,11,5,1,1,0,0,0,0
2020-11-29,231.0,65.09840674789129,33.0,55.0,7.0,4.0,385,pm2.5,11,6,1,1,0,0,0,0
2020-11-30,225.0,65.11715089034676,31.0,72.0,21.0,4.0,381,pm2.5,11,0,0,1,0,0,0,0
2020-12-01,315.0,63.99250234301781,28.0,69.0,11.0,4.0,450,pm2.5,12,1,0,0,0,0,0,1
2020-12-02,331.0,64.0112464854733,28.0,74.0,29.0,4.0,462,pm2.5,12,2,0,0,0,0,0,1
2020-12-03,379.0,64.02999062792877,26.0,81.0,19.0,4.0,499,pm2.5,12,3,0,0,0,0,0,1
2020-12-04,414.0,64.04873477038426,22.0,62.0,10.0,4.0,526,pm2.5,12,4,0,0,0,0,0,1
2020-12-05,343.0,64.06747891283973,23.0,61.0,13.0,4.0,472,pm2.5,12,5,1,0,0,0,0,1
2020-12-06,301.0,64.08622305529522,19.0,68.0,20.0,4.0,439,pm2.5,12,6,1,0,0,0,0,1
2020-12-07,294.0,64.1049671977507,22.0,69.0,17.0,4.0,434,pm2.5,12,0,0,0,0,0,0,1
2020-12-08,340.0,64.12371134020619,21.0,66.0,17.0,4.0,469,pm2.5,12,1,0,0,0,0,0,1
2020-12-09,326.0,64.14245548266167,24.0,69.0,13.0,4.0,458,pm2.5,12,2,0,0,0,0,0,1
2020-12-10,363.0,64.16119962511715,14.0,51.0,12.0,4.0,487,pm2.5,12,3,0,0,0,0,0,1
2020-12-11,309.0,64.17994376757264,17.0,43.0,8.0,4.0,445,pm2.5,12,4,0,0,0,0,0,1
2020-12-12,250.0,64.19868791002811,18.0,29.0,5.0,4.0,400,pm2.5,12,5,1,0,0,0,0,1
2020-12-13,175.0,64.2174320524836,17.0,28.0,10.0,4.0,342,pm2.5,12,6,1,0,0,0,0,1
2020-12-14,175.0,64.23617619493908,19.0,27.0,10.0,4.0,342,pm2.5,12,0,0,0,0,0,0,1
2020-12-15,216.0,64.25492033739457,21.0,27.0,10.0,4.0,374,pm2.5,12,1,0,0,0,0,0,1
2020-12-16,195.0,64.27366447985004,25.0,24.0,6.0,4.0,358,pm2.5,12,2,0,0,0,0,0,1
2020-12-17,169.0,64.29240862230553,25.0,34.0,11.0,4.0,338,pm2.5,12,3,0,0,0,0,0,1
2020-12-18,203.0,64.311152764761,25.0,45.0,10.0,4.0,364,pm2.5,12,4,0,0,0,0,0,1
2020-12-19,259.0,64.3298969072165,25.0,50.0,9.0,4.0,407,pm2.5,12,5,1,0,0,0,0,1
2020-12-20,337.0,64.34864104967198,24.0,53.0,12.0,4.0,467,pm2.5,12,6,1,0,0,0,0,1
2020-12-21,421.0,64.36738519212746,22.0,61.0,21.0,4.0,532,pm2.5,12,0,0,0,0,0,0,1
2020-12-22,403.0,64.38612933458295,24.0,59.0,16.0,4.0,518,pm2.5,12,1,0,0,0,0,0,1
2020-12-23,349.0,64.40487347703842,26.0,64.0,9.0,4.0,476,pm2.5,12,2,0,0,0,0,0,1
2020-12-24,313.0,64.42361761949391,26.0,44.0,8.0,4.0,448,pm2.5,12,3,0,0,0,0,0,1
2020-12-25,212.0,64.44236176194939,26.0,51.0,15.0,4.0,371,pm2.5,12,4,0,0,0,0,0,1
2020-12-26,273.0,64.46110590440487,26.0,67.0,31.0,4.0,418,pm2.5,12,5,1,0,0,0,0,1
2020-12-27,385.0,64.47985004686035,23.0,33.0,13.0,4.0,504,pm2.5,12,6,1,0,0,0,0,1
2020-12-28,238.0,64.49859418931584,20.0,36.0,8.0,4.0,391,pm2.5,12,0,0,0,0,0,0,1
2020-12-29,203.0,64.51733833177133,23.0,32.0,7.0,4.0,364,pm2.5,12,1,0,0,0,0,0,1
2020-12-30,203.0,64.5360824742268,18.0,33.0,13.0,4.0,364,pm2.5,12,2,0,0,0,0,0,1
2020-12-31,238.0,64.55482661668229,19.0,46.0,8.0,4.0,391,pm2.5,12,3,0,0,0,0,0,1
2021-01-01,317.0,63.41143392689784,25.0,53.0,8.0,4.0,452,pm2.5,1,4,0,0,0,0,0,1
2021-01-02,366.0,63.430178069353325,22.0,48.0,9.0,4.0,489,pm2.5,1,5,1,0,0,0,0,1
2021-01-03,285.0,63.44892221180881,9.0,45.0,14.0,4.0,427,pm2.5,1,6,1,0,0,0,0,1
2021-01-04,316.0,63.467666354264296,20.0,47.0,9.0,4.0,451,pm2.5,1,0,0,0,0,0,0,1
2021-01-05,288.0,63.48641049671978,16.0,46.0,9.0,4.0,429,pm2.5,1,1,0,0,0,0,0,1
2021-01-06,185.0,63.50515463917526,16.0,29.0,6.0,4.0,350,pm2.5,1,2,0,0,0,0,0,1
2021-01-07,174.0,63.52389878163074,12.0,26.0,7.0,4.0,342,pm2.5,1,3,0,0,0,0,0,1
2021-01-08,217.0,63.54264292408622,14.0,32.0,16.0,4.0,375,pm2.5,1,4,0,0,0,0,0,1
2021-01-09,206.0,63.561387066541705,21.0,21.0,8.0,4.0,366,pm2.5,1,5,1,0,0,0,0,1
2021-01-10,193.0,63.58013120899719,22.0,23.0,12.0,4.0,356,pm2.5,1,6,1,0,0,0,0,1
2021-01-11,184.0,63.59887535145267,17.0,29.0,9.0,4.0,349,pm2.5,1,0,0,0,0,0,0,1
2021-01-12,264.0,63.61761949390815,17.0,32.0,12.0,4.0,411,pm2.5,1,1,0,0,0,0,0,1
2021-01-13,314.0,63.63636363636363,19.0,37.0,12.0,4.0,449,pm2.5,1,2,0,0,0,0,0,1
2021-01-14,305.0,63.65510777881912,22.0,50.0,12.0,4.0,442,pm2.5,1,3,0,0,0,0,0,1
2021-01-15,373.0,63.67385192127461,20.0,53.0,19.0,4.0,495,pm2.5,1,4,0,0,0,0,0,1
2021-01-16,383.0,63.692596063730086,17.0,28.0,6.0,4.0,502,pm2.5,1,5,1,0,0,0,0,1
2021-01-17,250.0,63.71134020618557,15.0,37.0,8.0,4.0,400,pm2.5,1,6,1,0,0,0,0,1
2021-01-18,298.0,63.73008434864105,21.0,40.0,8.0,4.0,437,pm2.5,1,0,0,0,0,0,0,1
2021-01-19,313.0,63.74882849109653,19.0,35.0,7.0,4.0,448,pm2.5,1,1,0,0,0,0,0,1
2021-01-20,244.0,63.767572633552014,29.0,33.0,15.0,4.0,395,pm2.5,1,2,0,0,0,0,0,1
2021-01-21,216.0,63.786316776007496,14.0,26.0,9.0,4.0,374,pm2.5,1,3,0,0,0,0,0,1
2021-01-22,247.0,63.80506091846298,22.0,26.0,14.0,4.0,398,pm2.5,1,4,0,0,0,0,0,1
2021-01-23,222.0,63.82380506091846,17.0,24.0,5.0,4.0,378,pm2.5,1,5,1,0,0,0,0,1
2021-01-24,219.0,63.84254920337395,12.0,26.0,11.0,4.0,376,pm2.5,1,6,1,0,0,0,0,1
2021-01-25,227.0,63.86129334582943,12.0,25.0,9.0,4.0,382,pm2.5,1,0,0,0,0,0,0,1
2021-01-26,203.0,63.88003748828491,9.0,38.0,22.0,4.0,364,pm2.5,1,1,0,0,0,0,0,1
2021-01-27,266.0,63.8987816307404,9.0,31.0,11.0,4.0,412,pm2.5,1,2,0,0,0,0,0,1
2021-01-28,243.0,63.91752577319588,15.0,29.0,9.0,4.0,395,pm2.5,1,3,0,0,0,0,0,1
2021-01-29,223.0,63.93626991565136,27.0,47.0,21.0,4.0,379,pm2.5,1,4,0,0,0,0,0,1
2021-01-30,247.0,63.95501405810684,27.0,56.0,19.0,4.0,398,pm2.5,1,5,1,0,0,0,0,1
2021-01-31,299.0,63.97375820056232,29.0,57.0,12.0,4.0,438,pm2.5,1,6,1,0,0,0,0,1
2021-02-01,320.0,62.88659793814433,27.0,67.0,21.0,4.0,454,pm2.5,2,0,0,0,0,1,0,0
2021-02-02,326.0,62.90534208059981,29.0,45.0,14.0,4.0,458,pm2.5,2,1,0,0,0,1,0,0
2021-02-03,191.0,62.9240862230553,27.0,34.0,17.0,4.0,355,pm2.5,2,2,0,0,0,1,0,0
2021-02-04,172.0,62.94283036551078,19.0,29.0,13.0,4.0,340,pm2.5,2,3,0,0,0,1,0,0
2021-02-05,166.0,62.96157450796626,25.0,26.0,7.0,4.0,335,pm2.5,2,4,0,0,0,1,0,0
2021-02-06,154.0,62.980318650421744,28.0,32.0,14.0,4.0,326,pm2.5,2,5,1,0,0,1,0,0
2021-02-07,185.0,62.999062792877226,34.0,44.0,19.0,4.0,350,pm2.5,2,6,1,0,0,1,0,0
2021-02-08,216.0,63.01780693533271,37.0,42.0,20.0,4.0,374,pm2.5,2,0,0,0,0,1,0,0
2021-02-09,228.0,63.03655107778819,36.0,52.0,15.0,4.0,383,pm2.5,2,1,0,0,0,1,0,0
2021-02-10,284.0,63.05529522024367,37.0,43.0,13.0,4.0,426,pm2.5,2,2,0,0,0,1,0,0
2021-02-11,226.0,63.07403936269915,36.0,48.0,8.0,4.0,382,pm2.5,2,3,0,0,0,1,0,0
2021-02-12,231.0,63.09278350515464,39.0,46.0,15.0,4.0,385,pm2.5,2,4,0,0,0,1,0,0
2021-02-13,223.0,63.11152764761013,37.0,45.0,11.0,4.0,379,pm2.5,2,5,1,0,0,1,0,0
2021-02-14,217.0,63.130271790065606,35.0,56.0,11.0,4.0,375,pm2.5,2,6,1,0,0,1,0,0
2021-02-15,207.0,63.14901593252109,24.0,44.0,9.0,4.0,367,pm2.5,2,0,0,0,0,1,0,0
2021-02-16,183.0,63.16776007497657,31.0,45.0,16.0,4.0,348,pm2.5,2,1,0,0,0,1,0,0
2021-02-17,171.0,63.18650421743205,29.0,47.0,13.0,4.0,339,pm2.5,2,2,0,0,0,1,0,0
2021-02-18,189.0,63.205248359887534,27.0,42.0,7.0,4.0,353,pm2.5,2,3,0,0,0,1,0,0
2021-02-19,183.0,63.223992502343016,33.0,43.0,13.0,4.0,348,pm2.5,2,4,0,0,0,1,0,0
2021-02-20,179.0,63.2427366447985,29.0,37.0,13.0,4.0,345,pm2.5,2,5,1,0,0,1,0,0
2021-02-21,167.0,63.26148078725398,27.0,41.0,27.0,4.0,336,pm2.5,2,6,1,0,0,1,0,0
2021-02-22,184.0,63.28022492970946,28.0,47.0,37.0,4.0,349,pm2.5,2,0,0,0,0,1,0,0
2021-02-23,176.0,63.29896907216495,27.0,53.0,37.0,4.0,343,pm2.5,2,1,0,0,0,1,0,0
2021-02-24,166.0,63.31771321462043,28.0,42.0,30.0,4.0,335,pm2.5,2,2,0,0,0,1,0,0
2021-02-25,150.0,63.33645735707592,27.0,34.0,21.0,4.0,323,pm2.5,2,3,0,0,0,1,0,0
2021-02-26,141.0,63.3552014995314,21.0,35.0,11.0,4.0,316,pm2.5,2,4,0,0,0,1,0,0
2021-02-27,151.0,63.37394564198688,25.0,30.0,9.0,4.0,324,pm2.5,2,5,1,0,0,1,0,0
2021-02-28,142.0,63.39268978444236,29.0,28.0,17.0,4.0,317,pm2.5,2,6,1,0,0,1,0,0
2021-03-01,140.0,62.305529522024365,32.0,21.0,9.0,1.9375,315,pm2.5,3,0,0,0,0,1,0,0
2021-03-02,130.0,62.32427366447985,31.0,38.0,30.0,2.03125,308,pm2.5,3,1,0,0,0,1,0,0
2021-03-03,144.0,62.343017806935336,28.0,54.0,30.0,2.125,318,pm2.5,3,2,0,0,0,1,0,0
2021-03-04,181.0,62.36176194939082,30.0,35.0,17.0,2.21875,347,pm2.5,3,3,0,0,0,1,0,0
2021-03-05,162.0,62.3805060918463,27.0,38.0,17.0,2.3125,332,pm2.5,3,4,0,0,0,1,0,0
2021-03-06,158.0,62.39925023430178,30.0,38.0,12.0,2.40625,329,pm2.5,3,5,1,0,0,1,0,0
2021-03-07,194.0,62.417994376757264,34.0,29.0,12.0,2.5,357,pm2.5,3,6,1,0,0,1,0,0
2021-03-08,171.0,62.436738519212746,34.0,34.0,11.0,2.59375,339,pm2.5,3,0,0,0,0,1,0,0
2021-03-09,186.0,62.45548266166823,30.0,37.0,15.0,2.6875,351,pm2.5,3,1,0,0,0,1,0,0
2021-03-10,181.0,62.47422680412371,25.0,38.0,9.0,2.78125,347,pm2.5,3,2,0,0,0,1,0,0
2021-03-11,172.0,62.49297094657919,20.0,33.0,20.0,2.875,340,pm2.5,3,3,0,0,0,1,0,0
2021-03-12,160.0,62.511715089034674,30.0,30.0,20.0,2.96875,331,pm2.5,3,4,0,0,0,1,0,0
2021-03-13,124.0,62.53045923149016,26.0,40.0,30.0,3.0625,303,pm2.5,3,5,1,0,0,1,0,0
2021-03-14,159.0,62.549203373945645,25.0,42.0,29.0,3.15625,330,pm2.5,3,6,1,0,0,1,0,0
2021-03-15,157.0,62.56794751640113,23.0,41.0,25.0,3.25,328,pm2.5,3,0,0,0,0,1,0,0
2021-03-16,170.0,62.58669165885661,22.0,43.0,35.0,3.34375,338,pm2.5,3,1,0,0,0,1,0,0
2021-03-17,193.0,62.60543580131209,29.0,49.0,28.0,3.4375,356,pm2.5,3,2,0,0,0,1,0,0
2021-03-18,198.0,62.62417994376757,25.0,38.0,20.0,3.53125,360,pm2.5,3,3,0,0,0,1,0,0
2021-03-19,170.0,62.642924086223054,28.0,32.0,14.0,3.625,338,pm2.5,3,4,0,0,0,1,0,0
2021-03-20,142.0,62.661668228678536,32.0,44.0,24.0,3.71875,317,pm2.5,3,5,1,0,0,1,0,0
2021-03-21,182.0,62.68041237113402,26.0,31.0,13.0,3.8125,348,pm2.5,3,6,1,0,0,1,0,0
2021-03-22,141.0,62.6991565135895,25.0,22.0,13.0,3.90625,316,pm2.5,3,0,0,0,0,1,0,0
2021-03-23,107.0,62.71790065604499,19.0,21.0,11.0,4.0,257,pm2.5,3,1,0,0,0,1,0,0
2021-03-24,97.0,62.73664479850047,22.0,20.0,12.0,4.0,223,pm2.5,3,2,0,0,0,1,0,0
2021-03-25,121.0,62.75538894095595,24.0,30.0,21.0,4.0,301,pm2.5,3,3,0,0,0,1,0,0
2021-03-26,122.0,62.77413308341144,27.0,40.0,31.0,4.0,302,pm2.5,3,4,0,0,0,1,0,0
2021-03-27,165.0,62.79287722586692,31.0,43.0,13.0,4.0,335,pm2.5,3,5,1,0,0,1,0,0
2021-03-28,166.0,62.8116213683224,28.0,34.0,9.0,4.0,335,pm2.5,3,6,1,0,0,1,0,0
2021-03-29,179.0,62.83036551077788,22.0,26.0,10.0,4.0,345,pm2.5,3,0,0,0,0,1,0,0
2021-03-30,136.0,62.84910965323336,29.0,20.0,13.0,4.0,312,pm2.5,3,1,0,0,0,1,0,0
2021-03-31,112.0,62.867853795688845,29.0,27.0,11.0,4.0,273,pm2.5,3,2,0,0,0,1,0,0
2021-04-01,92.0,61.743205248359885,32.0,27.0,12.0,2.1965811965811968,207,pm2.5,4,3,0,0,0,0,1,0
2021-04-02,100.0,61.76194939081537,28.0,31.0,12.0,2.1367521367521363,233,pm2.5,4,4,0,0,0,0,1,0
2021-04-03,101.0,61.78069353327085,35.0,37.0,8.0,2.0769230769230766,237,pm2.5,4,5,1,0,0,0,1,0
2021-04-04,123.0,61.79943767572634,36.0,46.0,21.0,2.017094017094017,302,pm2.5,4,6,1,0,0,0,1,0
2021-04-05,154.0,61.81818181818182,38.0,33.0,12.0,1.9572649572649572,326,pm2.5,4,0,0,0,0,0,1,0
2021-04-06,157.0,61.8369259606373,33.0,29.0,10.0,1.897435897435897,328,pm2.5,4,1,0,0,0,0,1,0
2021-04-07,156.0,61.855670103092784,30.0,27.0,14.0,1.8376068376068373,328,pm2.5,4,2,0,0,0,0,1,0
2021-04-08,153.0,61.874414245548266,26.0,29.0,8.0,1.7777777777777777,325,pm2.5,4,3,0,0,0,0,1,0
2021-04-09,122.0,61.89315838800375,24.0,29.0,11.0,1.717948717948718,302,pm2.5,4,4,0,0,0,0,1,0
2021-04-10,101.0,61.91190253045923,28.0,41.0,17.0,1.6581196581196576,237,pm2.5,4,5,1,0,0,0,1,0
2021-04-11,138.0,61.93064667291471,26.0,39.0,12.0,1.598290598290598,314,pm2.5,4,6,1,0,0,0,1,0
2021-04-12,113.0,61.949390815370194,28.0,54.0,44.0,1.5384615384615383,277,pm2.5,4,0,0,0,0,0,1,0
2021-04-13,162.0,61.96813495782568,28.0,42.0,21.0,1.4786324786324787,332,pm2.5,4,1,0,0,0,0,1,0
2021-04-14,140.0,61.986879100281165,26.0,34.0,32.0,1.4188034188034182,315,pm2.5,4,2,0,0,0,0,1,0
2021-04-15,154.0,62.00562324273665,34.0,42.0,21.0,1.3589743589743586,326,pm2.5,4,3,0,0,0,0,1,0
2021-04-16,168.0,62.02436738519213,22.0,19.0,12.0,1.299145299145299,337,pm2.5,4,4,0,0,0,0,1,0
2021-04-17,118.0,62.04311152764761,31.0,18.0,7.0,1.2393162393162394,293,pm2.5,4,5,1,0,0,0,1,0
2021-04-18,127.0,62.06185567010309,29.0,31.0,21.0,1.1794871794871788,305,pm2.5,4,6,1,0,0,0,1,0
2021-04-19,129.0,62.080599812558575,34.0,43.0,36.0,1.1196581196581192,307,pm2.5,4,0,0,0,0,0,1,0
2021-04-20,160.0,62.09934395501406,30.0,18.0,14.0,1.0598290598290596,331,pm2.5,4,1,0,0,0,0,1,0
2021-04-21,141.0,62.11808809746954,34.0,20.0,7.0,1.0,316,pm2.5,4,2,0,0,0,0,1,0
2021-04-22,88.0,62.13683223992502,34.0,27.0,14.0,1.09375,193,pm2.5,4,3,0,0,0,0,1,0
2021-04-23,121.0,62.1555763823805,32.0,14.0,8.0,1.1875,301,pm2.5,4,4,0,0,0,0,1,0
2021-04-24,115.0,62.17432052483599,32.0,18.0,8.0,1.28125,283,pm2.5,4,5,1,0,0,0,1,0
2021-04-25,96.0,62.19306466729147,32.0,34.0,8.0,1.375,220,pm2.5,4,6,1,0,0,0,1,0
2021-04-26,126.0,62.21180880974696,35.0,49.0,20.0,1.46875,305,pm2.5,4,0,0,0,0,0,1,0
2021-04-27,158.0,62.23055295220244,38.0,58.0,29.0,1.5625,329,pm2.5,4,1,0,0,0,0,1,0
2021-04-28,173.0,62.24929709465792,38.0,49.0,15.0,1.65625,341,pm2.5,4,2,0,0,0,0,1,0
2021-04-29,174.0,62.2680412371134,37.0,26.0,16.0,1.75,342,pm2.5,4,3,0,0,0,0,1,0
2021-04-30,157.0,62.28678537956888,35.0,24.0,18.0,1.84375,328,pm2.5,4,4,0,0,0,0,1,0
2021-05-01,157.0,61.16213683223992,16.0,14.0,8.0,4.051282051282051,328,pm2.5,5,5,1,0,0,0,1,0
2021-05-02,134.0,61.180880974695405,15.0,20.0,14.0,3.991452991452992,311,pm2.5,5,6,1,0,0,0,1,0
2021-05-03,110.0,61.19962511715089,15.0,19.0,12.0,3.931623931623932,267,pm2.5,5,0,0,0,0,0,1,0
2021-05-04,105.0,61.218369259606376,55.0,14.0,13.0,3.871794871794872,250,pm2.5,5,1,0,0,0,0,1,0
2021-05-05,138.0,61.23711340206186,35.0,15.0,9.0,3.811965811965812,314,pm2.5,5,2,0,0,0,0,1,0
2021-05-06,145.0,61.25585754451734,23.0,15.0,10.0,3.752136752136752,319,pm2.5,5,3,0,0,0,0,1,0
2021-05-07,110.0,61.27460168697282,33.0,15.0,13.0,3.692307692307693,267,pm2.5,5,4,0,0,0,0,1,0
2021-05-08,123.0,61.293345829428304,34.0,16.0,7.0,3.632478632478632,302,pm2.5,5,5,1,0,0,0,1,0
2021-05-09,119.0,61.312089971883786,34.0,15.0,12.0,3.5726495726495724,297,pm2.5,5,6,1,0,0,0,1,0
2021-05-10,116.0,61.33083411433927,32.0,17.0,9.0,3.5128205128205128,287,pm2.5,5,0,0,0,0,0,1,0
2021-05-11,102.0,61.34957825679475,32.0,14.0,8.0,3.452991452991453,240,pm2.5,5,1,0,0,0,0,1,0
2021-05-12,118.0,61.36832239925023,27.0,13.0,7.0,3.3931623931623927,293,pm2.5,5,2,0,0,0,0,1,0
2021-05-13,70.0,61.387066541705714,31.0,18.0,8.0,3.333333333333333,133,pm2.5,5,3,0,0,0,0,1,0
2021-05-14,110.0,61.4058106841612,30.0,20.0,14.0,3.2735042735042734,267,pm2.5,5,4,0,0,0,0,1,0
2021-05-15,137.0,61.424554826616685,36.0,21.0,8.0,3.213675213675214,313,pm2.5,5,5,1,0,0,0,1,0
2021-05-16,138.0,61.44329896907217,21.0,16.0,8.0,3.1538461538461533,314,pm2.5,5,6,1,0,0,0,1,0
2021-05-17,109.0,61.46204311152765,18.0,16.0,7.0,3.0940170940170937,263,pm2.5,5,0,0,0,0,0,1,0
2021-05-18,94.0,61.48078725398313,9.0,13.0,12.0,3.034188034188034,213,pm2.5,5,1,0,0,0,0,1,0
2021-05-19,96.0,61.49953139643861,12.0,15.0,7.0,2.9743589743589745,220,pm2.5,5,2,0,0,0,0,1,0
2021-05-20,72.0,61.518275538894095,18.0,19.0,9.0,2.914529914529914,140,pm2.5,5,3,0,0,0,0,1,0
2021-05-21,93.0,61.53701968134958,27.0,17.0,14.0,2.8547008547008543,210,pm2.5,5,4,0,0,0,0,1,0
2021-05-22,97.0,61.55576382380506,32.0,18.0,7.0,2.7948717948717947,223,pm2.5,5,5,1,0,0,0,1,0
2021-05-23,109.0,61.57450796626054,30.0,18.0,11.0,2.735042735042735,263,pm2.5,5,6,1,0,0,0,1,0
2021-05-24,121.0,61.59325210871603,35.0,18.0,13.0,2.6752136752136746,301,pm2.5,5,0,0,0,0,0,1,0
2021-05-25,97.0,61.61199625117151,26.0,16.0,7.0,2.615384615384615,223,pm2.5,5,1,0,0,0,0,1,0
2021-05-26,87.0,61.63074039362699,20.0,12.0,7.0,2.555555555555556,190,pm2.5,5,2,0,0,0,0,1,0
2021-05-27,81.0,61.64948453608248,18.0,11.0,7.0,2.495726495726496,170,pm2.5,5,3,0,0,0,0,1,0
2021-05-28,45.0,61.66822867853796,19.0,9.0,6.0,2.4358974358974352,105,co,5,4,0,0,0,0,1,0
2021-05-29,37.0,61.68697282099344,22.0,12.0,7.0,2.376068376068376,105,co,5,5,1,0,0,0,1,0
2021-05-30,82.0,61.70571696344892,25.0,25.0,9.0,2.316239316239316,173,pm2.5,5,6,1,0,0,0,1,0
2021-05-31,116.0,61.7244611059044,22.0,17.0,13.0,2.2564102564102564,287,pm2.5,5,0,0,0,0,0,1,0
2021-06-01,115.0,60.59981255857544,28.0,21.0,8.0,5.846153846153847,283,pm2.5,6,1,0,0,1,0,0,0
2021-06-02,105.0,60.618556701030926,29.0,21.0,8.0,5.786324786324786,250,pm2.5,6,2,0,0,1,0,0,0
2021-06-03,100.0,60.63730084348641,31.0,25.0,10.0,5.726495726495727,233,pm2.5,6,3,0,0,1,0,0,0
2021-06-04,122.0,60.65604498594189,15.0,24.0,6.0,5.666666666666666,302,pm2.5,6,4,0,0,1,0,0,0
2021-06-05,90.0,60.67478912839738,20.0,20.0,6.0,5.606837606837607,200,pm2.5,6,5,1,0,1,0,0,0
2021-06-06,86.0,60.69353327085286,14.0,32.0,12.0,5.547008547008547,187,pm2.5,6,6,1,0,1,0,0,0
2021-06-07,128.0,60.71227741330834,12.0,35.0,5.0,5.487179487179487,306,pm2.5,6,0,0,0,1,0,0,0
2021-06-08,113.0,60.731021555763824,11.0,24.0,7.0,5.427350427350428,277,pm2.5,6,1,0,0,1,0,0,0
2021-06-09,88.0,60.749765698219306,19.0,16.0,4.0,5.367521367521368,193,pm2.5,6,2,0,0,1,0,0,0
2021-06-10,77.0,60.76850984067479,22.0,19.0,4.0,5.307692307692308,157,pm2.5,6,3,0,0,1,0,0,0
2021-06-11,119.0,60.78725398313027,8.0,22.0,6.0,5.247863247863248,297,pm2.5,6,4,0,0,1,0,0,0
2021-06-12,82.0,60.80599812558575,9.0,19.0,7.0,5.188034188034187,173,pm2.5,6,5,1,0,1,0,0,0
2021-06-13,34.0,60.824742268041234,4.0,19.0,6.0,5.128205128205128,139,co,6,6,1,0,1,0,0,0
2021-06-14,34.0,60.84348641049672,17.0,19.0,6.0,5.068376068376068,138,co,6,0,0,0,1,0,0,0
2021-06-15,47.0,60.862230552952205,26.0,16.0,4.0,5.0085470085470085,138,co,6,1,0,0,1,0,0,0
2021-06-16,91.0,60.88097469540769,26.0,12.0,4.0,4.948717948717949,203,pm2.5,6,2,0,0,1,0,0,0
2021-06-17,73.0,60.89971883786317,31.0,16.0,4.0,4.888888888888889,143,pm2.5,6,3,0,0,1,0,0,0
2021-06-18,65.0,60.91846298031865,31.0,13.0,4.0,4.829059829059829,135,co,6,4,0,0,1,0,0,0
2021-06-19,57.0,60.93720712277413,13.0,17.0,5.0,4.769230769230769,135,co,6,5,1,0,1,0,0,0
2021-06-20,101.0,60.955951265229615,10.0,21.0,4.0,4.709401709401709,237,pm2.5,6,6,1,0,1,0,0,0
2021-06-21,103.0,60.9746954076851,15.0,20.0,5.0,4.649572649572649,243,pm2.5,6,0,0,0,1,0,0,0
2021-06-22,101.0,60.99343955014058,32.0,14.0,10.0,4.589743589743589,237,pm2.5,6,1,0,0,1,0,0,0
2021-06-23,107.0,61.01218369259606,35.0,12.0,13.0,4.52991452991453,257,pm2.5,6,2,0,0,1,0,0,0
2021-06-24,110.0,61.03092783505154,29.0,10.0,12.0,4.47008547008547,267,pm2.5,6,3,0,0,1,0,0,0
2021-06-25,93.0,61.04967197750703,28.0,9.0,9.0,4.410256410256411,210,pm2.5,6,4,0,0,1,0,0,0
2021-06-26,90.0,61.068416119962514,28.0,11.0,5.0,4.35042735042735,200,pm2.5,6,5,1,0,1,0,0,0
2021-06-27,106.0,61.087160262418,27.0,14.0,5.0,4.2905982905982905,253,pm2.5,6,6,1,0,1,0,0,0
2021-06-28,111.0,61.10590440487348,29.0,31.0,15.0,4.23076923076923,270,pm2.5,6,0,0,0,1,0,0,0
2021-06-29,155.0,61.12464854732896,26.0,33.0,6.0,4.17094017094017,327,pm2.5,6,1,0,0,1,0,0,0
2021-06-30,144.0,61.14339268978444,25.0,17.0,6.0,4.111111111111111,318,pm2.5,6,2,0,0,1,0,0,0
2021-07-01,94.0,60.01874414245548,23.0,16.0,6.0,7.700854700854701,213,pm2.5,7,3,0,0,1,0,0,0
2021-07-02,102.0,60.03748828491096,32.0,16.0,12.0,7.641025641025641,240,pm2.5,7,4,0,0,1,0,0,0
2021-07-03,113.0,60.056232427366446,34.0,13.0,6.0,7.581196581196581,277,pm2.5,7,5,1,0,1,0,0,0
2021-07-04,120.0,60.07497656982193,30.0,16.0,6.0,7.521367521367521,300,pm2.5,7,6,1,0,1,0,0,0
2021-07-05,140.0,60.09372071227742,37.0,15.0,5.0,7.461538461538462,315,pm2.5,7,0,0,0,1,0,0,0
2021-07-06,116.0,60.1124648547329,39.0,18.0,6.0,7.401709401709402,287,pm2.5,7,1,0,0,1,0,0,0
2021-07-07,97.0,60.13120899718838,32.0,16.0,6.0,7.341880341880341,223,pm2.5,7,2,0,0,1,0,0,0
2021-07-08,97.0,60.14995313964386,34.0,13.0,5.0,7.282051282051282,223,pm2.5,7,3,0,0,1,0,0,0
2021-07-09,93.0,60.16869728209935,34.0,10.0,6.0,7.222222222222222,210,pm2.5,7,4,0,0,1,0,0,0
2021-07-10,103.0,60.18744142455483,33.0,9.0,6.0,7.162393162393163,243,pm2.5,7,5,1,0,1,0,0,0
2021-07-11,124.0,60.20618556701031,27.0,10.0,5.0,7.102564102564102,303,pm2.5,7,6,1,0,1,0,0,0
2021-07-12,84.0,60.22492970946579,30.0,11.0,8.0,7.042735042735043,180,pm2.5,7,0,0,0,1,0,0,0
2021-07-13,76.0,60.24367385192127,37.0,10.0,2.0,6.982905982905983,162,co,7,1,0,0,1,0,0,0
2021-07-14,84.0,60.262417994376754,34.0,9.0,2.0,6.923076923076923,180,pm2.5,7,2,0,0,1,0,0,0
2021-07-15,75.0,60.28116213683224,33.0,10.0,9.0,6.863247863247864,161,co,7,3,0,0,1,0,0,0
2021-07-16,87.0,60.299906279287725,24.0,14.0,3.0,6.803418803418803,190,pm2.5,7,4,0,0,1,0,0,0
2021-07-17,101.0,60.31865042174321,3.0,11.0,3.0,6.743589743589744,237,pm2.5,7,5,1,0,1,0,0,0
2021-07-18,86.0,60.33739456419869,13.0,14.0,3.0,6.683760683760684,187,pm2.5,7,6,1,0,1,0,0,0
2021-07-19,53.0,60.35613870665417,6.0,12.0,3.0,6.623931623931624,158,co,7,0,0,0,1,0,0,0
2021-07-20,53.0,60.37488284910965,5.0,10.0,10.0,6.564102564102564,157,co,7,1,0,0,1,0,0,0
2021-07-21,58.0,60.393626991565135,6.0,12.0,13.0,6.504273504273504,156,co,7,2,0,0,1,0,0,0
2021-07-22,68.0,60.41237113402062,6.0,14.0,10.0,6.444444444444445,156,co,7,3,0,0,1,0,0,0
2021-07-23,74.0,60.4311152764761,6.0,9.0,11.0,6.384615384615385,155,co,7,4,0,0,1,0,0,0
2021-07-24,55.0,60.44985941893158,9.0,8.0,3.0,6.3247863247863245,154,co,7,5,1,0,1,0,0,0
2021-07-25,75.0,60.46860356138707,7.0,9.0,10.0,6.264957264957265,153,co,7,6,1,0,1,0,0,0
2021-07-26,73.0,60.48734770384255,6.0,13.0,10.0,6.205128205128205,153,co,7,0,0,0,1,0,0,0
2021-07-27,60.0,60.506091846298034,4.0,14.0,3.0,6.145299145299145,152,co,7,1,0,0,1,0,0,0
2021-07-28,51.0,60.52483598875352,5.0,12.0,4.0,6.085470085470085,151,co,7,2,0,0,1,0,0,0
2021-07-29,47.0,60.543580131209,5.0,13.0,4.0,6.0256410256410255,150,co,7,3,0,0,1,0,0,0
2021-07-30,53.0,60.56232427366448,6.0,12.0,11.0,5.965811965811966,150,co,7,4,0,0,1,0,0,0
2021-07-31,52.0,60.58106841611996,5.0,5.0,3.0,5.905982905982906,149,co,7,5,1,0,1,0,0,0
2021-08-01,30.0,50.32258064516129,8.0,8.0,11.0,6.074074074074074,151,co,8,6,1,0,1,0,0,0
2021-08-02,36.0,50.64516129032258,7.0,8.0,11.0,6.148148148148148,152,co,8,0,0,0,1,0,0,0
2021-08-03,43.0,50.96774193548387,8.0,8.0,10.0,6.222222222222222,153,co,8,1,0,0,1,0,0,0
2021-08-04,50.0,51.29032258064516,8.0,10.0,8.0,6.296296296296296,154,co,8,2,0,0,1,0,0,0
2021-08-05,47.0,51.61290322580645,9.0,11.0,10.0,6.37037037037037,155,co,8,3,0,0,1,0,0,0
2021-08-06,78.0,51.935483870967744,8.0,11.0,9.0,6.444444444444445,160,pm2.5,8,4,0,0,1,0,0,0
2021-08-07,71.0,52.25806451612903,7.0,10.0,4.0,6.518518518518518,156,co,8,5,1,0,1,0,0,0
2021-08-08,55.0,52.58064516129032,9.0,16.0,9.0,6.592592592592593,157,co,8,6,1,0,1,0,0,0
2021-08-09,72.0,52.903225806451616,8.0,16.0,4.0,6.666666666666667,158,co,8,0,0,0,1,0,0,0
2021-08-10,89.0,53.2258064516129,7.0,18.0,10.0,6.7407407407407405,197,pm2.5,8,1,0,0,1,0,0,0
2021-08-11,87.0,53.54838709677419,8.0,16.0,4.0,6.814814814814815,190,pm2.5,8,2,0,0,1,0,0,0
2021-08-12,82.0,53.87096774193549,9.0,19.0,4.0,6.888888888888889,173,pm2.5,8,3,0,0,1,0,0,0
2021-08-13,91.0,54.193548387096776,11.0,17.0,4.0,6.962962962962963,203,pm2.5,8,4,0,0,1,0,0,0
2021-08-14,95.0,54.516129032258064,11.0,16.0,4.0,7.037037037037037,217,pm2.5,8,5,1,0,1,0,0,0
2021-08-15,107.0,54.83870967741935,7.0,20.0,11.0,7.111111111111111,257,pm2.5,8,6,1,0,1,0,0,0
2021-08-16,107.0,55.16129032258065,10.0,19.0,10.0,7.185185185185185,257,pm2.5,8,0,0,0,1,0,0,0
2021-08-17,120.0,55.483870967741936,9.0,17.0,4.0,7.2592592592592595,300,pm2.5,8,1,0,0,1,0,0,0
2021-08-18,111.0,55.80645161290322,6.0,16.0,11.0,7.333333333333333,270,pm2.5,8,2,0,0,1,0,0,0
2021-08-19,103.0,56.12903225806451,5.0,13.0,4.0,7.407407407407407,243,pm2.5,8,3,0,0,1,0,0,0
2021-08-20,87.0,56.45161290322581,7.0,13.0,4.0,7.481481481481481,190,pm2.5,8,4,0,0,1,0,0,0
2021-08-21,78.0,56.774193548387096,10.0,12.0,4.0,7.555555555555555,169,co,8,5,1,0,1,0,0,0
2021-08-22,97.0,57.096774193548384,5.0,13.0,10.0,7.62962962962963,223,pm2.5,8,6,1,0,1,0,0,0
2021-08-23,85.0,57.41935483870968,6.0,15.0,3.0,7.703703703703704,183,pm2.5,8,0,0,0,1,0,0,0
2021-08-24,84.0,57.74193548387097,6.0,14.0,5.0,7.777777777777778,180,pm2.5,8,1,0,0,1,0,0,0
2021-08-25,82.0,58.064516129032256,6.0,14.0,4.0,7.851851851851851,173,pm2.5,8,2,0,0,1,0,0,0
2021-08-26,95.0,58.38709677419355,9.0,13.0,4.0,7.925925925925926,217,pm2.5,8,3,0,0,1,0,0,0
2021-08-27,108.0,58.70967741935484,16.0,29.0,6.0,8.0,260,pm2.5,8,4,0,0,1,0,0,0
2021-08-28,111.0,59.03225806451613,10.0,29.0,2.0,7.94017094017094,270,pm2.5,8,5,1,0,1,0,0,0
2021-08-29,91.0,59.35483870967742,6.0,34.0,7.0,7.880341880341881,203,pm2.5,8,6,1,0,1,0,0,0
2021-08-30,78.0,59.67741935483871,8.0,33.0,2.0,7.82051282051282,173,co,8,0,0,0,1,0,0,0
2021-08-31,70.0,60.0,9.0,31.0,6.0,7.760683760683761,172,co,8,1,0,0,1,0,0,0
2021-09-01,85.0,57.0,11.0,35.0,3.0,24.714285714285715,345,co,9,2,0,0,1,0,0,0
2021-09-02,99.0,48.0,12.0,26.0,3.0,21.42857142857143,326,co,9,3,0,0,1,0,0,0
2021-09-03,72.0,33.0,9.0,11.0,3.0,18.142857142857142,307,co,9,4,0,0,1,0,0,0
2021-09-04,59.0,40.0,9.0,14.0,3.0,14.857142857142858,269,co,9,5,1,0,1,0,0,0
2021-09-05,70.0,60.0,8.0,31.0,3.0,11.571428571428571,222,co,9,6,1,0,1,0,0,0
2021-09-06,121.0,44.0,10.0,41.0,3.0,8.285714285714285,301,pm2.5,9,0,0,0,1,0,0,0
2021-09-07,83.0,38.0,11.0,25.0,4.0,5.0,177,pm2.5,9,1,0,0,1,0,0,0
2021-09-08,65.0,44.0,14.0,24.0,4.0,5.0,138,co,9,2,0,0,1,0,0,0
2021-09-09,83.0,41.0,13.0,25.0,4.0,4.0,177,pm2.5,9,3,0,0,1,0,0,0
2021-09-10,88.0,44.0,11.0,25.0,6.0,6.0,193,pm2.5,9,4,0,0,1,0,0,0
2021-09-11,98.0,42.0,15.0,19.0,5.0,5.0,227,pm2.5,9,5,1,0,1,0,0,0
2021-09-12,76.0,48.0,12.0,23.0,6.0,7.0,162,co,9,6,1,0,1,0,0,0
2021-09-13,80.0,30.0,9.0,22.0,12.0,6.0,167,pm2.5,9,0,0,0,1,0,0,0
2021-09-14,58.0,16.0,9.0,19.0,5.0,6.0,150,co,9,1,0,0,1,0,0,0
2021-09-15,47.0,6.0,9.0,18.0,5.0,6.0,150,co,9,2,0,0,1,0,0,0
2021-09-16,32.0,22.0,8.0,17.0,5.0,6.0,150,co,9,3,0,0,1,0,0,0
2021-09-17,54.0,54.0,10.0,17.0,6.0,7.0,162,co,9,4,0,0,1,0,0,0
2021-09-18,83.0,59.0,12.0,16.0,6.0,6.0,177,pm2.5,9,5,1,0,1,0,0,0
2021-09-19,82.0,64.0,11.0,19.0,7.0,7.0,173,pm2.5,9,6,1,0,1,0,0,0
2021-09-20,98.0,51.0,13.0,21.0,6.0,6.0,227,pm2.5,9,0,0,0,1,0,0,0
2021-09-21,90.0,50.0,10.0,26.0,6.0,6.0,200,pm2.5,9,1,0,0,1,0,0,0
2021-09-22,91.0,44.0,12.0,20.0,5.0,6.0,203,pm2.5,9,2,0,0,1,0,0,0
2021-09-23,83.0,34.0,10.0,19.0,6.0,6.0,177,pm2.5,9,3,0,0,1,0,0,0
2021-09-24,79.0,42.0,11.0,21.0,7.0,7.0,163,pm2.5,9,4,0,0,1,0,0,0
2021-09-25,83.0,47.0,13.0,21.0,8.0,8.0,177,pm2.5,9,5,1,0,1,0,0,0
2021-09-26,100.0,51.0,10.0,18.0,8.0,9.0,233,pm2.5,9,6,1,0,1,0,0,0
2021-09-27,104.0,40.0,11.0,17.0,5.0,5.0,247,pm2.5,9,0,0,0,1,0,0,0
2021-09-28,64.0,44.0,11.0,17.0,5.0,6.0,150,co,9,1,0,0,1,0,0,0
2021-09-29,91.0,43.0,11.0,17.0,7.0,8.0,203,pm2.5,9,2,0,0,1,0,0,0
2021-09-30,67.0,50.0,14.0,18.0,6.0,6.0,150,co,9,3,0,0,1,0,0,0
2021-10-01,85.0,50.0,15.0,21.0,5.0,6.0,183,pm2.5,10,4,0,1,0,0,0,0
2021-10-02,71.0,62.0,16.0,25.0,9.0,10.0,200,co,10,5,1,1,0,0,0,0
2021-10-03,97.0,53.0,10.0,21.0,7.0,7.0,223,pm2.5,10,6,1,1,0,0,0,0
2021-10-04,78.0,53.0,9.0,16.25,3.0,3.0,160,pm2.5,10,0,0,1,0,0,0,0
2021-10-05,93.0,73.0,1.0,11.5,1.0,2.0,210,pm2.5,10,1,0,1,0,0,0,0
2021-10-06,91.0,85.0,13.0,6.75,2.0,3.0,203,pm2.5,10,2,0,1,0,0,0,0
2021-10-07,127.0,136.0,18.0,2.0,22.0,20.0,318,co,10,3,0,1,0,0,0,0
2021-10-08,172.0,144.0,16.0,4.684210526315789,35.0,29.0,371,co,10,4,0,1,0,0,0,0
2021-10-09,163.0,123.0,14.0,7.368421052631579,21.0,22.0,333,pm2.5,10,5,1,1,0,0,0,0
2021-10-10,166.0,126.0,16.0,10.052631578947368,6.0,7.0,335,pm2.5,10,6,1,1,0,0,0,0
2021-10-11,164.0,125.0,11.0,12.736842105263158,4.0,4.0,334,pm2.5,10,0,0,1,0,0,0,0
2021-10-12,169.0,119.0,15.0,15.421052631578949,8.0,9.0,338,pm2.5,10,1,0,1,0,0,0,0
2021-10-13,152.0,126.0,22.0,18.105263157894736,6.0,7.0,325,pm2.5,10,2,0,1,0,0,0,0
2021-10-14,163.0,161.0,16.0,20.789473684210527,5.0,6.0,333,pm2.5,10,3,0,1,0,0,0,0
2021-10-15,184.0,117.0,10.0,23.473684210526315,3.0,3.0,349,pm2.5,10,4,0,1,0,0,0,0
2021-10-16,174.0,57.0,2.0,26.157894736842103,2.0,2.0,342,pm2.5,10,5,1,1,0,0,0,0
2021-10-17,119.0,33.0,3.0,28.84210526315789,2.0,3.0,297,pm2.5,10,6,1,1,0,0,0,0
2021-10-18,68.0,38.0,4.0,31.526315789473685,3.0,4.0,127,pm2.5,10,0,0,1,0,0,0,0
2021-10-19,73.0,100.0,11.0,34.21052631578947,15.0,9.0,188,co,10,1,0,1,0,0,0,0
2021-10-20,150.0,120.0,9.0,36.89473684210526,32.0,22.0,329,co,10,2,0,1,0,0,0,0
2021-10-21,159.0,127.0,8.0,39.578947368421055,25.0,14.0,330,pm2.5,10,3,0,1,0,0,0,0
2021-10-22,139.0,119.0,8.0,42.26315789473684,22.0,24.0,341,co,10,4,0,1,0,0,0,0
2021-10-23,160.0,92.0,7.0,44.94736842105263,7.0,8.0,331,pm2.5,10,5,1,1,0,0,0,0
2021-10-24,152.0,101.0,5.0,47.63157894736842,6.0,6.0,325,pm2.5,10,6,1,1,0,0,0,0
2021-10-25,145.0,95.0,5.0,50.315789473684205,5.0,5.0,319,pm2.5,10,0,0,1,0,0,0,0
2021-10-26,145.0,116.0,3.0,53.0,4.0,4.0,319,pm2.5,10,1,0,1,0,0,0,0
2021-10-27,158.0,168.0,3.0,3.0,6.0,7.0,329,pm2.5,10,2,0,1,0,0,0,0
2021-10-28,189.0,144.0,3.0,1.0,14.0,15.0,353,pm2.5,10,3,0,1,0,0,0,0
2021-10-29,209.0,177.0,3.0,16.0,35.0,21.0,368,pm2.5,10,4,0,1,0,0,0,0
2021-10-30,227.0,237.0,3.0,31.0,33.0,25.0,382,pm2.5,10,5,1,1,0,0,0,0
2021-10-31,236.0,489.0,3.0,46.0,37.0,28.0,484,pm10,10,6,1,1,0,0,0,0
2021-11-01,330.0,549.0,2.0,31.0,8.0,8.0,570,pm10,11,0,0,1,0,0,0,0
2021-11-02,210.0,245.0,2.0,35.0,10.0,11.0,369,pm2.5,11,1,0,1,0,0,0,0
2021-11-03,257.0,416.0,5.0,39.0,28.0,30.0,405,pm2.5,11,2,0,1,0,0,0,0
2021-11-04,346.0,430.0,6.0,34.0,17.0,19.0,474,pm2.5,11,3,0,1,0,0,0,0
2021-11-05,384.0,215.0,6.0,34.0,9.0,10.0,503,pm2.5,11,4,0,1,0,0,0,0
2021-11-06,256.0,434.0,5.0,37.0,11.0,12.0,406,pm10,11,5,1,1,0,0,0,0
2021-11-07,406.0,327.0,12.0,42.0,11.0,12.0,520,pm2.5,11,6,1,1,0,0,0,0
2021-11-08,354.0,230.0,12.0,45.0,8.0,9.0,480,pm2.5,11,0,0,1,0,0,0,0
2021-11-09,381.0,198.0,9.0,44.0,16.0,18.0,501,pm2.5,11,1,0,1,0,0,0,0
2021-11-10,294.0,104.0,5.0,50.0,13.0,14.0,434,pm2.5,11,2,0,1,0,0,0,0
2021-11-11,186.0,147.0,8.0,51.0,13.0,15.0,351,pm2.5,11,3,0,1,0,0,0,0
2021-11-12,197.0,113.0,11.0,55.0,14.0,15.0,359,pm2.5,11,4,0,1,0,0,0,0
2021-11-13,191.0,181.0,14.0,56.0,20.0,18.0,355,pm2.5,11,5,1,1,0,0,0,0
2021-11-14,243.0,124.0,15.0,53.0,9.0,10.0,395,pm2.5,11,6,1,1,0,0,0,0
2021-11-15,203.0,107.0,17.0,54.0,7.0,8.0,364,pm2.5,11,0,0,1,0,0,0,0
2021-11-16,186.0,125.0,14.0,52.0,7.0,8.0,351,pm2.5,11,1,0,1,0,0,0,0
2021-11-17,204.0,110.0,12.0,48.0,6.0,6.0,365,pm2.5,11,2,0,1,0,0,0,0
2021-11-18,191.0,135.0,13.0,53.0,13.0,15.0,355,pm2.5,11,3,0,1,0,0,0,0
2021-11-19,219.0,136.0,10.0,61.0,14.0,16.0,376,pm2.5,11,4,0,1,0,0,0,0
2021-11-20,221.0,99.0,17.0,90.0,14.0,15.0,378,pm2.5,11,5,1,1,0,0,0,0
2021-11-21,179.0,77.0,17.0,94.0,7.0,8.0,345,pm2.5,11,6,1,1,0,0,0,0
2021-11-22,156.0,134.0,15.0,75.0,18.0,15.0,328,pm2.5,11,0,0,1,0,0,0,0
2021-11-23,159.0,140.0,15.0,85.0,10.0,11.0,330,pm2.5,11,1,0,1,0,0,0,0
2021-11-24,168.0,119.0,17.0,85.0,10.0,11.0,337,pm2.5,11,2,0,1,0,0,0,0
2021-11-25,174.0,154.0,17.0,94.0,11.0,12.0,342,pm2.5,11,3,0,1,0,0,0,0
2021-11-26,211.0,144.0,17.0,91.0,10.0,11.0,370,pm2.5,11,4,0,1,0,0,0,0
2021-11-27,222.0,131.0,19.0,85.0,8.0,9.0,378,pm2.5,11,5,1,1,0,0,0,0
2021-11-28,209.0,119.0,15.0,90.0,9.0,9.0,368,pm2.5,11,6,1,1,0,0,0,0
2021-11-29,197.0,104.0,2.0,88.0,14.0,15.0,359,pm2.5,11,0,0,1,0,0,0,0
2021-11-30,179.0,94.0,2.0,99.0,8.0,9.0,345,pm2.5,11,1,0,1,0,0,0,0
2021-12-01,170.0,100.0,2.0,97.0,7.0,8.0,338,pm2.5,12,2,0,0,0,0,0,1
2021-12-02,173.0,86.0,2.0,88.0,11.0,11.0,341,pm2.5,12,3,0,0,0,0,0,1
2021-12-03,158.0,100.0,3.0,89.0,12.0,13.0,329,pm2.5,12,4,0,0,0,0,0,1
2021-12-04,166.0,111.0,2.0,84.0,7.0,8.0,335,pm2.5,12,5,1,0,0,0,0,1
2021-12-05,180.0,93.0,2.0,70.0,6.0,7.0,346,pm2.5,12,6,1,0,0,0,0,1
2021-12-06,166.0,71.0,3.0,63.0,6.0,7.0,335,pm2.5,12,0,0,0,0,0,0,1
2021-12-07,134.0,125.0,3.0,73.0,9.0,9.0,311,pm2.5,12,1,0,0,0,0,0,1
2021-12-08,141.0,128.0,3.0,84.0,6.0,7.0,316,pm2.5,12,2,0,0,0,0,0,1
2021-12-09,174.0,114.0,3.0,88.0,6.0,7.0,342,pm2.5,12,3,0,0,0,0,0,1
2021-12-10,183.0,142.0,3.0,77.0,14.0,16.0,348,pm2.5,12,4,0,0,0,0,0,1
2021-12-11,194.0,155.0,3.0,85.0,13.0,14.0,357,pm2.5,12,5,1,0,0,0,0,1
2021-12-12,171.0,226.0,4.0,90.0,9.0,10.0,339,pm2.5,12,6,1,0,0,0,0,1
2021-12-13,196.0,184.0,3.0,86.0,11.0,12.0,358,pm2.5,12,0,0,0,0,0,0,1
2021-12-14,189.0,134.0,3.0,78.0,7.0,8.0,353,pm2.5,12,1,0,0,0,0,0,1
2021-12-15,165.0,134.0,2.0,76.0,7.0,7.0,335,pm2.5,12,2,0,0,0,0,0,1
2021-12-16,166.0,97.0,3.0,62.0,6.0,6.0,335,pm2.5,12,3,0,0,0,0,0,1
2021-12-17,149.0,102.0,3.0,69.0,5.0,6.0,322,pm2.5,12,4,0,0,0,0,0,1
2021-12-18,140.0,119.0,4.0,67.0,7.0,8.0,315,pm2.5,12,5,1,0,0,0,0,1
2021-12-19,157.0,195.0,3.0,83.0,8.0,9.0,328,pm2.5,12,6,1,0,0,0,0,1
2021-12-20,185.0,208.0,4.0,89.0,8.0,8.0,350,pm2.5,12,0,0,0,0,0,0,1
2021-12-21,197.0,239.0,6.0,96.0,13.0,14.0,359,pm2.5,12,1,0,0,0,0,0,1
2021-12-22,224.0,306.0,4.0,77.0,16.0,17.0,380,pm2.5,12,2,0,0,0,0,0,1
2021-12-23,207.0,134.0,8.0,58.0,10.0,11.0,367,pm2.5,12,3,0,0,0,0,0,1
2021-12-24,168.0,126.0,6.0,55.0,6.0,7.0,337,pm2.5,12,4,0,0,0,0,0,1
2021-12-25,152.0,123.0,5.0,64.0,5.0,6.0,325,pm2.5,12,5,1,0,0,0,0,1
2021-12-26,156.0,123.0,6.0,55.0,6.0,7.0,328,pm2.5,12,6,1,0,0,0,0,1
2021-12-27,167.0,91.0,6.0,42.0,5.0,6.0,336,pm2.5,12,0,0,0,0,0,0,1
2021-12-28,155.0,88.0,6.0,36.0,5.0,6.0,327,pm2.5,12,1,0,0,0,0,0,1
2021-12-29,137.0,67.0,6.0,36.0,5.0,6.0,313,pm2.5,12,2,0,0,0,0,0,1
2021-12-30,113.0,89.0,6.0,35.0,5.0,6.0,277,pm2.5,12,3,0,0,0,0,0,1
2021-12-31,146.0,148.0,6.0,45.0,8.0,9.0,320,pm2.5,12,4,0,0,0,0,0,1
2022-01-01,186.0,139.0,5.0,49.0,9.0,9.0,351,pm2.5,1,5,1,0,0,0,0,1
2022-01-02,185.0,128.0,5.0,60.0,10.0,11.0,350,pm2.5,1,6,1,0,0,0,0,1
2022-01-03,191.0,132.0,5.0,67.0,19.0,21.0,355,pm2.5,1,0,0,0,0,0,0,1
2022-01-04,192.0,103.0,4.0,60.0,11.0,12.0,355,pm2.5,1,1,0,0,0,0,0,1
2022-01-05,172.0,77.0,4.0,71.0,4.0,5.0,340,pm2.5,1,2,0,0,0,0,0,1
2022-01-06,148.0,66.0,4.0,50.0,4.0,5.0,322,pm2.5,1,3,0,0,0,0,0,1
2022-01-07,133.0,51.0,4.0,44.0,3.0,4.0,310,pm2.5,1,4,0,0,0,0,0,1
2022-01-08,100.0,59.0,4.0,39.0,3.0,4.0,233,pm2.5,1,5,1,0,0,0,0,1
2022-01-09,119.0,55.0,4.0,37.0,3.0,4.0,297,pm2.5,1,6,1,0,0,0,0,1
2022-01-10,92.0,85.0,8.0,52.0,5.0,6.0,207,pm2.5,1,0,0,0,0,0,0,1
2022-01-11,117.0,104.0,10.0,38.0,5.0,6.0,290,pm2.5,1,1,0,0,0,0,0,1
2022-01-12,135.0,107.0,11.0,18.0,4.0,5.0,312,pm2.5,1,2,0,0,0,0,0,1
2022-01-13,154.0,96.0,11.0,16.0,4.0,4.0,326,pm2.5,1,3,0,0,0,0,0,1
2022-01-14,165.0,100.0,9.0,18.0,4.0,4.0,335,pm2.5,1,4,0,0,0,0,0,1
2022-01-15,176.0,107.0,8.0,20.0,6.0,6.0,343,pm2.5,1,5,1,0,0,0,0,1
2022-01-16,170.0,90.0,8.0,19.0,4.0,5.0,338,pm2.5,1,6,1,0,0,0,0,1
2022-01-17,164.0,96.0,4.0,23.0,4.0,4.0,334,pm2.5,1,0,0,0,0,0,0,1
2022-01-18,164.0,140.0,8.0,29.0,5.0,5.0,334,pm2.5,1,1,0,0,0,0,0,1
2022-01-19,202.0,220.0,8.0,43.0,6.0,7.0,363,pm2.5,1,2,0,0,0,0,0,1
2022-01-20,223.0,180.0,11.0,60.0,8.0,8.0,379,pm2.5,1,3,0,0,0,0,0,1
2022-01-21,212.0,97.0,4.0,62.0,5.0,6.0,371,pm2.5,1,4,0,0,0,0,0,1
2022-01-22,169.0,93.0,5.0,76.0,5.0,6.0,338,pm2.5,1,5,1,0,0,0,0,1
2022-01-23,163.0,83.0,5.0,95.0,5.0,6.0,333,pm2.5,1,6,1,0,0,0,0,1
2022-01-24,137.0,110.0,12.0,93.0,5.0,6.0,313,pm2.5,1,0,0,0,0,0,0,1
2022-01-25,129.0,144.0,11.0,65.0,6.0,7.0,307,pm2.5,1,1,0,0,0,0,0,1
2022-01-26,185.0,173.0,10.0,78.0,10.0,11.0,350,pm2.5,1,2,0,0,0,0,0,1
2022-01-27,205.0,118.0,17.0,69.0,9.0,10.0,365,pm2.5,1,3,0,0,0,0,0,1
2022-01-28,175.0,145.0,17.0,52.0,18.0,19.0,342,pm2.5,1,4,0,0,0,0,0,1
2022-01-29,166.0,136.0,17.0,35.0,11.0,12.0,335,pm2.5,1,5,1,0,0,0,0,1
2022-01-30,148.0,145.0,11.0,37.0,7.0,7.0,322,pm2.5,1,6,1,0,0,0,0,1
2022-01-31,202.0,111.0,13.0,40.0,8.0,9.0,363,pm2.5,1,0,0,0,0,0,0,1
2022-02-01,175.0,96.0,13.0,39.0,6.0,7.0,342,pm2.5,2,1,0,0,0,1,0,0
2022-02-02,171.0,97.0,17.0,32.0,7.0,7.0,339,pm2.5,2,2,0,0,0,1,0,0
2022-02-03,170.0,70.0,10.0,35.0,9.0,10.0,338,pm2.5,2,3,0,0,0,1,0,0
2022-02-04,147.0,73.0,13.0,39.0,9.0,10.0,321,pm2.5,2,4,0,0,0,1,0,0
2022-02-05,135.0,117.0,18.0,40.0,16.0,16.0,312,pm2.5,2,5,1,0,0,1,0,0
2022-02-06,165.0,119.0,15.0,43.0,9.0,10.0,335,pm2.5,2,6,1,0,0,1,0,0
2022-02-07,171.0,81.0,16.0,45.0,6.0,7.0,339,pm2.5,2,0,0,0,0,1,0,0
2022-02-08,150.0,84.0,14.0,33.0,6.0,6.0,323,pm2.5,2,1,0,0,0,1,0,0
2022-02-09,160.0,55.0,13.0,33.0,4.0,5.0,331,pm2.5,2,2,0,0,0,1,0,0
2022-02-10,110.0,72.0,16.0,36.0,6.0,7.0,267,pm2.5,2,3,0,0,0,1,0,0
2022-02-11,148.0,69.0,17.0,41.0,11.0,11.0,322,pm2.5,2,4,0,0,0,1,0,0
2022-02-12,132.0,114.0,19.0,49.0,20.0,17.0,309,pm2.5,2,5,1,0,0,1,0,0
2022-02-13,199.0,132.0,17.0,51.0,13.0,12.0,361,pm2.5,2,6,1,0,0,1,0,0
2022-02-14,180.0,115.0,16.0,50.0,11.0,9.0,346,pm2.5,2,0,0,0,0,1,0,0
2022-02-15,156.0,149.0,18.0,58.0,38.0,21.0,328,pm2.5,2,1,0,0,0,1,0,0
2022-02-16,169.0,118.0,15.0,52.0,27.0,19.0,338,pm2.5,2,2,0,0,0,1,0,0
2022-02-17,157.0,112.0,15.0,44.0,33.0,24.0,341,co,2,3,0,0,0,1,0,0
2022-02-18,179.0,74.0,16.0,45.0,13.0,14.0,345,pm2.5,2,4,0,0,0,1,0,0
2022-02-19,151.0,64.0,18.0,39.0,8.0,9.0,324,pm2.5,2,5,1,0,0,1,0,0
2022-02-20,116.0,93.0,16.0,45.0,30.0,24.0,341,co,2,6,1,0,0,1,0,0
2022-02-21,153.0,84.0,18.0,31.0,12.0,13.0,325,pm2.5,2,0,0,0,0,1,0,0
2022-02-22,158.0,88.0,17.0,31.0,11.0,11.0,329,pm2.5,2,1,0,0,0,1,0,0
2022-02-23,169.0,90.0,6.0,37.0,7.0,8.0,338,pm2.5,2,2,0,0,0,1,0,0
2022-02-24,167.0,82.0,11.0,45.0,6.0,6.0,336,pm2.5,2,3,0,0,0,1,0,0
2022-02-25,149.0,72.0,15.0,37.0,5.0,6.0,322,pm2.5,2,4,0,0,0,1,0,0
2022-02-26,146.0,49.0,14.0,29.0,5.0,5.0,320,pm2.5,2,5,1,0,0,1,0,0
2022-02-27,102.0,49.0,18.0,33.0,4.0,5.0,240,pm2.5,2,6,1,0,0,1,0,0
2022-02-28,95.0,73.0,26.0,32.0,6.0,6.0,217,pm2.5,2,0,0,0,0,1,0,0
2022-03-01,131.0,84.0,26.0,35.0,6.0,6.0,308,pm2.5,3,1,0,0,0,1,0,0
2022-03-02,166.0,121.0,25.0,41.0,17.0,15.0,335,pm2.5,3,2,0,0,0,1,0,0
2022-03-03,185.0,88.0,20.0,32.0,7.0,8.0,350,pm2.5,3,3,0,0,0,1,0,0
2022-03-04,167.0,68.0,18.0,29.0,7.0,7.0,336,pm2.5,3,4,0,0,0,1,0,0
2022-03-05,142.0,96.0,23.0,39.0,20.0,20.0,318,co,3,5,1,0,0,1,0,0
2022-03-06,160.0,276.0,25.0,36.0,10.0,10.0,331,pm2.5,3,6,1,0,0,1,0,0
2022-03-07,178.0,76.0,19.0,37.0,8.0,8.0,345,pm2.5,3,0,0,0,0,1,0,0
2022-03-08,152.0,78.0,17.0,39.0,11.0,11.0,325,pm2.5,3,1,0,0,0,1,0,0
2022-03-09,136.0,74.0,14.0,40.0,13.0,13.0,312,pm2.5,3,2,0,0,0,1,0,0
2022-03-10,126.0,75.0,15.0,36.0,8.0,9.0,305,pm2.5,3,3,0,0,0,1,0,0
2022-03-11,153.0,74.0,18.0,32.0,10.0,11.0,325,pm2.5,3,4,0,0,0,1,0,0
2022-03-12,151.0,93.0,21.0,39.0,42.0,25.0,347,co,3,5,1,0,0,1,0,0
2022-03-13,180.0,112.0,19.0,38.0,14.0,16.0,346,pm2.5,3,6,1,0,0,1,0,0
2022-03-14,156.0,92.0,22.0,34.0,9.0,10.0,328,pm2.5,3,0,0,0,0,1,0,0
2022-03-15,172.0,95.0,20.0,36.0,24.0,22.0,340,pm2.5,3,1,0,0,0,1,0,0
2022-03-16,160.0,93.0,20.0,30.0,24.0,22.0,331,pm2.5,3,2,0,0,0,1,0,0
2022-03-17,162.0,85.0,22.0,31.0,12.0,13.0,332,pm2.5,3,3,0,0,0,1,0,0
2022-03-18,166.0,77.0,23.0,32.0,11.0,12.0,335,pm2.5,3,4,0,0,0,1,0,0
2022-03-19,157.0,76.0,22.0,37.0,10.0,11.0,328,pm2.5,3,5,1,0,0,1,0,0
2022-03-20,146.0,80.0,19.0,29.0,14.0,15.0,320,pm2.5,3,6,1,0,0,1,0,0
2022-03-21,134.0,73.0,19.0,24.0,10.0,11.0,311,pm2.5,3,0,0,0,0,1,0,0
2022-03-22,134.0,73.0,25.0,26.0,11.0,12.0,311,pm2.5,3,1,0,0,0,1,0,0
2022-03-23,147.0,86.0,23.0,27.3,18.0,19.0,321,pm2.5,3,2,0,0,0,1,0,0
2022-03-24,154.0,78.0,20.0,28.6,15.0,13.0,326,pm2.5,3,3,0,0,0,1,0,0
2022-03-25,136.0,76.0,24.0,29.9,9.0,10.0,312,pm2.5,3,4,0,0,0,1,0,0
2022-03-26,129.0,79.0,20.0,31.2,27.0,11.0,307,pm2.5,3,5,1,0,0,1,0,0
2022-03-27,130.0,103.0,21.0,32.5,37.0,24.0,341,co,3,6,1,0,0,1,0,0
2022-03-28,165.0,84.0,17.0,33.8,20.0,13.0,335,pm2.5,3,0,0,0,0,1,0,0
2022-03-29,148.0,99.0,20.0,35.1,20.0,18.0,322,pm2.5,3,1,0,0,0,1,0,0
2022-03-30,158.0,90.0,22.0,36.4,12.0,13.0,329,pm2.5,3,2,0,0,0,1,0,0
2022-03-31,160.0,85.0,22.0,37.7,11.0,11.0,331,pm2.5,3,3,0,0,0,1,0,0
2022-04-01,158.0,90.0,25.0,34.13461538461539,21.0,10.0,329,pm2.5,4,4,0,0,0,0,1,0
2022-04-02,145.0,144.0,27.0,34.16346153846154,10.0,11.0,319,pm2.5,4,5,1,0,0,0,1,0
2022-04-03,155.0,129.0,21.0,34.19230769230769,24.0,12.0,327,pm2.5,4,6,1,0,0,0,1,0
2022-04-04,152.0,92.0,28.0,34.22115384615385,22.0,14.0,325,pm2.5,4,0,0,0,0,0,1,0
2022-04-05,145.0,64.0,26.0,34.25,15.0,11.0,319,pm2.5,4,1,0,0,0,0,1,0
2022-04-06,110.0,85.0,21.0,34.27884615384615,25.0,17.0,300,co,4,2,0,0,0,0,1,0
2022-04-07,141.0,75.0,20.0,34.30769230769231,20.0,19.0,316,pm2.5,4,3,0,0,0,0,1,0
2022-04-08,130.0,89.0,24.0,34.33653846153846,27.0,20.0,318,co,4,4,0,0,0,0,1,0
2022-04-09,141.0,107.0,28.0,34.36538461538461,22.0,20.0,318,co,4,5,1,0,0,0,1,0
2022-04-10,151.0,87.0,24.0,34.39423076923077,18.0,19.0,324,pm2.5,4,6,1,0,0,0,1,0
2022-04-11,138.0,85.0,26.0,34.42307692307692,12.0,13.0,314,pm2.5,4,0,0,0,0,0,1,0
2022-04-12,148.0,79.0,16.0,34.45192307692308,30.0,16.0,322,pm2.5,4,1,0,0,0,0,1,0
2022-04-13,131.0,100.0,12.0,34.48076923076923,15.0,16.0,308,pm2.5,4,2,0,0,0,0,1,0
2022-04-14,141.0,86.0,31.0,34.50961538461539,9.0,10.0,316,pm2.5,4,3,0,0,0,0,1,0
2022-04-15,148.0,82.0,32.0,34.53846153846154,16.0,16.0,322,pm2.5,4,4,0,0,0,0,1,0
2022-04-16,144.0,81.0,40.0,34.56730769230769,10.0,11.0,318,pm2.5,4,5,1,0,0,0,1,0
2022-04-17,147.0,79.0,37.0,34.59615384615385,10.0,11.0,321,pm2.5,4,6,1,0,0,0,1,0
2022-04-18,149.0,92.0,46.0,34.625,24.0,20.0,322,pm2.5,4,0,0,0,0,0,1,0
2022-04-19,173.0,84.0,36.0,34.65384615384615,11.0,12.0,341,pm2.5,4,1,0,0,0,0,1,0
2022-04-20,152.0,87.0,38.0,34.68269230769231,9.0,10.0,325,pm2.5,4,2,0,0,0,0,1,0
2022-04-21,145.0,79.0,30.0,34.71153846153846,15.0,13.0,319,pm2.5,4,3,0,0,0,0,1,0
2022-04-22,139.0,84.0,36.0,34.74038461538461,20.0,12.0,315,pm2.5,4,4,0,0,0,0,1,0
2022-04-23,144.0,108.0,42.0,34.76923076923077,14.0,10.0,318,pm2.5,4,5,1,0,0,0,1,0
2022-04-24,150.0,103.0,43.0,34.79807692307692,24.0,13.0,323,pm2.5,4,6,1,0,0,0,1,0
2022-04-25,155.0,115.0,36.0,34.82692307692308,17.0,16.0,327,pm2.5,4,0,0,0,0,0,1,0
2022-04-26,157.0,85.0,38.0,34.85576923076923,39.0,18.0,328,pm2.5,4,1,0,0,0,0,1,0
2022-04-27,174.0,80.0,56.0,34.88461538461539,28.0,19.0,342,pm2.5,4,2,0,0,0,0,1,0
2022-04-28,154.0,87.0,43.0,34.91346153846154,24.0,23.0,335,co,4,3,0,0,0,0,1,0
2022-04-29,153.0,91.0,53.0,34.94230769230769,32.0,18.0,325,pm2.5,4,4,0,0,0,0,1,0
2022-04-30,161.0,85.0,41.0,34.97115384615385,13.0,15.0,332,pm2.5,4,5,1,0,0,0,1,0
2022-05-01,124.0,81.0,43.0,33.24038461538461,11.0,12.0,303,pm2.5,5,6,1,0,0,0,1,0
2022-05-02,137.0,64.0,27.0,33.26923076923077,10.0,11.0,313,pm2.5,5,0,0,0,0,0,1,0
2022-05-03,151.0,89.0,41.0,33.29807692307692,7.0,7.0,324,pm2.5,5,1,0,0,0,0,1,0
2022-05-04,133.0,59.0,45.0,33.32692307692308,5.0,5.0,310,pm2.5,5,2,0,0,0,0,1,0
2022-05-05,105.0,73.0,53.0,33.35576923076923,6.0,7.0,250,pm2.5,5,3,0,0,0,0,1,0
2022-05-06,137.0,85.0,65.0,33.38461538461539,9.0,10.0,313,pm2.5,5,4,0,0,0,0,1,0
2022-05-07,156.0,68.0,58.0,33.41346153846154,7.0,8.0,328,pm2.5,5,5,1,0,0,0,1,0
2022-05-08,155.0,176.0,45.0,33.44230769230769,8.0,9.0,327,pm2.5,5,6,1,0,0,0,1,0
2022-05-09,139.0,63.0,42.0,33.47115384615385,8.0,9.0,315,pm2.5,5,0,0,0,0,0,1,0
2022-05-10,139.0,58.0,41.0,33.5,7.0,7.0,315,pm2.5,5,1,0,0,0,0,1,0
2022-05-11,105.0,64.0,49.0,33.52884615384615,9.0,10.0,250,pm2.5,5,2,0,0,0,0,1,0
2022-05-12,140.0,77.0,38.0,33.55769230769231,10.0,10.0,315,pm2.5,5,3,0,0,0,0,1,0
2022-05-13,140.0,95.0,53.0,33.58653846153846,13.0,15.0,315,pm2.5,5,4,0,0,0,0,1,0
2022-05-14,166.0,83.0,56.0,33.61538461538461,10.0,11.0,335,pm2.5,5,5,1,0,0,0,1,0
2022-05-15,163.0,107.0,36.0,33.64423076923077,13.0,14.0,333,pm2.5,5,6,1,0,0,0,1,0
2022-05-16,173.0,102.0,36.0,33.67307692307692,10.0,11.0,341,pm2.5,5,0,0,0,0,0,1,0
2022-05-17,172.0,94.0,46.0,33.70192307692308,8.0,9.0,340,pm2.5,5,1,0,0,0,0,1,0
2022-05-18,163.0,89.0,41.0,33.73076923076923,7.0,8.0,333,pm2.5,5,2,0,0,0,0,1,0
2022-05-19,143.0,95.0,46.0,33.75961538461539,12.0,13.0,318,pm2.5,5,3,0,0,0,0,1,0
2022-05-20,163.0,79.0,33.0,33.78846153846154,8.0,9.0,333,pm2.5,5,4,0,0,0,0,1,0
2022-05-21,131.0,54.0,44.0,33.81730769230769,6.0,6.0,308,pm2.5,5,5,1,0,0,0,1,0
2022-05-22,110.0,60.0,32.0,33.84615384615385,6.0,7.0,267,pm2.5,5,6,1,0,0,0,1,0
2022-05-23,89.0,54.0,41.0,33.875,6.0,7.0,197,pm2.5,5,0,0,0,0,0,1,0
2022-05-24,101.0,75.0,36.0,33.90384615384615,9.0,10.0,237,pm2.5,5,1,0,0,0,0,1,0
2022-05-25,132.0,128.0,48.0,33.93269230769231,9.0,10.0,309,pm2.5,5,2,0,0,0,0,1,0
2022-05-26,151.0,82.0,41.0,33.96153846153846,10.0,11.0,324,pm2.5,5,3,0,0,0,0,1,0
2022-05-27,135.0,53.0,41.0,33.99038461538461,16.0,17.0,312,pm2.5,5,4,0,0,0,0,1,0
2022-05-28,119.0,76.0,32.0,34.01923076923077,8.0,9.0,297,pm2.5,5,5,1,0,0,0,1,0
2022-05-29,154.0,76.0,34.0,34.04807692307692,7.0,8.0,326,pm2.5,5,6,1,0,0,0,1,0
2022-05-30,151.0,108.0,35.0,34.07692307692308,7.0,8.0,324,pm2.5,5,0,0,0,0,0,1,0
2022-05-31,176.0,105.0,38.0,34.10576923076923,9.0,10.0,343,pm2.5,5,1,0,0,0,0,1,0
2022-06-01,162.0,100.0,35.0,32.375,14.0,15.0,332,pm2.5,6,2,0,0,1,0,0,0
2022-06-02,163.0,101.0,40.0,32.40384615384615,31.0,23.0,335,co,6,3,0,0,1,0,0,0
2022-06-03,171.0,78.0,35.0,32.43269230769231,17.0,18.0,339,pm2.5,6,4,0,0,1,0,0,0
2022-06-04,145.0,76.0,43.0,32.46153846153846,18.0,17.0,319,pm2.5,6,5,1,0,1,0,0,0
2022-06-05,137.0,80.0,36.0,32.49038461538461,18.0,17.0,313,pm2.5,6,6,1,0,1,0,0,0
2022-06-06,145.0,82.0,35.0,32.51923076923077,15.0,16.0,319,pm2.5,6,0,0,0,1,0,0,0
2022-06-07,151.0,133.0,33.0,32.54807692307692,22.0,21.0,324,pm2.5,6,1,0,0,1,0,0,0
2022-06-08,167.0,105.0,26.0,32.57692307692308,30.0,25.0,347,co,6,2,0,0,1,0,0,0
2022-06-09,151.0,89.0,31.0,32.60576923076923,18.0,18.0,324,pm2.5,6,3,0,0,1,0,0,0
2022-06-10,164.0,100.0,24.0,32.63461538461539,16.0,17.0,334,pm2.5,6,4,0,0,1,0,0,0
2022-06-11,163.0,77.0,29.0,32.66346153846154,11.0,12.0,333,pm2.5,6,5,1,0,1,0,0,0
2022-06-12,140.0,78.0,30.0,32.69230769230769,11.0,12.0,315,pm2.5,6,6,1,0,1,0,0,0
2022-06-13,142.0,66.0,29.0,32.72115384615385,12.0,13.0,317,pm2.5,6,0,0,0,1,0,0,0
2022-06-14,113.0,68.0,23.0,32.75,8.0,10.0,277,pm2.5,6,1,0,0,1,0,0,0
2022-06-15,106.0,57.0,16.0,32.77884615384615,7.0,7.0,253,pm2.5,6,2,0,0,1,0,0,0
2022-06-16,90.0,53.0,29.0,32.80769230769231,12.0,13.0,243,co,6,3,0,0,1,0,0,0
2022-06-17,89.0,62.0,23.0,32.83653846153846,11.0,11.0,214,co,6,4,0,0,1,0,0,0
2022-06-18,86.0,53.0,22.0,32.86538461538461,13.0,10.0,200,co,6,5,1,0,1,0,0,0
2022-06-19,86.0,57.0,18.0,32.89423076923077,10.0,5.0,187,pm2.5,6,6,1,0,1,0,0,0
2022-06-20,72.0,53.0,19.0,32.92307692307692,9.0,5.0,140,pm2.5,6,0,0,0,1,0,0,0
2022-06-21,82.0,61.0,34.0,32.95192307692308,7.0,4.0,173,pm2.5,6,1,0,0,1,0,0,0
2022-06-22,109.0,72.0,33.0,32.98076923076923,8.0,6.0,263,pm2.5,6,2,0,0,1,0,0,0
2022-06-23,128.0,76.0,36.0,33.00961538461539,8.0,6.0,306,pm2.5,6,3,0,0,1,0,0,0
2022-06-24,118.0,68.0,28.0,33.03846153846154,5.0,4.0,293,pm2.5,6,4,0,0,1,0,0,0
2022-06-25,127.0,63.0,22.0,33.06730769230769,5.0,4.0,305,pm2.5,6,5,1,0,1,0,0,0
2022-06-26,114.0,63.0,21.0,33.09615384615385,5.0,4.0,280,pm2.5,6,6,1,0,1,0,0,0
2022-06-27,125.0,66.0,22.0,33.125,5.0,4.0,304,pm2.5,6,0,0,0,1,0,0,0
2022-06-28,134.0,44.0,7.0,33.15384615384615,5.0,4.0,311,pm2.5,6,1,0,0,1,0,0,0
2022-06-29,77.0,29.0,13.0,33.18269230769231,5.0,4.0,157,pm2.5,6,2,0,0,1,0,0,0
2022-06-30,61.0,54.0,17.0,33.21153846153846,4.0,4.0,125,co,6,3,0,0,1,0,0,0
2022-07-01,88.0,60.0,7.0,31.48076923076923,4.0,5.0,193,pm2.5,7,4,0,0,1,0,0,0
2022-07-02,97.0,53.0,9.0,31.509615384615383,3.0,4.0,223,pm2.5,7,5,1,0,1,0,0,0
2022-07-03,101.0,53.0,12.0,31.53846153846154,3.0,4.0,237,pm2.5,7,6,1,0,1,0,0,0
2022-07-04,95.0,60.0,14.0,31.567307692307693,4.0,4.0,217,pm2.5,7,0,0,0,1,0,0,0
2022-07-05,110.0,60.0,15.0,31.596153846153847,4.0,4.0,267,pm2.5,7,1,0,0,1,0,0,0
2022-07-06,98.0,50.0,14.0,31.625,4.0,4.0,227,pm2.5,7,2,0,0,1,0,0,0
2022-07-07,64.0,56.0,18.0,31.653846153846157,4.0,5.0,138,co,7,3,0,0,1,0,0,0
2022-07-08,82.0,60.0,15.0,31.682692307692307,3.0,4.0,173,pm2.5,7,4,0,0,1,0,0,0
2022-07-09,90.0,44.0,19.0,31.71153846153846,5.0,5.0,200,pm2.5,7,5,1,0,1,0,0,0
2022-07-10,63.0,52.0,18.0,31.740384615384617,4.0,4.0,125,co,7,6,1,0,1,0,0,0
2022-07-11,74.0,55.0,17.0,31.76923076923077,5.0,5.0,147,pm2.5,7,0,0,0,1,0,0,0
2022-07-12,78.0,56.0,19.0,31.798076923076923,4.0,4.0,160,pm2.5,7,1,0,0,1,0,0,0
2022-07-13,73.0,60.0,18.0,31.82692307692308,4.0,4.0,143,pm2.5,7,2,0,0,1,0,0,0
2022-07-14,71.0,42.0,23.0,31.85576923076923,5.0,5.0,138,co,7,3,0,0,1,0,0,0
2022-07-15,52.0,38.0,19.0,31.884615384615383,4.0,4.0,125,co,7,4,0,0,1,0,0,0
2022-07-16,60.0,44.0,19.0,31.91346153846154,4.0,5.0,138,co,7,5,1,0,1,0,0,0
2022-07-17,58.0,53.0,16.0,31.942307692307693,5.0,6.0,150,co,7,6,1,0,1,0,0,0
2022-07-18,66.0,60.0,20.0,31.971153846153847,5.0,5.0,138,co,7,0,0,0,1,0,0,0
2022-07-19,91.0,43.0,7.0,32.0,5.0,5.0,203,pm2.5,7,1,0,0,1,0,0,0
2022-07-20,66.0,23.0,9.0,32.02884615384615,5.0,5.0,138,co,7,2,0,0,1,0,0,0
2022-07-21,50.0,35.0,5.0,32.05769230769231,5.0,5.0,138,co,7,3,0,0,1,0,0,0
2022-07-22,77.0,37.0,7.0,32.08653846153846,5.0,5.0,157,pm2.5,7,4,0,0,1,0,0,0
2022-07-23,66.0,41.0,11.0,32.11538461538461,4.0,5.0,138,co,7,5,1,0,1,0,0,0
2022-07-24,68.0,27.0,8.0,32.14423076923077,5.0,5.0,138,co,7,6,1,0,1,0,0,0
2022-07-25,55.0,34.0,9.0,32.17307692307692,5.0,5.0,138,co,7,0,0,0,1,0,0,0
2022-07-26,75.0,31.0,5.0,32.20192307692308,5.0,6.0,150,pm2.5,7,1,0,0,1,0,0,0
2022-07-27,60.0,35.0,4.0,32.23076923076923,4.0,5.0,138,co,7,2,0,0,1,0,0,0
2022-07-28,63.0,34.0,4.0,32.25961538461539,4.0,5.0,138,co,7,3,0,0,1,0,0,0
2022-07-29,59.0,37.0,3.0,32.28846153846154,4.0,5.0,138,co,7,4,0,0,1,0,0,0
2022-07-30,74.0,51.0,3.0,32.31730769230769,5.0,5.0,147,pm2.5,7,5,1,0,1,0,0,0
2022-07-31,82.0,59.0,4.0,32.34615384615385,4.0,5.0,173,pm2.5,7,6,1,0,1,0,0,0
2022-08-01,87.0,41.0,3.0,30.58653846153846,6.0,6.0,190,pm2.5,8,0,0,0,1,0,0,0
2022-08-02,66.0,28.0,4.0,30.615384615384617,5.0,5.0,138,co,8,1,0,0,1,0,0,0
2022-08-03,62.0,43.0,3.0,30.64423076923077,5.0,5.0,138,co,8,2,0,0,1,0,0,0
2022-08-04,81.0,55.0,5.0,30.673076923076923,5.0,6.0,170,pm2.5,8,3,0,0,1,0,0,0
2022-08-05,99.0,60.0,4.0,30.70192307692308,5.0,5.0,230,pm2.5,8,4,0,0,1,0,0,0
2022-08-06,122.0,34.0,2.0,30.73076923076923,4.0,5.0,302,pm2.5,8,5,1,0,1,0,0,0
2022-08-07,72.0,35.0,4.0,30.759615384615383,4.0,4.0,140,pm2.5,8,6,1,0,1,0,0,0
2022-08-08,71.0,33.0,9.0,30.78846153846154,4.0,5.0,138,co,8,0,0,0,1,0,0,0
2022-08-09,69.0,36.0,1.0,30.817307692307693,5.0,5.0,138,co,8,1,0,0,1,0,0,0
2022-08-10,54.0,36.0,2.0,30.846153846153847,5.0,5.0,138,co,8,2,0,0,1,0,0,0
2022-08-11,50.0,27.0,2.0,30.875,4.0,5.0,138,co,8,3,0,0,1,0,0,0
2022-08-12,57.0,34.0,1.0,30.903846153846157,4.0,4.0,125,co,8,4,0,0,1,0,0,0
2022-08-13,76.0,26.0,1.0,30.932692307692307,3.0,3.0,153,pm2.5,8,5,1,0,1,0,0,0
2022-08-14,53.0,23.0,1.0,30.96153846153846,3.0,4.0,125,co,8,6,1,0,1,0,0,0
2022-08-15,36.0,20.0,1.0,30.990384615384617,3.0,3.0,112,co,8,0,0,0,1,0,0,0
2022-08-16,32.0,28.0,3.0,31.01923076923077,3.0,3.0,112,co,8,1,0,0,1,0,0,0
2022-08-17,45.0,43.0,3.0,31.048076923076923,5.0,5.0,138,co,8,2,0,0,1,0,0,0
2022-08-18,74.0,42.0,3.0,31.07692307692308,3.0,5.0,147,pm2.5,8,3,0,0,1,0,0,0
2022-08-19,62.0,20.0,2.0,31.10576923076923,3.0,5.0,138,co,8,4,0,0,1,0,0,0
2022-08-20,49.0,25.0,2.0,31.134615384615383,4.0,6.0,150,co,8,5,1,0,1,0,0,0
2022-08-21,52.0,36.0,2.0,31.16346153846154,3.0,5.0,138,co,8,6,1,0,1,0,0,0
2022-08-22,68.0,30.0,3.0,31.192307692307693,4.0,6.0,150,co,8,0,0,0,1,0,0,0
2022-08-23,51.0,41.0,4.0,31.221153846153847,4.0,6.0,150,co,8,1,0,0,1,0,0,0
2022-08-24,80.0,45.0,3.0,31.25,4.0,5.0,167,pm2.5,8,2,0,0,1,0,0,0
2022-08-25,77.0,50.0,3.0,31.278846153846157,3.0,5.0,157,pm2.5,8,3,0,0,1,0,0,0
2022-08-26,87.0,53.0,3.0,31.307692307692307,4.0,7.0,190,pm2.5,8,4,0,0,1,0,0,0
2022-08-27,84.0,73.0,2.0,31.33653846153846,4.0,6.0,180,pm2.5,8,5,1,0,1,0,0,0
2022-08-28,106.0,42.0,3.0,31.365384615384617,4.0,6.0,253,pm2.5,8,6,1,0,1,0,0,0
2022-08-29,72.0,47.0,3.0,31.39423076923077,4.0,6.0,150,co,8,0,0,0,1,0,0,0
2022-08-30,86.0,58.0,3.0,31.423076923076923,4.0,6.0,187,pm2.5,8,1,0,0,1,0,0,0
2022-08-31,108.0,48.0,4.0,31.45192307692308,4.0,6.0,260,pm2.5,8,2,0,0,1,0,0,0
2022-09-01,83.0,38.0,3.0,29.721153846153847,3.0,5.0,177,pm2.5,9,3,0,0,1,0,0,0
2022-09-02,62.0,53.0,4.0,29.75,4.0,6.0,150,co,9,4,0,0,1,0,0,0
2022-09-03,78.0,49.0,3.0,29.778846153846157,4.0,6.0,160,pm2.5,9,5,1,0,1,0,0,0
2022-09-04,74.0,57.0,3.0,29.807692307692307,4.0,6.0,150,co,9,6,1,0,1,0,0,0
2022-09-05,91.0,72.0,4.0,29.83653846153846,5.0,7.0,203,pm2.5,9,0,0,0,1,0,0,0
2022-09-06,84.0,72.0,4.0,29.865384615384617,4.0,6.0,180,pm2.5,9,1,0,0,1,0,0,0
2022-09-07,101.0,61.0,3.0,29.89423076923077,5.0,7.0,237,pm2.5,9,2,0,0,1,0,0,0
2022-09-08,110.0,48.0,5.0,29.923076923076923,4.0,6.0,267,pm2.5,9,3,0,0,1,0,0,0
2022-09-09,85.0,45.0,5.0,29.95192307692308,3.0,4.0,183,pm2.5,9,4,0,0,1,0,0,0
2022-09-10,76.0,43.0,3.0,29.98076923076923,3.0,5.0,153,pm2.5,9,5,1,0,1,0,0,0
2022-09-11,68.0,36.0,3.0,30.009615384615383,4.0,6.0,150,co,9,6,1,0,1,0,0,0
2022-09-12,56.0,19.0,4.0,30.03846153846154,4.0,6.0,150,co,9,0,0,0,1,0,0,0
2022-09-13,45.0,16.0,4.0,30.067307692307693,4.0,5.0,138,co,9,1,0,0,1,0,0,0
2022-09-14,40.0,16.0,3.0,30.096153846153847,5.0,7.0,162,co,9,2,0,0,1,0,0,0
2022-09-15,26.0,31.0,4.0,30.125,5.0,7.0,162,co,9,3,0,0,1,0,0,0
2022-09-16,59.0,34.0,4.0,30.153846153846157,4.0,6.0,150,co,9,4,0,0,1,0,0,0
2022-09-17,60.0,43.0,4.0,30.182692307692307,4.0,6.0,150,co,9,5,1,0,1,0,0,0
2022-09-18,77.0,62.0,3.0,30.21153846153846,3.0,4.0,157,pm2.5,9,6,1,0,1,0,0,0
2022-09-19,117.0,36.0,4.0,30.240384615384617,4.0,6.0,290,pm2.5,9,0,0,0,1,0,0,0
2022-09-20,67.0,27.0,4.0,30.26923076923077,4.0,6.0,150,co,9,1,0,0,1,0,0,0
2022-09-21,61.0,44.0,4.0,30.298076923076923,5.0,7.0,162,co,9,2,0,0,1,0,0,0
2022-09-22,112.0,35.0,4.0,30.32692307692308,5.0,7.0,273,pm2.5,9,3,0,0,1,0,0,0
2022-09-23,69.0,44.0,4.0,30.35576923076923,4.0,6.0,150,co,9,4,0,0,1,0,0,0
2022-09-24,75.0,50.0,4.0,30.384615384615383,4.0,6.0,150,pm2.5,9,5,1,0,1,0,0,0
2022-09-25,92.0,51.0,4.0,30.41346153846154,4.0,6.0,207,pm2.5,9,6,1,0,1,0,0,0
2022-09-26,93.0,52.0,4.0,30.442307692307693,3.0,5.0,210,pm2.5,9,0,0,0,1,0,0,0
2022-09-27,85.0,78.0,5.0,30.471153846153847,3.0,5.0,183,pm2.5,9,1,0,0,1,0,0,0
2022-09-28,123.0,96.0,5.0,30.5,4.0,5.0,302,pm2.5,9,2,0,0,1,0,0,0
2022-09-29,130.0,87.0,5.0,30.528846153846157,3.0,5.0,308,pm2.5,9,3,0,0,1,0,0,0
2022-09-30,132.0,97.0,5.0,30.557692307692307,4.0,6.0,309,pm2.5,9,4,0,0,1,0,0,0
2022-10-01,156.0,105.0,6.0,29.057692307692307,4.0,6.0,328,pm2.5,10,5,1,1,0,0,0,0
2022-10-02,163.0,100.0,5.0,29.08653846153846,3.0,4.0,333,pm2.5,10,6,1,1,0,0,0,0
2022-10-03,158.0,84.0,3.0,29.115384615384617,3.0,4.0,329,pm2.5,10,0,0,1,0,0,0,0
2022-10-04,113.0,15.0,3.0,29.14423076923077,3.0,4.0,277,pm2.5,10,1,0,1,0,0,0,0
2022-10-05,40.0,18.0,3.0,29.173076923076923,3.0,4.0,125,co,10,2,0,1,0,0,0,0
2022-10-06,44.0,26.0,3.0,29.20192307692308,2.0,4.0,125,co,10,3,0,1,0,0,0,0
2022-10-07,58.0,26.0,3.0,29.23076923076923,3.0,4.0,125,co,10,4,0,1,0,0,0,0
2022-10-08,58.0,28.0,3.0,29.259615384615383,3.0,4.0,125,co,10,5,1,1,0,0,0,0
2022-10-09,55.0,18.0,3.0,29.28846153846154,2.0,3.0,112,co,10,6,1,1,0,0,0,0
2022-10-10,41.0,34.0,3.0,29.317307692307693,2.0,4.0,125,co,10,0,0,1,0,0,0,0
2022-10-11,71.0,40.0,3.0,29.346153846153847,3.0,4.0,137,pm2.5,10,1,0,1,0,0,0,0
2022-10-12,71.0,66.0,4.0,29.375,3.0,4.0,137,pm2.5,10,2,0,1,0,0,0,0
2022-10-13,112.0,98.0,7.0,29.403846153846157,3.0,5.0,273,pm2.5,10,3,0,1,0,0,0,0
2022-10-14,154.0,93.5,5.5,29.432692307692307,3.0,5.0,326,pm2.5,10,4,0,1,0,0,0,0
2022-10-23,163.5,89.0,4.0,29.46153846153846,3.0,5.0,333,pm2.5,10,6,1,1,0,0,0,0
2022-10-24,173.0,146.0,22.0,29.490384615384617,3.0,4.0,341,pm2.5,10,0,0,1,0,0,0,0
2022-10-25,194.0,168.0,21.0,29.51923076923077,4.0,5.0,357,pm2.5,10,1,0,1,0,0,0,0
2022-10-26,196.0,182.0,19.0,29.548076923076923,4.0,6.0,358,pm2.5,10,2,0,1,0,0,0,0
2022-10-27,224.0,105.0,23.0,29.57692307692308,2.0,3.0,380,pm2.5,10,3,0,1,0,0,0,0
2022-10-28,173.0,147.0,27.0,29.60576923076923,3.0,5.0,341,pm2.5,10,4,0,1,0,0,0,0
2022-10-29,200.0,191.0,27.0,29.634615384615383,4.0,7.0,362,pm2.5,10,5,1,1,0,0,0,0
2022-10-30,240.0,219.0,12.0,29.66346153846154,6.0,8.0,392,pm2.5,10,6,1,1,0,0,0,0
2022-10-31,254.0,195.0,16.0,29.692307692307693,4.0,6.0,403,pm2.5,10,0,0,1,0,0,0,0
2022-11-01,236.0,184.0,16.0,26.2,5.0,7.0,389,pm2.5,11,1,0,1,0,0,0,0
2022-11-02,210.0,254.0,22.0,26.3,3.0,5.0,369,pm2.5,11,2,0,1,0,0,0,0
2022-11-03,280.0,288.0,23.0,26.4,3.0,5.0,423,pm2.5,11,3,0,1,0,0,0,0
2022-11-04,332.0,114.0,12.0,26.5,3.0,5.0,463,pm2.5,11,4,0,1,0,0,0,0
2022-11-05,187.0,90.0,21.0,26.6,3.0,5.0,352,pm2.5,11,5,1,1,0,0,0,0
2022-11-06,163.0,121.0,21.0,26.7,2.0,3.0,333,pm2.5,11,6,1,1,0,0,0,0
2022-11-07,176.0,116.0,17.0,26.8,3.0,4.0,343,pm2.5,11,0,0,1,0,0,0,0
2022-11-08,170.0,132.0,21.0,26.9,3.0,5.0,338,pm2.5,11,1,0,1,0,0,0,0
2022-11-09,187.0,103.0,19.0,27.0,3.0,5.0,352,pm2.5,11,2,0,1,0,0,0,0
2022-11-10,172.0,119.0,25.0,27.1,3.0,5.0,340,pm2.5,11,3,0,1,0,0,0,0
2022-11-11,193.0,126.0,26.0,27.2,3.0,4.0,356,pm2.5,11,4,0,1,0,0,0,0
2022-11-12,189.0,105.0,31.0,27.3,3.0,4.0,353,pm2.5,11,5,1,1,0,0,0,0
2022-11-13,179.0,141.0,22.0,27.4,13.0,18.0,345,pm2.5,11,6,1,1,0,0,0,0
2022-11-14,230.0,128.0,24.0,27.5,5.0,8.0,385,pm2.5,11,0,0,1,0,0,0,0
2022-11-15,152.0,124.0,23.0,27.6,15.0,15.0,325,pm2.5,11,1,0,1,0,0,0,0
2022-11-16,186.0,97.0,29.0,27.7,4.0,6.0,351,pm2.5,11,2,0,1,0,0,0,0
2022-11-17,179.0,109.0,28.0,27.8,5.0,8.0,345,pm2.5,11,3,0,1,0,0,0,0
2022-11-18,201.0,114.0,26.0,27.9,6.0,9.0,362,pm2.5,11,4,0,1,0,0,0,0
2022-11-19,189.0,92.0,28.0,28.0,15.0,21.0,353,pm2.5,11,5,1,1,0,0,0,0
2022-11-20,156.0,90.0,21.0,28.1,10.0,13.0,328,pm2.5,11,6,1,1,0,0,0,0
2022-11-21,147.0,106.0,25.0,28.2,15.0,22.0,329,co,11,0,0,1,0,0,0,0
2022-11-22,173.0,95.0,29.0,28.3,7.0,11.0,341,pm2.5,11,1,0,1,0,0,0,0
2022-11-23,161.0,103.0,32.0,28.4,8.0,12.0,332,pm2.5,11,2,0,1,0,0,0,0
2022-11-24,182.0,128.0,18.0,28.5,16.0,23.0,348,pm2.5,11,3,0,1,0,0,0,0
2022-11-25,208.0,102.0,15.0,28.6,11.0,16.0,368,pm2.5,11,4,0,1,0,0,0,0
2022-11-26,158.0,120.0,22.0,28.7,8.0,11.0,329,pm2.5,11,5,1,1,0,0,0,0
2022-11-27,181.0,106.0,20.0,28.8,10.0,15.0,347,pm2.5,11,6,1,1,0,0,0,0
2022-11-28,178.0,117.0,23.0,28.9,5.0,7.0,345,pm2.5,11,0,0,1,0,0,0,0
2022-11-29,191.0,107.0,24.0,29.0,5.0,7.0,355,pm2.5,11,1,0,1,0,0,0,0
2022-11-30,179.0,120.0,19.0,29.028846153846157,8.0,12.0,345,pm2.5,11,2,0,1,0,0,0,0
2022-12-01,186.0,124.0,30.0,23.1,11.0,12.0,351,pm2.5,12,3,0,0,0,0,0,1
2022-12-02,186.0,130.0,31.0,23.2,16.0,23.0,351,pm2.5,12,4,0,0,0,0,0,1
2022-12-03,183.0,121.0,36.0,23.3,14.0,20.0,348,pm2.5,12,5,1,0,0,0,0,1
2022-12-04,181.0,122.0,35.0,23.4,8.0,11.0,347,pm2.5,12,6,1,0,0,0,0,1
2022-12-05,183.0,105.0,31.0,23.5,7.0,11.0,348,pm2.5,12,0,0,0,0,0,0,1
2022-12-06,166.0,78.0,30.0,23.6,7.0,10.0,335,pm2.5,12,1,0,0,0,0,0,1
2022-12-07,145.0,107.0,32.0,23.7,7.0,11.0,319,pm2.5,12,2,0,0,0,0,0,1
2022-12-08,160.0,124.0,29.0,23.8,17.0,21.0,331,pm2.5,12,3,0,0,0,0,0,1
2022-12-09,153.0,128.0,26.0,23.9,18.0,25.0,347,co,12,4,0,0,0,0,0,1
2022-12-10,187.0,106.0,34.0,24.0,12.0,17.0,352,pm2.5,12,5,1,0,0,0,0,1
2022-12-11,186.0,66.0,25.0,24.1,9.0,13.0,351,pm2.5,12,6,1,0,0,0,0,1
2022-12-12,142.0,74.0,27.0,24.2,6.0,9.0,317,pm2.5,12,0,0,0,0,0,0,1
2022-12-13,139.0,69.0,24.0,24.3,6.0,8.0,315,pm2.5,12,1,0,0,0,0,0,1
2022-12-14,134.0,69.0,29.0,24.4,6.0,9.0,311,pm2.5,12,2,0,0,0,0,0,1
2022-12-15,146.0,79.0,32.0,24.5,6.0,9.0,320,pm2.5,12,3,0,0,0,0,0,1
2022-12-16,164.0,102.0,34.0,24.6,12.0,19.0,334,pm2.5,12,4,0,0,0,0,0,1
2022-12-17,179.0,144.0,33.0,24.7,11.0,16.0,345,pm2.5,12,5,1,0,0,0,0,1
2022-12-18,198.0,110.0,18.0,24.8,7.0,10.0,360,pm2.5,12,6,1,0,0,0,0,1
2022-12-19,176.0,104.0,19.0,24.9,8.0,12.0,343,pm2.5,12,0,0,0,0,0,0,1
2022-12-20,162.0,110.0,26.0,25.0,9.0,13.0,332,pm2.5,12,1,0,0,0,0,0,1
2022-12-21,165.0,74.0,20.0,25.1,8.0,12.0,335,pm2.5,12,2,0,0,0,0,0,1
2022-12-22,128.0,85.0,24.0,25.2,9.0,13.0,306,pm2.5,12,3,0,0,0,0,0,1
2022-12-23,134.0,64.0,25.0,25.3,4.0,6.0,311,pm2.5,12,4,0,0,0,0,0,1
2022-12-24,124.0,73.0,23.0,25.4,8.0,11.0,303,pm2.5,12,5,1,0,0,0,0,1
2022-12-25,133.0,122.0,21.0,25.5,6.0,8.0,310,pm2.5,12,6,1,0,0,0,0,1
2022-12-26,199.0,96.0,16.0,25.6,16.0,16.0,361,pm2.5,12,0,0,0,0,0,0,1
2022-12-27,172.0,77.0,26.0,25.7,9.0,13.0,340,pm2.5,12,1,0,0,0,0,0,1
2022-12-28,136.0,148.0,28.0,25.8,7.0,10.0,312,pm2.5,12,2,0,0,0,0,0,1
2022-12-29,177.0,159.0,22.0,25.9,8.0,11.0,344,pm2.5,12,3,0,0,0,0,0,1
2022-12-30,191.0,136.0,9.0,26.0,9.0,13.0,355,pm2.5,12,4,0,0,0,0,0,1
2022-12-31,185.0,96.0,8.0,26.1,4.0,6.0,350,pm2.5,12,5,1,0,0,0,0,1
2023-01-01,155.0,90.0,9.0,33.40625,6.0,9.0,327,pm2.5,1,6,1,0,0,0,0,1
2023-01-02,148.0,109.0,7.0,33.25,6.0,8.0,322,pm2.5,1,0,0,0,0,0,0,1
2023-01-03,157.0,118.0,12.0,33.09375,6.0,8.0,328,pm2.5,1,1,0,0,0,0,0,1
2023-01-04,179.0,135.0,17.0,32.9375,7.0,11.0,345,pm2.5,1,2,0,0,0,0,0,1
2023-01-05,188.0,117.0,8.0,32.78125,9.0,13.0,352,pm2.5,1,3,0,0,0,0,0,1
2023-01-06,189.0,161.0,10.0,32.625,10.0,15.0,353,pm2.5,1,4,0,0,0,0,0,1
2023-01-07,223.0,127.0,8.0,32.46875,10.0,14.0,379,pm2.5,1,5,1,0,0,0,0,1
2023-01-08,213.0,94.0,4.0,32.3125,8.0,12.0,372,pm2.5,1,6,1,0,0,0,0,1
2023-01-09,167.0,132.0,14.0,32.15625,16.0,18.0,336,pm2.5,1,0,0,0,0,0,0,1
2023-01-10,195.0,131.0,4.0,32.0,10.0,15.0,358,pm2.5,1,1,0,0,0,0,0,1
2023-01-11,198.0,88.0,11.0,31.0,7.0,10.0,360,pm2.5,1,2,0,0,0,0,0,1
2023-01-12,174.0,120.0,19.0,30.0,10.0,8.0,342,pm2.5,1,3,0,0,0,0,0,1
2023-01-13,194.0,107.0,10.0,38.0,8.0,12.0,357,pm2.5,1,4,0,0,0,0,0,1
2023-01-14,184.0,63.0,27.0,19.0,3.0,5.0,349,pm2.5,1,5,1,0,0,0,0,1
2023-01-15,131.0,70.0,29.0,31.0,7.0,10.0,308,pm2.5,1,6,1,0,0,0,0,1
2023-01-16,128.0,100.0,28.0,31.0,6.0,9.0,306,pm2.5,1,0,0,0,0,0,0,1
2023-01-17,162.0,104.0,26.0,33.0,7.0,11.0,332,pm2.5,1,1,0,0,0,0,0,1
2023-01-18,179.0,130.0,34.0,50.0,14.0,17.0,345,pm2.5,1,2,0,0,0,0,0,1
2023-01-19,198.0,145.0,26.0,33.0,7.0,10.0,360,pm2.5,1,3,0,0,0,0,0,1
2023-01-20,207.0,146.0,26.0,50.0,13.0,16.0,367,pm2.5,1,4,0,0,0,0,0,1
2023-01-21,202.0,91.0,11.0,17.0,3.0,5.0,363,pm2.5,1,5,1,0,0,0,0,1
2023-01-22,156.0,85.0,8.0,28.0,7.0,11.0,328,pm2.5,1,6,1,0,0,0,0,1
2023-01-23,130.0,72.0,18.0,34.0,7.0,10.0,308,pm2.5,1,0,0,0,0,0,0,1
2023-01-24,132.0,67.0,9.0,27.0,5.0,8.0,309,pm2.5,1,1,0,0,0,0,0,1
2023-01-25,146.0,35.0,16.0,20.0,4.0,6.0,320,pm2.5,1,2,0,0,0,0,0,1
2023-01-26,68.0,65.0,18.0,22.0,4.0,6.0,150,co,1,3,0,0,0,0,0,1
2023-01-27,137.0,94.0,27.0,39.0,10.0,14.0,313,pm2.5,1,4,0,0,0,0,0,1
2023-01-28,150.0,106.0,30.0,25.0,6.0,8.0,323,pm2.5,1,5,1,0,0,0,0,1
2023-01-29,191.0,67.0,19.0,26.0,5.0,7.0,355,pm2.5,1,6,1,0,0,0,0,1
2023-01-30,139.0,54.0,10.0,51.0,10.0,15.0,315,pm2.5,1,0,0,0,0,0,0,1
2023-01-31,111.0,49.0,15.0,23.0,4.0,6.0,270,pm2.5,1,1,0,0,0,0,0,1
2023-02-01,112.0,60.0,26.0,33.0,7.0,11.0,273,pm2.5,2,2,0,0,0,1,0,0
2023-02-02,119.0,64.0,31.0,35.0,7.0,11.0,297,pm2.5,2,3,0,0,0,1,0,0
2023-02-03,142.0,70.0,29.0,33.0,7.0,10.0,317,pm2.5,2,4,0,0,0,1,0,0
2023-02-04,133.0,81.0,32.0,37.0,9.0,13.0,310,pm2.5,2,5,1,0,0,1,0,0
2023-02-05,162.0,100.0,40.0,42.0,10.0,14.0,332,pm2.5,2,6,1,0,0,1,0,0
2023-02-06,171.0,66.0,24.0,37.0,8.0,12.0,339,pm2.5,2,0,0,0,0,1,0,0
2023-02-07,128.0,53.0,29.0,36.84375,7.913043478260869,11.869565217391305,306,pm2.5,2,1,0,0,0,1,0,0
2023-02-08,104.0,82.0,29.0,36.6875,7.826086956521739,11.73913043478261,247,pm2.5,2,2,0,0,0,1,0,0
2023-02-09,140.0,82.0,26.0,36.53125,7.739130434782608,11.608695652173914,315,pm2.5,2,3,0,0,0,1,0,0
2023-02-10,139.0,74.0,31.0,36.375,7.6521739130434785,11.478260869565217,315,pm2.5,2,4,0,0,0,1,0,0
2023-02-11,144.0,79.0,26.0,36.21875,7.565217391304348,11.347826086956522,318,pm2.5,2,5,1,0,0,1,0,0
2023-02-12,111.0,61.0,30.0,36.0625,7.478260869565218,11.217391304347826,270,pm2.5,2,6,1,0,0,1,0,0
2023-02-13,95.0,52.0,34.0,35.90625,7.391304347826087,11.08695652173913,217,pm2.5,2,0,0,0,0,1,0,0
2023-02-14,122.0,85.0,37.0,35.75,7.304347826086957,10.956521739130435,302,pm2.5,2,1,0,0,0,1,0,0
2023-02-15,158.0,86.0,38.0,35.59375,7.217391304347826,10.826086956521738,329,pm2.5,2,2,0,0,0,1,0,0
2023-02-16,161.0,100.0,35.0,35.4375,7.130434782608695,10.695652173913045,332,pm2.5,2,3,0,0,0,1,0,0
2023-02-17,180.0,92.0,39.0,35.28125,7.043478260869565,10.565217391304348,346,pm2.5,2,4,0,0,0,1,0,0
2023-02-18,180.0,76.0,34.0,35.125,6.956521739130435,10.434782608695652,346,pm2.5,2,5,1,0,0,1,0,0
2023-02-19,159.0,74.0,30.0,34.96875,6.869565217391305,10.304347826086955,330,pm2.5,2,6,1,0,0,1,0,0
2023-02-20,141.0,64.0,29.0,34.8125,6.782608695652174,10.173913043478262,316,pm2.5,2,0,0,0,0,1,0,0
2023-02-21,124.0,56.0,31.0,34.65625,6.695652173913043,10.043478260869565,303,pm2.5,2,1,0,0,0,1,0,0
2023-02-22,117.0,46.0,26.0,34.5,6.608695652173913,9.91304347826087,290,pm2.5,2,2,0,0,0,1,0,0
2023-02-23,98.0,59.0,31.0,34.34375,6.521739130434783,9.782608695652174,227,pm2.5,2,3,0,0,0,1,0,0
2023-02-24,126.0,93.0,42.0,34.1875,6.434782608695652,9.652173913043478,305,pm2.5,2,4,0,0,0,1,0,0
2023-02-25,171.0,100.0,39.0,34.03125,6.3478260869565215,9.521739130434783,339,pm2.5,2,5,1,0,0,1,0,0
2023-02-26,179.0,83.0,33.0,33.875,6.260869565217392,9.391304347826086,345,pm2.5,2,6,1,0,0,1,0,0
2023-02-27,155.0,74.0,32.0,33.71875,6.173913043478261,9.26086956521739,327,pm2.5,2,0,0,0,0,1,0,0
2023-02-28,145.0,76.0,33.0,33.5625,6.086956521739131,9.130434782608695,319,pm2.5,2,1,0,0,0,1,0,0
2023-03-01,150.0,56.0,27.0,18.94736842105263,3.8333333333333335,12.470588235294118,323,pm2.5,3,2,0,0,0,1,0,0
2023-03-02,118.0,51.0,27.0,18.894736842105264,3.6666666666666665,11.941176470588236,293,pm2.5,3,3,0,0,0,1,0,0
2023-03-03,102.0,47.0,26.0,18.84210526315789,3.5,11.411764705882351,240,pm2.5,3,4,0,0,0,1,0,0
2023-03-04,96.0,51.0,29.0,18.789473684210527,3.333333333333333,10.882352941176473,220,pm2.5,3,5,1,0,0,1,0,0
2023-03-05,117.0,59.0,26.0,18.73684210526316,3.166666666666667,10.352941176470589,290,pm2.5,3,6,1,0,0,1,0,0
2023-03-06,124.0,80.0,31.0,18.68421052631579,3.0,9.823529411764708,303,pm2.5,3,0,0,0,0,1,0,0
2023-03-07,155.0,59.0,29.0,18.63157894736842,2.833333333333333,9.294117647058822,327,pm2.5,3,1,0,0,0,1,0,0
2023-03-08,101.0,43.0,25.0,18.57894736842105,2.666666666666667,8.764705882352942,237,pm2.5,3,2,0,0,0,1,0,0
2023-03-09,81.0,67.0,28.0,18.526315789473685,2.5,8.235294117647058,178,co,3,3,0,0,0,1,0,0
2023-03-10,133.0,91.0,38.0,18.473684210526315,2.333333333333333,7.705882352941177,310,pm2.5,3,4,0,0,0,1,0,0
2023-03-11,166.0,87.0,38.0,18.42105263157895,2.166666666666667,7.176470588235294,335,pm2.5,3,5,1,0,0,1,0,0
2023-03-12,149.0,111.0,37.0,18.36842105263158,2.0,6.647058823529411,322,pm2.5,3,6,1,0,0,1,0,0
2023-03-13,171.0,110.0,34.0,18.31578947368421,1.8333333333333333,6.117647058823529,339,pm2.5,3,0,0,0,0,1,0,0
2023-03-14,177.0,68.0,31.0,18.26315789473684,1.666666666666667,5.588235294117647,344,pm2.5,3,1,0,0,0,1,0,0
2023-03-15,118.0,75.0,28.0,18.210526315789476,1.5,5.0588235294117645,293,pm2.5,3,2,0,0,0,1,0,0
2023-03-16,150.0,104.0,26.0,18.157894736842103,1.3333333333333337,4.529411764705882,323,pm2.5,3,3,0,0,0,1,0,0
2023-03-17,148.0,102.0,6.0,18.105263157894736,1.166666666666667,4.0,322,pm2.5,3,4,0,0,0,1,0,0
2023-03-18,173.0,85.0,1.0,18.05263157894737,1.0,6.0,341,pm2.5,3,5,1,0,0,1,0,0
2023-03-19,168.0,69.0,1.0,18.0,1.0,6.0,337,pm2.5,3,6,1,0,0,1,0,0
2023-03-20,109.0,59.0,16.0,22.0,3.0,10.0,263,pm2.5,3,0,0,0,0,1,0,0
2023-03-21,111.0,53.0,55.0,25.0,2.0,10.0,270,pm2.5,3,1,0,0,0,1,0,0
2023-03-22,109.0,72.0,42.0,61.0,2.0,9.0,263,pm2.5,3,2,0,0,0,1,0,0
2023-03-23,137.0,88.0,58.0,66.0,1.0,5.0,313,pm2.5,3,3,0,0,0,1,0,0
2023-03-24,161.0,71.0,43.0,51.0,3.0,17.0,332,pm2.5,3,4,0,0,0,1,0,0
2023-03-25,138.0,66.0,46.0,31.0,2.0,11.0,314,pm2.5,3,5,1,0,0,1,0,0
2023-03-26,107.0,71.0,43.0,31.0,2.0,9.0,257,pm2.5,3,6,1,0,0,1,0,0
2023-03-27,127.0,59.0,36.0,40.0,2.0,10.0,305,pm2.5,3,0,0,0,0,1,0,0
2023-03-28,118.0,75.0,34.0,24.0,1.0,5.0,293,pm2.5,3,1,0,0,0,1,0,0
2023-03-29,133.0,90.0,36.0,62.0,1.0,6.0,310,pm2.5,3,2,0,0,0,1,0,0
2023-03-30,144.0,75.0,26.0,90.0,4.0,18.0,318,pm2.5,3,3,0,0,0,1,0,0
2023-03-31,126.0,67.5,26.0,61.5,5.5,14.5,305,pm2.5,3,4,0,0,0,1,0,0
2023-04-02,106.0,83.0,31.0,50.0,1.0,8.0,253,pm2.5,4,6,1,0,0,0,1,0
2023-04-03,130.0,67.0,24.0,22.0,2.0,11.0,308,pm2.5,4,0,0,0,0,0,1,0
2023-04-04,116.0,85.0,28.0,2.0,2.0,10.0,287,pm2.5,4,1,0,0,0,0,1,0
2023-04-05,130.0,64.0,32.0,2.0,1.0,9.0,308,pm2.5,4,2,0,0,0,0,1,0
2023-04-06,117.0,61.0,31.0,2.0,3.0,12.0,290,pm2.5,4,3,0,0,0,0,1,0
2023-04-07,101.0,70.0,35.0,11.0,4.0,6.0,237,pm2.5,4,4,0,0,0,0,1,0
2023-04-08,123.0,59.0,40.0,19.0,3.0,9.0,302,pm2.5,4,5,1,0,0,0,1,0
2023-04-09,100.0,71.0,37.0,19.0,4.0,9.0,233,pm2.5,4,6,1,0,0,0,1,0
2023-04-10,122.0,112.0,39.0,18.0,5.0,10.0,302,pm2.5,4,0,0,0,0,0,1,0
2023-04-11,158.0,77.0,37.0,20.0,4.0,10.0,329,pm2.5,4,1,0,0,0,0,1,0
2023-04-12,133.0,77.0,36.0,18.0,5.0,8.0,310,pm2.5,4,2,0,0,0,0,1,0
2023-04-13,127.0,113.0,46.0,18.0,5.0,4.0,305,pm2.5,4,3,0,0,0,0,1,0
2023-04-14,186.0,109.0,35.0,18.0,4.0,4.0,351,pm2.5,4,4,0,0,0,0,1,0
2023-04-15,174.0,86.0,38.0,18.0,4.0,7.0,342,pm2.5,4,5,1,0,0,0,1,0
2023-04-16,143.0,90.0,33.0,18.0,4.0,7.0,318,pm2.5,4,6,1,0,0,0,1,0
2023-04-17,147.0,88.0,36.0,18.0,4.0,6.0,321,pm2.5,4,0,0,0,0,0,1,0
2023-04-18,144.0,94.0,31.0,18.0,3.0,10.0,318,pm2.5,4,1,0,0,0,0,1,0
2023-04-19,138.0,92.0,26.0,18.0,4.0,10.0,314,pm2.5,4,2,0,0,0,0,1,0
2023-04-20,127.0,82.0,28.0,19.0,4.0,14.0,305,pm2.5,4,3,0,0,0,0,1,0
2023-04-21,114.0,81.0,36.0,19.0,4.0,8.0,280,pm2.5,4,4,0,0,0,0,1,0
2023-04-22,133.0,70.0,34.0,19.0,4.0,15.0,310,pm2.5,4,5,1,0,0,0,1,0
2023-04-23,115.0,68.0,34.0,22.0,4.0,19.0,312,co,4,6,1,0,0,0,1,0
2023-04-24,96.0,46.0,41.0,21.0,4.0,9.0,220,pm2.5,4,0,0,0,0,0,1,0
2023-04-25,102.0,74.0,42.0,23.0,4.0,6.0,240,pm2.5,4,1,0,0,0,0,1,0
2023-04-26,145.0,57.0,37.0,24.0,5.0,8.0,319,pm2.5,4,2,0,0,0,0,1,0
2023-04-27,102.0,83.0,24.0,23.0,4.0,8.0,240,pm2.5,4,3,0,0,0,0,1,0
2023-04-28,151.0,55.0,26.0,24.0,4.0,8.0,324,pm2.5,4,4,0,0,0,0,1,0
2023-04-29,119.0,62.0,14.0,19.0,3.0,10.0,297,pm2.5,4,5,1,0,0,0,1,0
2023-04-30,134.0,42.0,25.0,19.0,4.0,13.0,311,pm2.5,4,6,1,0,0,0,1,0
2023-05-01,88.0,38.0,28.0,16.0,4.0,10.0,200,co,5,0,0,0,0,0,1,0
2023-05-02,73.0,44.0,27.0,18.0,4.0,11.0,214,co,5,1,0,0,0,0,1,0
2023-05-03,81.0,34.0,27.0,17.0,4.0,9.0,188,co,5,2,0,0,0,0,1,0
2023-05-04,71.0,56.0,29.0,15.0,5.0,10.0,200,co,5,3,0,0,0,0,1,0
2023-05-05,90.0,92.0,38.0,16.0,4.0,10.0,200,pm2.5,5,4,0,0,0,0,1,0
2023-05-06,144.0,154.0,37.0,22.0,3.0,7.0,318,pm2.5,5,5,1,0,0,0,1,0
2023-05-07,181.0,60.0,29.0,25.0,4.0,15.0,347,pm2.5,5,6,1,0,0,0,1,0
2023-05-08,93.0,68.0,34.0,30.0,4.0,12.0,229,co,5,0,0,0,0,0,1,0
2023-05-09,126.0,61.0,46.0,15.0,4.0,13.0,305,pm2.5,5,1,0,0,0,0,1,0
2023-05-10,121.0,70.0,50.0,25.0,4.0,7.0,301,pm2.5,5,2,0,0,0,0,1,0
2023-05-11,136.0,79.0,56.0,50.0,5.0,5.0,312,pm2.5,5,3,0,0,0,0,1,0
2023-05-12,156.0,85.0,56.0,71.0,5.0,6.0,328,pm2.5,5,4,0,0,0,0,1,0
2023-05-13,162.0,92.0,50.0,65.0,5.0,7.0,332,pm2.5,5,5,1,0,0,0,1,0
2023-05-14,167.0,99.0,29.0,79.0,4.0,10.0,336,pm2.5,5,6,1,0,0,0,1,0
2023-05-15,110.0,140.0,30.0,87.0,4.0,11.0,267,pm2.5,5,0,0,0,0,0,1,0
2023-05-16,158.0,108.0,31.0,15.0,3.0,12.0,329,pm2.5,5,1,0,0,0,0,1,0
2023-05-17,121.0,136.0,29.0,15.0,4.0,15.0,301,pm2.5,5,2,0,0,0,0,1,0
2023-05-18,124.0,64.0,36.0,15.0,3.0,18.0,306,co,5,3,0,0,0,0,1,0
2023-05-19,104.0,265.0,34.5,15.0,3.5,15.0,271,co,5,4,0,0,0,0,1,0
2023-05-21,114.5,466.0,33.0,15.0,4.0,12.0,451,pm10,5,6,1,0,0,0,1,0
2023-05-22,125.0,268.5,30.0,15.0,4.0,15.0,304,pm2.5,5,0,0,0,0,0,1,0
2023-05-23,117.0,71.0,38.0,15.0,4.0,16.0,290,pm2.5,5,1,0,0,0,0,1,0
2023-05-24,121.0,62.0,30.0,18.0,4.0,16.0,301,pm2.5,5,2,0,0,0,0,1,0
2023-05-25,96.0,44.0,27.0,62.0,4.0,13.0,243,co,5,3,0,0,0,0,1,0
2023-05-26,72.0,66.0,30.0,57.0,4.0,10.0,200,co,5,4,0,0,0,0,1,0
2023-05-27,108.0,72.0,37.0,38.0,4.0,10.0,260,pm2.5,5,5,1,0,0,0,1,0
2023-05-28,111.0,74.0,36.0,19.0,4.0,9.0,270,pm2.5,5,6,1,0,0,0,1,0
2023-05-29,104.0,79.0,40.0,69.0,4.0,13.0,247,pm2.5,5,0,0,0,0,0,1,0
2023-05-30,115.0,61.0,31.0,63.0,4.0,13.0,283,pm2.5,5,1,0,0,0,0,1,0
2023-05-31,82.0,61.0,29.0,58.0,4.0,17.0,300,co,5,2,0,0,0,0,1,0
2023-06-01,97.0,76.0,33.0,62.0,4.0,16.0,286,co,6,3,0,0,1,0,0,0
2023-06-02,110.0,76.0,35.0,74.0,4.0,11.0,267,pm2.5,6,4,0,0,1,0,0,0
2023-06-03,97.0,105.0,37.0,66.0,4.0,12.0,229,co,6,5,1,0,1,0,0,0
2023-06-04,116.0,72.0,36.0,120.0,4.0,12.0,287,pm2.5,6,6,1,0,1,0,0,0
2023-06-05,106.0,86.0,38.0,123.0,4.0,9.0,253,pm2.5,6,0,0,0,1,0,0,0
2023-06-06,130.0,96.0,42.0,120.0,4.0,11.0,308,pm2.5,6,1,0,0,1,0,0,0
2023-06-07,134.0,104.0,42.0,75.0,4.0,12.0,311,pm2.5,6,2,0,0,1,0,0,0
2023-06-08,125.0,103.0,36.0,86.0,4.0,13.0,304,pm2.5,6,3,0,0,1,0,0,0
2023-06-09,123.0,86.0,36.0,65.0,4.0,13.0,302,pm2.5,6,4,0,0,1,0,0,0
2023-06-10,110.0,85.0,28.0,75.0,4.0,17.0,300,co,6,5,1,0,1,0,0,0
2023-06-11,117.0,97.0,28.0,44.0,4.0,16.0,290,pm2.5,6,6,1,0,1,0,0,0
2023-06-12,128.0,97.0,27.0,65.0,4.0,16.0,306,pm2.5,6,0,0,0,1,0,0,0
2023-06-13,125.0,76.0,21.0,59.0,4.0,24.0,341,co,6,1,0,0,1,0,0,0
2023-06-14,100.0,70.0,19.0,58.0,4.0,26.0,353,co,6,2,0,0,1,0,0,0
2023-06-15,98.0,65.0,24.0,75.0,4.0,21.0,324,co,6,3,0,0,1,0,0,0
2023-06-16,105.0,66.0,21.0,25.0,4.0,12.0,250,pm2.5,6,4,0,0,1,0,0,0
2023-06-17,113.0,61.0,18.0,42.0,3.0,16.0,286,co,6,5,1,0,1,0,0,0
2023-06-18,99.0,49.0,17.0,104.0,4.0,16.0,286,co,6,6,1,0,1,0,0,0
2023-06-19,87.0,37.0,8.0,43.0,4.0,14.0,257,co,6,0,0,0,1,0,0,0
2023-06-20,82.0,24.0,5.0,86.0,4.0,21.0,324,co,6,1,0,0,1,0,0,0
2023-06-21,54.0,24.0,4.0,71.0,4.0,10.0,200,co,6,2,0,0,1,0,0,0
2023-06-22,65.0,64.0,7.0,72.0,5.0,5.0,138,co,6,3,0,0,1,0,0,0
2023-06-23,99.0,73.0,8.0,59.0,4.0,9.0,230,pm2.5,6,4,0,0,1,0,0,0
2023-06-24,119.0,56.0,12.0,58.0,4.0,13.0,297,pm2.5,6,5,1,0,1,0,0,0
2023-06-25,126.0,52.0,14.0,71.0,4.0,14.0,305,pm2.5,6,6,1,0,1,0,0,0
2023-06-26,93.0,67.0,17.0,68.0,4.0,17.0,300,co,6,0,0,0,1,0,0,0
2023-06-27,85.0,48.0,13.0,55.0,4.0,16.0,286,co,6,1,0,0,1,0,0,0
2023-06-28,74.0,39.0,11.0,73.0,4.0,11.0,214,co,6,2,0,0,1,0,0,0
2023-06-29,96.0,56.0,6.0,51.0,3.0,8.0,220,pm2.5,6,3,0,0,1,0,0,0
2023-06-30,79.0,26.0,9.0,103.0,4.0,10.0,200,co,6,4,0,0,1,0,0,0
2023-07-01,53.0,43.0,7.0,3.0,4.0,9.0,188,co,7,5,1,0,1,0,0,0
2023-07-02,60.0,45.0,7.0,95.0,4.0,9.0,188,co,7,6,1,0,1,0,0,0
2023-07-03,76.0,41.0,9.0,88.0,3.0,10.0,200,co,7,0,0,0,1,0,0,0
2023-07-04,65.0,48.0,12.0,84.0,4.0,11.0,214,co,7,1,0,0,1,0,0,0
2023-07-05,100.0,52.0,9.0,84.0,4.0,12.0,233,pm2.5,7,2,0,0,1,0,0,0
2023-07-06,107.0,48.0,8.0,88.0,4.0,13.0,257,pm2.5,7,3,0,0,1,0,0,0
2023-07-07,85.0,40.0,9.0,88.0,4.0,16.0,286,co,7,4,0,0,1,0,0,0
2023-07-08,84.0,37.0,9.0,88.0,4.0,11.0,214,co,7,5,1,0,1,0,0,0
2023-07-09,79.0,31.0,6.0,111.0,4.0,6.0,163,pm2.5,7,6,1,0,1,0,0,0
2023-07-10,64.0,35.0,8.0,40.0,4.0,11.0,214,co,7,0,0,0,1,0,0,0
2023-07-11,49.0,34.0,8.0,49.0,4.0,7.0,162,co,7,1,0,0,1,0,0,0
2023-07-12,55.0,31.0,7.0,76.0,4.0,8.0,175,co,7,2,0,0,1,0,0,0
2023-07-13,65.0,51.0,8.0,114.0,4.0,8.0,175,co,7,3,0,0,1,0,0,0
2023-07-14,119.0,35.0,10.0,86.0,4.0,6.0,297,pm2.5,7,4,0,0,1,0,0,0
2023-07-15,79.0,44.0,12.0,45.0,4.0,3.0,163,pm2.5,7,5,1,0,1,0,0,0
2023-07-16,94.0,50.0,12.0,98.0,4.0,10.0,213,pm2.5,7,6,1,0,1,0,0,0
2023-07-17,93.0,55.0,11.0,68.0,4.0,14.0,257,co,7,0,0,0,1,0,0,0
2023-07-18,93.0,54.0,14.0,71.0,5.0,13.0,243,co,7,1,0,0,1,0,0,0
2023-07-19,87.0,63.0,14.0,45.0,4.0,13.0,243,co,7,2,0,0,1,0,0,0
2023-07-20,100.0,56.0,13.0,63.0,4.0,14.0,257,co,7,3,0,0,1,0,0,0
2023-07-21,89.0,52.0,9.0,63.0,4.0,22.0,329,co,7,4,0,0,1,0,0,0
2023-07-22,73.0,33.0,10.0,89.0,4.0,24.0,341,co,7,5,1,0,1,0,0,0
2023-07-23,65.0,70.0,10.0,56.0,5.0,15.0,271,co,7,6,1,0,1,0,0,0
2023-07-24,114.0,55.0,5.0,57.0,4.0,10.0,280,pm2.5,7,0,0,0,1,0,0,0
2023-07-25,118.0,61.0,10.0,81.0,4.0,11.0,293,pm2.5,7,1,0,0,1,0,0,0
2023-07-26,96.0,62.0,9.0,76.0,4.0,9.0,220,pm2.5,7,2,0,0,1,0,0,0
2023-07-27,104.0,56.5,7.5,59.0,4.0,10.5,247,pm2.5,7,3,0,0,1,0,0,0
2023-07-31,100.5,51.0,6.0,42.0,4.0,12.0,235,pm2.5,7,0,0,0,1,0,0,0
2023-08-01,86.0,35.0,7.0,63.6,4.0,11.0,214,co,8,1,0,0,1,0,0,0
2023-08-02,64.0,49.0,7.0,62.8,4.0,15.0,271,co,8,2,0,0,1,0,0,0
2023-08-03,50.0,65.0,4.0,62.0,5.0,8.0,175,co,8,3,0,0,1,0,0,0
2023-08-04,106.0,44.0,7.0,60.0,4.0,9.0,253,pm2.5,8,4,0,0,1,0,0,0
2023-08-05,93.0,42.0,6.0,56.0,4.0,13.0,243,co,8,5,1,0,1,0,0,0
2023-08-06,70.0,68.0,6.0,62.0,4.0,17.0,300,co,8,6,1,0,1,0,0,0
2023-08-07,98.0,71.0,7.0,68.0,3.0,16.0,286,co,8,0,0,0,1,0,0,0
2023-08-08,95.0,77.0,7.0,104.0,4.0,14.0,257,co,8,1,0,0,1,0,0,0
2023-08-09,95.0,83.0,8.0,108.0,4.0,12.0,229,co,8,2,0,0,1,0,0,0
2023-08-10,101.0,92.0,9.0,85.0,4.0,14.0,257,co,8,3,0,0,1,0,0,0
2023-08-11,121.0,64.0,11.0,79.0,4.0,17.0,301,pm2.5,8,4,0,0,1,0,0,0
2023-08-12,106.0,54.0,8.0,44.0,4.0,11.0,253,pm2.5,8,5,1,0,1,0,0,0
2023-08-13,101.0,50.0,10.0,93.0,4.0,8.0,237,pm2.5,8,6,1,0,1,0,0,0
2023-08-14,96.0,53.0,9.0,71.0,4.0,8.0,220,pm2.5,8,0,0,0,1,0,0,0
2023-08-15,107.0,54.0,11.0,111.0,4.0,12.0,257,pm2.5,8,1,0,0,1,0,0,0
2023-08-16,103.0,57.0,7.0,48.0,4.0,12.0,243,pm2.5,8,2,0,0,1,0,0,0
2023-08-17,116.0,59.0,5.0,85.0,4.0,8.0,287,pm2.5,8,3,0,0,1,0,0,0
2023-08-18,109.0,47.0,4.0,120.0,4.0,11.0,263,pm2.5,8,4,0,0,1,0,0,0
2023-08-19,89.0,46.0,5.0,95.0,4.0,15.0,271,co,8,5,1,0,1,0,0,0
2023-08-20,95.0,52.0,6.0,83.0,4.0,11.0,217,pm2.5,8,6,1,0,1,0,0,0
2023-08-21,107.0,42.0,4.0,98.0,4.0,7.0,257,pm2.5,8,0,0,0,1,0,0,0
2023-08-22,104.0,20.0,3.0,96.0,4.0,6.0,247,pm2.5,8,1,0,0,1,0,0,0
2023-08-23,45.0,38.0,3.0,83.0,4.0,16.0,286,co,8,2,0,0,1,0,0,0
2023-08-24,68.0,67.0,5.0,32.0,4.0,13.0,243,co,8,3,0,0,1,0,0,0
2023-08-25,89.0,84.0,7.0,75.0,4.0,16.0,286,co,8,4,0,0,1,0,0,0
2023-08-26,108.0,101.0,9.0,105.0,4.0,18.0,306,co,8,5,1,0,1,0,0,0
2023-08-27,124.0,85.0,8.0,87.0,4.0,16.0,303,pm2.5,8,6,1,0,1,0,0,0
2023-08-28,114.0,69.0,9.0,107.0,4.0,13.0,280,pm2.5,8,0,0,0,1,0,0,0
2023-08-29,99.0,71.0,10.0,117.0,4.0,13.0,243,co,8,1,0,0,1,0,0,0
2023-08-30,105.0,70.0,11.0,93.0,4.0,11.0,250,pm2.5,8,2,0,0,1,0,0,0
2023-08-31,116.0,74.0,13.0,93.0,4.0,13.0,287,pm2.5,8,3,0,0,1,0,0,0
2023-09-01,123.0,72.0,14.0,99.0,4.0,14.0,302,pm2.5,9,4,0,0,1,0,0,0
2023-09-02,117.0,69.0,14.0,100.0,4.0,12.0,290,pm2.5,9,5,1,0,1,0,0,0
2023-09-03,114.0,71.0,17.0,122.0,4.0,9.0,280,pm2.5,9,6,1,0,1,0,0,0
2023-09-04,114.0,53.5,13.5,84.5,3.5,7.0,280,pm2.5,9,0,0,0,1,0,0,0
2023-09-06,90.5,36.0,10.0,47.0,3.0,5.0,202,pm2.5,9,2,0,0,1,0,0,0
2023-09-07,67.0,28.0,6.0,59.0,3.0,7.0,162,co,9,3,0,0,1,0,0,0
2023-09-08,59.0,31.0,5.0,82.0,3.0,9.0,188,co,9,4,0,0,1,0,0,0
2023-09-09,70.0,34.0,6.0,81.2,3.0,10.0,200,co,9,5,1,0,1,0,0,0
2023-09-10,81.0,25.0,7.0,80.4,3.0,10.0,200,co,9,6,1,0,1,0,0,0
2023-09-11,48.0,43.0,5.0,79.6,3.0,10.0,200,co,9,0,0,0,1,0,0,0
2023-09-12,88.0,60.0,5.0,78.8,3.0,9.0,193,pm2.5,9,1,0,0,1,0,0,0
2023-09-13,129.0,62.0,5.0,78.0,3.0,9.0,307,pm2.5,9,2,0,0,1,0,0,0
2023-09-14,129.0,50.0,2.0,77.2,3.0,8.0,307,pm2.5,9,3,0,0,1,0,0,0
2023-09-15,83.0,55.0,10.0,76.4,3.0,10.0,200,co,9,4,0,0,1,0,0,0
2023-09-16,96.0,39.0,13.0,75.6,4.0,10.0,220,pm2.5,9,5,1,0,1,0,0,0
2023-09-17,69.0,49.0,17.0,74.8,3.0,9.0,188,co,9,6,1,0,1,0,0,0
2023-09-18,85.0,64.0,9.0,74.0,4.0,10.0,200,co,9,0,0,0,1,0,0,0
2023-09-19,101.0,54.0,9.0,73.2,3.0,9.0,237,pm2.5,9,1,0,0,1,0,0,0
2023-09-20,96.0,61.0,14.0,72.4,3.0,9.0,220,pm2.5,9,2,0,0,1,0,0,0
2023-09-21,101.0,48.0,12.0,71.6,3.0,9.0,237,pm2.5,9,3,0,0,1,0,0,0
2023-09-22,69.0,49.0,13.0,70.8,3.0,9.0,188,co,9,4,0,0,1,0,0,0
2023-09-23,71.0,42.0,12.0,70.0,3.0,8.0,175,co,9,5,1,0,1,0,0,0
2023-09-24,59.0,61.0,16.0,69.2,3.0,8.0,175,co,9,6,1,0,1,0,0,0
2023-09-25,70.0,55.0,17.0,68.4,3.0,9.0,188,co,9,0,0,0,1,0,0,0
2023-09-26,81.0,83.0,16.0,67.6,3.0,9.0,188,co,9,1,0,0,1,0,0,0
2023-09-27,136.0,77.0,35.0,66.8,3.0,9.0,312,pm2.5,9,2,0,0,1,0,0,0
2023-09-28,145.0,65.0,38.0,66.0,3.0,9.0,319,pm2.5,9,3,0,0,1,0,0,0
2023-09-29,149.0,104.0,50.0,65.2,3.0,9.0,322,pm2.5,9,4,0,0,1,0,0,0
2023-09-30,155.0,306.0,24.0,64.4,3.0,9.0,327,pm2.5,9,5,1,0,1,0,0,0
2023-10-01,86.0,52.0,10.0,9.944444444444445,3.0,8.0,187,pm2.5,10,6,1,1,0,0,0,0
2023-10-02,119.0,66.0,36.0,9.88888888888889,3.0,9.0,297,pm2.5,10,0,0,1,0,0,0,0
2023-10-03,112.0,78.0,24.0,9.833333333333334,3.0,8.0,273,pm2.5,10,1,0,1,0,0,0,0
2023-10-04,128.0,56.0,29.0,9.77777777777778,4.0,11.0,306,pm2.5,10,2,0,1,0,0,0,0
2023-10-05,86.0,102.0,82.0,9.72222222222222,4.0,10.0,200,co,10,3,0,1,0,0,0,0
2023-10-06,168.0,87.0,52.0,9.666666666666666,4.0,12.0,337,pm2.5,10,4,0,1,0,0,0,0
2023-10-07,154.0,66.0,28.0,9.61111111111111,3.0,9.0,326,pm2.5,10,5,1,1,0,0,0,0
2023-10-08,120.0,65.0,22.0,9.555555555555555,3.0,10.0,300,pm2.5,10,6,1,1,0,0,0,0
2023-10-09,114.0,63.0,27.0,9.5,3.0,9.0,280,pm2.5,10,0,0,1,0,0,0,0
2023-10-10,124.0,71.0,37.0,9.444444444444445,3.0,8.0,303,pm2.5,10,1,0,1,0,0,0,0
2023-10-11,144.0,74.0,62.0,9.38888888888889,3.0,9.0,318,pm2.5,10,2,0,1,0,0,0,0
2023-10-12,152.0,85.0,50.0,9.333333333333334,3.0,9.0,325,pm2.5,10,3,0,1,0,0,0,0
2023-10-13,164.0,89.0,43.0,9.27777777777778,4.0,11.0,334,pm2.5,10,4,0,1,0,0,0,0
2023-10-14,159.0,95.0,38.0,9.22222222222222,3.0,8.0,330,pm2.5,10,5,1,1,0,0,0,0
2023-10-15,156.0,101.0,37.0,9.166666666666666,2.0,7.0,328,pm2.5,10,6,1,1,0,0,0,0
2023-10-16,151.0,51.0,30.0,9.11111111111111,4.0,10.0,324,pm2.5,10,0,0,1,0,0,0,0
2023-10-17,89.0,59.0,44.0,9.055555555555555,3.0,9.0,197,pm2.5,10,1,0,1,0,0,0,0
2023-10-18,107.0,73.0,48.0,9.0,2.0,7.0,257,pm2.5,10,2,0,1,0,0,0,0
2023-10-19,140.0,65.0,35.0,19.0,5.0,13.0,315,pm2.5,10,3,0,1,0,0,0,0
2023-10-20,119.0,84.0,14.0,16.0,4.0,10.0,297,pm2.5,10,4,0,1,0,0,0,0
2023-10-21,159.0,83.0,68.0,14.0,3.0,9.0,330,pm2.5,10,5,1,1,0,0,0,0
2023-10-22,151.0,93.0,70.0,15.0,3.0,10.0,324,pm2.5,10,6,1,1,0,0,0,0
2023-10-23,159.0,82.0,67.0,11.0,2.0,7.0,330,pm2.5,10,0,0,1,0,0,0,0
2023-10-24,144.0,75.0,53.0,15.0,3.0,10.0,318,pm2.5,10,1,0,1,0,0,0,0
2023-10-25,128.0,75.0,65.0,14.0,3.0,9.0,306,pm2.5,10,2,0,1,0,0,0,0
2023-10-26,140.0,91.0,64.0,15.0,3.0,10.0,315,pm2.5,10,3,0,1,0,0,0,0
2023-10-27,150.0,83.0,64.0,13.0,3.0,9.0,323,pm2.5,10,4,0,1,0,0,0,0
2023-10-28,150.0,91.0,73.0,15.0,3.0,10.0,323,pm2.5,10,5,1,1,0,0,0,0
2023-10-29,162.0,89.0,69.0,18.0,4.0,11.0,332,pm2.5,10,6,1,1,0,0,0,0
2023-10-30,149.0,79.0,46.0,11.0,2.0,7.0,322,pm2.5,10,0,0,1,0,0,0,0
2023-10-31,130.0,91.0,47.0,16.0,3.0,10.0,308,pm2.5,10,1,0,1,0,0,0,0
2023-11-01,159.0,112.0,43.0,19.0,4.0,13.0,330,pm2.5,11,2,0,1,0,0,0,0
2023-11-02,161.0,115.0,35.0,14.0,3.0,9.0,332,pm2.5,11,3,0,1,0,0,0,0
2023-11-03,165.0,110.0,35.0,17.0,4.0,11.0,335,pm2.5,11,4,0,1,0,0,0,0
2023-11-04,178.0,116.0,43.0,13.0,3.0,9.0,345,pm2.5,11,5,1,1,0,0,0,0
2023-11-05,190.0,97.0,35.0,13.0,3.0,8.0,354,pm2.5,11,6,1,1,0,0,0,0
2023-11-06,176.0,247.0,24.0,24.0,6.0,15.0,343,pm2.5,11,0,0,1,0,0,0,0
2023-11-07,179.0,97.0,43.0,17.0,4.0,11.0,345,pm2.5,11,1,0,1,0,0,0,0
2023-11-08,178.0,104.0,61.0,24.0,6.0,16.0,345,pm2.5,11,2,0,1,0,0,0,0
2023-11-09,179.0,115.0,44.0,19.0,5.0,12.0,345,pm2.5,11,3,0,1,0,0,0,0
2023-11-10,178.0,53.0,18.0,5.0,1.0,3.0,345,pm2.5,11,4,0,1,0,0,0,0
2023-11-11,129.0,71.0,28.5,9.5,2.0,6.0,307,pm2.5,11,5,1,1,0,0,0,0
2023-11-18,144.0,89.0,39.0,14.0,3.0,9.0,318,pm2.5,11,5,1,1,0,0,0,0
2023-11-19,159.0,76.0,12.0,10.0,2.0,6.0,330,pm2.5,11,6,1,1,0,0,0,0
2023-11-20,155.0,86.0,23.0,11.5,2.5,7.5,327,pm2.5,11,0,0,1,0,0,0,0
2023-11-21,160.5,96.0,34.0,13.0,3.0,9.0,331,pm2.5,11,1,0,1,0,0,0,0
2023-11-22,166.0,122.0,44.0,14.0,3.0,10.0,335,pm2.5,11,2,0,1,0,0,0,0
2023-11-23,189.0,121.0,22.5,14.0,4.0,9.0,353,pm2.5,11,3,0,1,0,0,0,0
2023-11-24,183.0,129.0,1.0,37.0,9.0,25.0,348,pm2.5,11,4,0,1,0,0,0,0
2023-11-25,180.0,118.0,29.0,13.0,3.0,9.0,346,pm2.5,11,5,1,1,0,0,0,0
2023-11-26,173.0,114.0,13.0,12.0,3.0,8.0,341,pm2.5,11,6,1,1,0,0,0,0
2023-11-27,172.0,129.5,7.0,19.0,4.5,12.0,340,pm2.5,11,0,0,1,0,0,0,0
2023-11-28,183.0,145.0,1.0,26.0,6.0,16.0,348,pm2.5,11,1,0,1,0,0,0,0
2023-11-29,194.0,66.0,14.0,13.0,3.0,8.0,357,pm2.5,11,2,0,1,0,0,0,0
2023-11-30,135.0,84.0,30.0,10.0,2.0,6.0,312,pm2.5,11,3,0,1,0,0,0,0
2023-12-01,185.0,78.0,26.0,20.0,5.0,13.0,350,pm2.5,12,4,0,0,0,0,0,1
2023-12-02,148.0,80.0,30.0,16.0,4.0,10.0,322,pm2.5,12,5,1,0,0,0,0,1
2023-12-03,129.0,155.0,17.0,10.0,2.0,7.0,307,pm2.5,12,6,1,0,0,0,0,1
2023-12-04,86.0,38.0,16.0,13.0,3.0,8.0,187,pm2.5,12,0,0,0,0,0,0,1
2023-12-05,83.0,54.5,21.0,13.0,3.0,8.5,181,co,12,1,0,0,0,0,0,1
2023-12-06,121.0,71.0,26.0,13.0,3.0,9.0,301,pm2.5,12,2,0,0,0,0,0,1
2023-12-07,159.0,80.0,35.0,16.0,4.0,10.0,330,pm2.5,12,3,0,0,0,0,0,1
2023-12-08,158.0,98.0,24.0,15.0,3.0,10.0,329,pm2.5,12,4,0,0,0,0,0,1
2023-12-09,176.0,86.0,27.0,13.0,3.0,8.0,343,pm2.5,12,5,1,0,0,0,0,1
2023-12-10,166.0,93.0,22.0,14.0,3.0,9.0,335,pm2.5,12,6,1,0,0,0,0,1
2023-12-11,172.0,98.0,32.0,11.0,2.0,7.0,340,pm2.5,12,0,0,0,0,0,0,1
2023-12-12,180.0,91.0,30.5,12.0,2.5,7.5,346,pm2.5,12,1,0,0,0,0,0,1
2023-12-13,171.5,84.0,29.0,13.0,3.0,8.0,340,pm2.5,12,2,0,0,0,0,0,1
2023-12-14,163.0,133.0,9.0,14.0,3.0,9.0,333,pm2.5,12,3,0,0,0,0,0,1
2023-12-15,207.0,97.0,40.0,17.0,4.0,11.0,367,pm2.5,12,4,0,0,0,0,0,1
2023-12-16,170.0,82.0,38.0,16.0,4.0,10.0,338,pm2.5,12,5,1,0,0,0,0,1
2023-12-17,145.0,75.0,36.0,11.0,2.0,7.0,319,pm2.5,12,6,1,0,0,0,0,1
2023-12-18,150.0,67.0,21.0,14.0,3.0,9.0,323,pm2.5,12,0,0,0,0,0,0,1
2023-12-19,135.0,66.0,29.0,11.0,2.0,8.0,312,pm2.5,12,1,0,0,0,0,0,1
2023-12-20,142.0,111.0,21.0,26.0,6.0,17.0,317,pm2.5,12,2,0,0,0,0,0,1
2023-12-21,189.0,123.0,26.0,17.0,4.0,11.0,353,pm2.5,12,3,0,0,0,0,0,1
2023-12-22,192.0,104.0,15.0,4.0,3.5,2.0,355,pm2.5,12,4,0,0,0,0,0,1
2023-12-23,171.0,71.0,22.0,12.0,3.0,8.0,339,pm2.5,12,5,1,0,0,0,0,1
2023-12-24,148.0,75.0,25.0,10.0,2.0,6.0,322,pm2.5,12,6,1,0,0,0,0,1
2023-12-25,163.0,166.0,16.0,21.0,5.0,14.0,333,pm2.5,12,0,0,0,0,0,0,1
2023-12-26,217.0,183.0,12.0,13.0,3.0,8.0,375,pm2.5,12,1,0,0,0,0,0,1
2023-12-27,208.0,219.0,8.0,13.0,3.0,8.0,368,pm2.5,12,2,0,0,0,0,0,1
2023-12-28,155.0,173.0,14.0,10.0,2.0,6.0,327,pm2.5,12,3,0,0,0,0,0,1
2023-12-29,173.0,108.0,5.0,13.0,3.0,9.0,341,pm2.5,12,4,0,0,0,0,0,1
2023-12-30,162.0,58.0,12.0,22.0,5.0,14.0,332,pm2.5,12,5,1,0,0,0,0,1
2023-12-31,129.0,74.0,7.0,14.0,3.0,9.0,307,pm2.5,12,6,1,0,0,0,0,1
2024-01-01,152.0,83.0,15.0,12.0,3.0,8.0,325,pm2.5,1,0,0,0,0,0,0,1
2024-01-02,178.0,67.0,13.0,18.0,4.0,11.0,345,pm2.5,1,1,0,0,0,0,0,1
2024-01-03,139.0,80.0,10.0,15.0,3.0,10.0,315,pm2.5,1,2,0,0,0,0,0,1
2024-01-04,161.0,74.0,15.0,18.0,4.0,12.0,332,pm2.5,1,3,0,0,0,0,0,1
2024-01-05,151.0,77.0,11.0,18.0,4.0,11.0,324,pm2.5,1,4,0,0,0,0,0,1
2024-01-06,157.0,69.0,35.0,12.0,3.0,8.0,328,pm2.5,1,5,1,0,0,0,0,1
2024-01-07,148.0,75.0,31.0,16.0,4.0,10.0,322,pm2.5,1,6,1,0,0,0,0,1
2024-01-08,157.0,55.0,13.0,15.0,3.0,9.0,328,pm2.5,1,0,0,0,0,0,0,1
2024-01-09,118.0,53.0,30.0,19.0,4.0,12.0,293,pm2.5,1,1,0,0,0,0,0,1
2024-01-10,124.0,86.0,16.0,12.0,3.0,8.0,303,pm2.5,1,2,0,0,0,0,0,1
2024-01-11,166.0,127.0,18.0,21.0,5.0,14.0,335,pm2.5,1,3,0,0,0,0,0,1
2024-01-12,199.0,117.0,27.0,12.0,2.0,8.0,361,pm2.5,1,4,0,0,0,0,0,1
2024-01-13,191.0,126.0,2.0,12.0,2.0,7.0,355,pm2.5,1,5,1,0,0,0,0,1
2024-01-14,196.0,67.0,9.0,13.0,3.0,8.0,358,pm2.5,1,6,1,0,0,0,0,1
2024-01-15,150.0,80.0,26.0,16.0,4.0,10.0,323,pm2.5,1,0,0,0,0,0,0,1
2024-01-16,154.0,82.0,20.0,15.0,3.0,10.0,326,pm2.5,1,1,0,0,0,0,0,1
2024-01-17,162.0,83.0,35.0,12.0,3.0,8.0,332,pm2.5,1,2,0,0,0,0,0,1
2024-01-18,164.0,71.0,6.0,12.0,3.0,8.0,334,pm2.5,1,3,0,0,0,0,0,1
2024-01-19,146.0,74.0,13.0,14.0,3.0,9.0,320,pm2.5,1,4,0,0,0,0,0,1
2024-01-20,155.0,84.0,18.0,15.0,3.0,10.0,327,pm2.5,1,5,1,0,0,0,0,1
2024-01-21,164.0,182.0,26.0,21.0,5.0,14.0,334,pm2.5,1,6,1,0,0,0,0,1
2024-01-22,234.0,99.0,8.0,8.0,2.0,5.0,388,pm2.5,1,0,0,0,0,0,0,1
2024-01-23,175.0,61.0,7.0,12.0,2.0,7.0,342,pm2.5,1,1,0,0,0,0,0,1
2024-01-24,135.0,104.0,7.0,13.0,3.0,8.0,312,pm2.5,1,2,0,0,0,0,0,1
2024-01-25,179.0,120.0,9.0,21.0,5.0,14.0,345,pm2.5,1,3,0,0,0,0,0,1
2024-01-26,193.0,151.0,9.0,20.0,4.0,12.0,356,pm2.5,1,4,0,0,0,0,0,1
2024-01-27,210.0,113.0,8.0,14.0,3.0,9.0,369,pm2.5,1,5,1,0,0,0,0,1
2024-01-28,187.0,93.0,10.0,14.0,3.0,9.0,352,pm2.5,1,6,1,0,0,0,0,1
2024-01-29,170.0,107.0,8.0,13.0,3.0,8.0,338,pm2.5,1,0,0,0,0,0,0,1
2024-01-30,182.0,90.0,9.0,22.0,5.0,14.0,348,pm2.5,1,1,0,0,0,0,0,1
2024-01-31,155.0,73.0,9.0,8.0,2.0,5.0,327,pm2.5,1,2,0,0,0,0,0,1
2024-02-01,155.0,43.0,8.0,9.0,2.0,6.0,327,pm2.5,2,3,0,0,0,1,0,0
2024-02-02,98.0,49.0,7.0,17.0,4.0,11.0,227,pm2.5,2,4,0,0,0,1,0,0
2024-02-03,115.0,55.0,11.0,13.0,3.0,8.0,283,pm2.5,2,5,1,0,0,1,0,0
2024-02-04,121.0,49.0,16.0,15.0,3.0,10.0,301,pm2.5,2,6,1,0,0,1,0,0
2024-02-05,106.0,50.0,19.0,14.0,3.0,9.0,253,pm2.5,2,0,0,0,0,1,0,0
2024-02-06,107.0,42.0,36.0,17.0,4.0,11.0,257,pm2.5,2,1,0,0,0,1,0,0
2024-02-07,95.0,63.0,43.0,15.0,3.0,9.0,217,pm2.5,2,2,0,0,0,1,0,0
2024-02-08,135.0,79.0,58.0,16.0,4.0,10.0,312,pm2.5,2,3,0,0,0,1,0,0
2024-02-09,145.0,108.0,42.0,15.0,3.0,10.0,319,pm2.5,2,4,0,0,0,1,0,0
2024-02-10,180.0,91.0,30.0,16.0,3.0,10.0,346,pm2.5,2,5,1,0,0,1,0,0
2024-02-11,166.0,91.0,31.0,11.0,2.0,7.0,335,pm2.5,2,6,1,0,0,1,0,0
2024-02-12,169.0,68.0,48.0,12.0,3.0,8.0,338,pm2.5,2,0,0,0,0,1,0,0
2024-02-13,144.0,103.0,38.0,21.0,5.0,14.0,318,pm2.5,2,1,0,0,0,1,0,0
2024-02-14,178.0,109.0,62.0,19.0,4.0,12.0,345,pm2.5,2,2,0,0,0,1,0,0
2024-02-15,180.0,79.0,47.0,23.0,5.0,15.0,346,pm2.5,2,3,0,0,0,1,0,0
2024-02-16,156.0,69.0,62.0,18.0,4.0,12.0,328,pm2.5,2,4,0,0,0,1,0,0
2024-02-17,143.0,51.0,22.0,17.0,4.0,11.0,318,pm2.5,2,5,1,0,0,1,0,0
2024-02-18,114.0,44.0,38.0,13.0,3.0,9.0,280,pm2.5,2,6,1,0,0,1,0,0
2024-02-19,94.0,31.0,25.0,15.0,3.0,10.0,213,pm2.5,2,0,0,0,0,1,0,0
2024-02-20,75.0,39.0,20.0,17.0,4.0,11.0,214,co,2,1,0,0,0,1,0,0
2024-02-21,90.0,60.0,47.0,13.0,3.0,8.0,200,pm2.5,2,2,0,0,0,1,0,0
2024-02-22,128.0,44.0,83.0,10.0,2.0,6.0,306,pm2.5,2,3,0,0,0,1,0,0
2024-02-23,102.0,61.0,36.0,12.0,3.0,8.0,240,pm2.5,2,4,0,0,0,1,0,0
2024-02-24,128.0,47.0,26.0,11.0,2.0,7.0,306,pm2.5,2,5,1,0,0,1,0,0
2024-02-25,105.0,52.0,24.0,15.0,3.0,9.0,250,pm2.5,2,6,1,0,0,1,0,0
2024-02-26,113.0,80.0,20.0,11.0,2.0,7.0,277,pm2.5,2,0,0,0,0,1,0,0
2024-02-27,150.0,20.0,40.0,9.0,2.0,6.0,323,pm2.5,2,1,0,0,0,1,0,0
2024-02-28,54.0,38.0,29.0,16.0,4.0,10.0,200,co,2,2,0,0,0,1,0,0
2024-02-29,84.0,86.0,24.0,8.0,2.0,5.0,180,pm2.5,2,3,0,0,0,1,0,0
2024-03-01,165.0,39.0,20.0,12.0,3.0,8.0,335,pm2.5,3,4,0,0,0,1,0,0
2024-03-02,89.0,52.0,24.0,13.0,3.0,8.0,197,pm2.5,3,5,1,0,0,1,0,0
2024-03-03,110.0,48.0,28.0,16.0,3.0,10.0,267,pm2.5,3,6,1,0,0,1,0,0
2024-03-04,107.0,47.0,45.0,14.0,3.0,9.0,257,pm2.5,3,0,0,0,0,1,0,0
2024-03-05,101.0,55.0,29.0,23.0,7.0,7.0,237,pm2.5,3,1,0,0,0,1,0,0
2024-03-06,120.0,59.0,64.0,34.0,13.0,6.0,300,pm2.5,3,2,0,0,0,1,0,0
2024-03-07,124.0,40.0,37.0,4.0,7.0,2.0,303,pm2.5,3,3,0,0,0,1,0,0
2024-03-08,90.0,48.0,40.0,4.0,1.0,2.0,200,pm2.5,3,4,0,0,0,1,0,0
2024-03-09,102.0,59.0,17.0,3.0,1.3333333333333333,2.0,240,pm2.5,3,5,1,0,0,1,0,0
2024-03-10,122.0,69.0,18.0,4.0,1.6666666666666663,2.0,302,pm2.5,3,6,1,0,0,1,0,0
2024-03-11,146.0,57.0,27.0,8.0,2.0,5.0,320,pm2.5,3,0,0,0,0,1,0,0
2024-03-12,129.0,46.0,42.0,14.0,3.0,9.0,307,pm2.5,3,1,0,0,0,1,0,0
2024-03-13,105.0,75.0,44.0,14.0,3.0,9.0,250,pm2.5,3,2,0,0,0,1,0,0
2024-03-14,159.0,63.0,51.0,15.0,3.0,9.5,330,pm2.5,3,3,0,0,0,1,0,0
2024-03-15,137.0,51.0,58.0,16.0,3.0,10.0,313,pm2.5,3,4,0,0,0,1,0,0
2024-03-16,115.0,55.0,107.0,13.0,3.0,8.0,283,pm2.5,3,5,1,0,0,1,0,0
2024-03-17,124.0,62.0,65.0,14.0,3.0,9.0,303,pm2.5,3,6,1,0,0,1,0,0
2024-03-18,138.0,61.0,31.0,11.0,2.0,7.0,314,pm2.5,3,0,0,0,0,1,0,0
2024-03-19,129.0,66.0,25.0,13.0,3.0,8.0,307,pm2.5,3,1,0,0,0,1,0,0
2024-03-20,142.0,43.0,37.0,16.0,4.0,10.0,317,pm2.5,3,2,0,0,0,1,0,0
2024-03-21,99.0,52.0,17.0,15.0,3.0,10.0,230,pm2.5,3,3,0,0,0,1,0,0
2024-03-22,112.0,67.0,10.0,9.0,2.0,6.0,273,pm2.5,3,4,0,0,0,1,0,0
2024-03-23,140.0,63.0,48.0,10.0,2.0,6.0,315,pm2.5,3,5,1,0,0,1,0,0
2024-03-24,128.0,100.0,22.0,13.0,3.0,8.0,306,pm2.5,3,6,1,0,0,1,0,0
2024-03-25,172.0,39.0,16.666666666666668,14.0,3.0,9.0,340,pm2.5,3,0,0,0,0,1,0,0
2024-03-26,92.0,49.0,11.333333333333334,12.0,3.0,8.0,207,pm2.5,3,1,0,0,0,1,0,0
2024-03-27,112.0,62.0,6.0,10.0,2.0,6.0,273,pm2.5,3,2,0,0,0,1,0,0
2024-03-28,130.0,75.0,22.0,8.0,1.0,6.0,308,pm2.5,3,3,0,0,0,1,0,0
2024-03-29,158.0,80.0,9.0,12.0,2.0,9.0,329,pm2.5,3,4,0,0,0,1,0,0
2024-03-30,149.0,60.0,40.0,8.0,1.0,6.0,322,pm2.5,3,5,1,0,0,1,0,0
2024-03-31,119.0,35.0,61.0,13.0,3.0,11.0,297,pm2.5,3,6,1,0,0,1,0,0
2024-04-01,79.0,50.5,48.0,11.0,2.5,8.5,181,co,4,0,0,0,0,0,1,0
2024-04-02,105.5,47.0,25.0,10.0,2.0,8.0,252,pm2.5,4,1,0,0,0,0,1,0
2024-04-03,103.0,50.0,14.0,6.0,1.0,4.0,243,pm2.5,4,2,0,0,0,0,1,0
2024-04-04,108.0,31.0,65.0,10.0,2.0,8.0,260,pm2.5,4,3,0,0,0,0,1,0
2024-04-05,72.0,46.5,42.0,11.5,2.5,9.5,194,co,4,4,0,0,0,0,1,0
2024-04-06,100.0,62.0,19.0,13.0,3.0,11.0,233,pm2.5,4,5,1,0,0,0,1,0
2024-04-07,128.0,66.0,80.0,16.0,4.0,13.0,306,pm2.5,4,6,1,0,0,0,1,0
2024-04-08,152.0,56.0,110.0,9.0,2.0,8.0,325,pm2.5,4,0,0,0,0,0,1,0
2024-04-09,120.0,45.0,37.0,9.0,1.0,7.0,300,pm2.5,4,1,0,0,0,0,1,0
2024-04-10,96.0,48.0,44.0,10.0,2.0,8.0,220,pm2.5,4,2,0,0,0,0,1,0
2024-04-11,105.0,52.5,42.5,10.5,2.0,8.5,250,pm2.5,4,3,0,0,0,0,1,0
2024-04-12,112.0,57.0,41.0,11.0,2.0,9.0,273,pm2.5,4,4,0,0,0,0,1,0
2024-04-13,119.0,48.0,36.0,10.0,2.0,8.0,297,pm2.5,4,5,1,0,0,0,1,0
2024-04-14,104.0,64.0,48.0,7.0,1.0,6.0,247,pm2.5,4,6,1,0,0,0,1,0
2024-04-15,132.0,52.0,47.0,9.0,2.0,7.0,309,pm2.5,4,0,0,0,0,0,1,0
2024-04-16,116.0,29.0,59.0,11.0,2.0,9.0,287,pm2.5,4,1,0,0,0,0,1,0
2024-04-17,74.0,29.0,44.0,13.0,3.0,10.0,200,co,4,2,0,0,0,0,1,0
2024-04-18,83.0,47.0,38.0,11.0,2.0,9.0,188,co,4,3,0,0,0,0,1,0
2024-04-19,108.0,90.0,12.0,6.0,1.0,5.0,260,pm2.5,4,4,0,0,0,0,1,0
2024-04-20,165.0,37.0,137.0,13.0,3.0,10.0,335,pm2.5,4,5,1,0,0,0,1,0
2024-04-21,84.0,51.0,115.0,9.0,2.0,8.0,180,pm2.5,4,6,1,0,0,0,1,0
2024-04-22,108.0,60.0,44.0,10.0,2.0,8.0,260,pm2.5,4,0,0,0,0,0,1,0
2024-04-23,122.0,51.0,51.0,14.0,3.0,11.0,302,pm2.5,4,1,0,0,0,0,1,0
2024-04-24,109.0,42.0,61.0,13.0,3.0,10.0,263,pm2.5,4,2,0,0,0,0,1,0
2024-04-25,93.0,46.5,46.5,13.0,3.0,10.5,210,pm2.5,4,3,0,0,0,0,1,0
2024-04-26,100.0,51.0,32.0,13.0,3.0,11.0,233,pm2.5,4,4,0,0,0,0,1,0
2024-04-27,107.0,51.0,55.0,13.0,3.0,11.0,257,pm2.5,4,5,1,0,0,0,1,0
2024-04-28,112.0,75.0,64.0,14.0,3.0,11.0,273,pm2.5,4,6,1,0,0,0,1,0
2024-04-29,153.0,46.0,110.0,9.0,2.0,7.0,325,pm2.5,4,0,0,0,0,0,1,0
2024-04-30,105.0,52.0,61.0,12.0,3.0,10.0,250,pm2.5,4,1,0,0,0,0,1,0
2024-05-01,112.0,52.0,93.0,14.0,3.0,12.0,273,pm2.5,5,2,0,0,0,0,1,0
2024-05-02,114.0,60.0,75.0,14.0,3.0,11.0,280,pm2.5,5,3,0,0,0,0,1,0
2024-05-03,124.0,77.0,67.0,9.0,2.0,8.0,303,pm2.5,5,4,0,0,0,0,1,0
2024-05-04,150.0,63.0,37.0,9.0,2.0,8.0,323,pm2.5,5,5,1,0,0,0,1,0
2024-05-05,130.0,73.0,53.0,6.0,1.0,5.0,308,pm2.5,5,6,1,0,0,0,1,0
2024-05-06,146.0,64.0,35.0,14.0,3.0,11.0,320,pm2.5,5,0,0,0,0,0,1,0
2024-05-07,146.0,51.0,37.0,15.0,3.0,12.0,320,pm2.5,5,1,0,0,0,0,1,0
2024-05-08,110.0,53.0,44.0,16.0,4.0,13.0,267,pm2.5,5,2,0,0,0,0,1,0
2024-05-09,109.0,55.0,44.0,16.0,4.0,13.0,263,pm2.5,5,3,0,0,0,0,1,0
2024-05-10,118.0,63.0,49.0,17.0,4.0,14.0,293,pm2.5,5,4,0,0,0,0,1,0
2024-05-11,143.0,64.5,28.0,16.5,4.0,13.5,318,pm2.5,5,5,1,0,0,0,1,0
2024-05-12,143.0,66.0,7.0,16.0,4.0,13.0,318,pm2.5,5,6,1,0,0,0,1,0
2024-05-13,143.0,66.0,65.0,16.0,4.0,13.0,318,pm2.5,5,0,0,0,0,0,1,0
2024-05-14,133.0,76.0,5.0,14.0,3.0,12.0,310,pm2.5,5,1,0,0,0,0,1,0
2024-05-15,158.0,35.0,60.0,14.0,4.0,12.0,329,pm2.5,5,2,0,0,0,0,1,0
2024-05-16,79.0,90.0,69.0,7.0,1.0,6.0,163,pm2.5,5,3,0,0,0,0,1,0
2024-05-17,168.0,73.0,35.0,9.0,2.0,8.0,337,pm2.5,5,4,0,0,0,0,1,0
2024-05-18,142.0,63.0,23.0,4.0,1.5,3.0,317,pm2.5,5,5,1,0,0,0,1,0
2024-05-19,129.0,39.0,52.0,6.0,1.0,5.0,307,pm2.5,5,6,1,0,0,0,1,0
2024-05-20,91.0,46.0,63.0,23.0,6.0,19.0,312,co,5,0,0,0,0,0,1,0
2024-05-21,103.0,56.0,21.0,18.0,4.0,15.0,271,co,5,1,0,0,0,0,1,0
2024-05-22,125.0,39.0,55.0,13.0,3.0,11.0,304,pm2.5,5,2,0,0,0,0,1,0
2024-05-23,88.0,52.0,38.0,10.0,2.0,8.0,193,pm2.5,5,3,0,0,0,0,1,0
2024-05-24,112.0,60.0,39.0,8.0,2.0,7.0,273,pm2.5,5,4,0,0,0,0,1,0
2024-05-25,131.0,66.0,8.0,7.0,1.0,5.0,308,pm2.5,5,5,1,0,0,0,1,0
2024-05-26,144.0,61.0,22.0,9.0,2.0,7.0,318,pm2.5,5,6,1,0,0,0,1,0
2024-05-27,137.0,53.0,12.0,8.0,2.0,7.0,313,pm2.5,5,0,0,0,0,0,1,0
2024-05-28,114.0,52.0,48.0,12.0,3.0,10.0,280,pm2.5,5,1,0,0,0,0,1,0
2024-05-29,111.0,50.0,66.0,9.0,2.0,8.0,270,pm2.5,5,2,0,0,0,0,1,0
2024-05-30,109.0,40.0,42.0,16.0,3.0,13.0,263,pm2.5,5,3,0,0,0,0,1,0
2024-05-31,88.0,51.0,82.0,16.0,4.0,13.0,243,co,5,4,0,0,0,0,1,0
2024-06-01,108.0,50.0,74.0,15.0,4.0,12.0,260,pm2.5,6,5,1,0,1,0,0,0
2024-06-02,104.0,49.0,94.0,14.0,3.0,12.0,247,pm2.5,6,6,1,0,1,0,0,0
2024-06-03,108.0,52.0,86.0,16.0,4.0,13.0,260,pm2.5,6,0,0,0,1,0,0,0
2024-06-04,116.0,59.0,51.0,14.0,3.0,11.0,287,pm2.5,6,1,0,0,1,0,0,0
2024-06-05,133.0,48.0,11.0,11.0,2.0,9.0,310,pm2.5,6,2,0,0,1,0,0,0
2024-06-06,105.0,55.0,73.0,14.0,3.0,12.0,250,pm2.5,6,3,0,0,1,0,0,0
2024-06-07,116.0,57.0,65.0,15.0,3.0,12.0,287,pm2.5,6,4,0,0,1,0,0,0
2024-06-08,124.0,57.0,10.0,11.0,2.0,9.0,303,pm2.5,6,5,1,0,1,0,0,0
2024-06-09,126.0,45.0,83.0,20.0,5.0,12.0,305,pm2.5,6,6,1,0,1,0,0,0
2024-06-10,95.0,52.0,74.0,15.0,3.0,12.0,229,co,6,0,0,0,1,0,0,0
2024-06-11,108.0,49.0,62.0,17.0,4.0,13.0,260,pm2.5,6,1,0,0,1,0,0,0
2024-06-12,109.0,48.0,66.0,9.0,2.0,7.0,263,pm2.5,6,2,0,0,1,0,0,0
2024-06-13,107.0,42.0,68.0,14.0,3.0,12.0,257,pm2.5,6,3,0,0,1,0,0,0
2024-06-14,93.0,35.0,62.0,13.0,3.0,10.0,210,pm2.5,6,4,0,0,1,0,0,0
2024-06-15,79.0,52.0,80.0,12.0,2.0,9.0,188,co,6,5,1,0,1,0,0,0
2024-06-16,113.0,32.0,24.0,7.0,1.0,6.0,277,pm2.5,6,6,1,0,1,0,0,0
2024-06-17,74.0,37.0,17.0,15.0,3.0,12.0,229,co,6,0,0,0,1,0,0,0
2024-06-18,82.0,32.0,40.0,18.0,4.0,14.0,257,co,6,1,0,0,1,0,0,0
2024-06-19,75.0,44.0,32.0,16.0,4.0,13.0,243,co,6,2,0,0,1,0,0,0
2024-06-20,96.0,32.0,23.0,16.0,4.0,13.0,243,co,6,3,0,0,1,0,0,0
2024-06-21,75.0,42.0,12.0,16.0,4.0,13.0,243,co,6,4,0,0,1,0,0,0
2024-06-22,90.0,64.0,1.0,16.0,4.0,14.0,257,co,6,5,1,0,1,0,0,0
2024-06-23,134.0,68.0,1.0,13.0,3.0,10.0,311,pm2.5,6,6,1,0,1,0,0,0
2024-06-24,139.0,58.0,1.0,16.0,4.0,13.0,315,pm2.5,6,0,0,0,1,0,0,0
2024-06-25,130.0,51.0,3.0,8.0,2.0,7.0,308,pm2.5,6,1,0,0,1,0,0,0
2024-06-26,117.0,48.0,1.0,10.0,2.0,8.0,290,pm2.5,6,2,0,0,1,0,0,0
2024-06-27,104.0,45.0,4.0,13.0,3.0,11.0,247,pm2.5,6,3,0,0,1,0,0,0
2024-06-28,99.0,25.0,3.0,13.0,3.0,11.0,230,pm2.5,6,4,0,0,1,0,0,0
2024-06-29,63.0,21.0,3.0,15.0,4.0,12.0,229,co,6,5,1,0,1,0,0,0
2024-06-30,56.0,19.0,15.0,13.0,3.0,11.0,214,co,6,6,1,0,1,0,0,0
2024-07-01,51.0,28.0,3.0,12.0,3.0,10.0,200,co,7,0,0,0,1,0,0,0
2024-07-02,66.0,22.0,3.0,12.0,3.0,10.0,200,co,7,1,0,0,1,0,0,0
2024-07-03,54.0,26.0,6.0,13.0,3.0,10.0,200,co,7,2,0,0,1,0,0,0
2024-07-04,61.0,20.0,9.0,10.0,2.0,8.0,175,co,7,3,0,0,1,0,0,0
2024-07-05,52.0,13.0,13.0,13.0,3.0,10.0,200,co,7,4,0,0,1,0,0,0
2024-07-06,36.0,22.0,14.0,14.0,3.0,11.0,214,co,7,5,1,0,1,0,0,0
2024-07-07,56.0,48.0,9.0,13.0,3.0,10.0,200,co,7,6,1,0,1,0,0,0
2024-07-08,110.0,74.0,9.0,12.0,3.0,10.0,267,pm2.5,7,0,0,0,1,0,0,0
2024-07-09,157.0,53.0,6.0,10.0,2.5,8.5,328,pm2.5,7,1,0,0,1,0,0,0
2024-07-10,115.0,32.0,3.0,8.0,2.0,7.0,283,pm2.5,7,2,0,0,1,0,0,0
2024-07-11,73.0,37.0,6.0,8.0,2.0,7.0,162,co,7,3,0,0,1,0,0,0
2024-07-12,82.0,47.0,7.0,9.0,2.0,7.0,173,pm2.5,7,4,0,0,1,0,0,0
2024-07-13,102.0,48.0,7.0,10.0,2.0,8.0,240,pm2.5,7,5,1,0,1,0,0,0
2024-07-14,105.0,62.0,6.0,11.0,3.0,9.0,250,pm2.5,7,6,1,0,1,0,0,0
2024-07-15,135.0,37.0,5.0,10.0,2.0,8.0,312,pm2.5,7,0,0,0,1,0,0,0
2024-07-16,82.0,44.0,4.0,16.0,4.0,13.0,243,co,7,1,0,0,1,0,0,0
2024-07-17,97.0,52.0,5.0,16.0,4.0,13.0,243,co,7,2,0,0,1,0,0,0
2024-07-18,110.0,39.0,4.0,16.0,4.0,13.0,267,pm2.5,7,3,0,0,1,0,0,0
2024-07-19,85.0,32.0,5.0,14.0,3.0,12.0,229,co,7,4,0,0,1,0,0,0
2024-07-20,74.0,39.0,5.0,15.0,4.0,13.0,243,co,7,5,1,0,1,0,0,0
2024-07-21,86.0,35.0,5.0,15.0,4.0,13.0,243,co,7,6,1,0,1,0,0,0
2024-07-22,79.0,47.0,6.0,15.0,4.0,13.0,243,co,7,0,0,0,1,0,0,0
2024-07-23,97.0,36.0,12.0,13.0,3.0,10.0,223,pm2.5,7,1,0,0,1,0,0,0
2024-07-24,80.0,23.0,10.0,12.0,3.0,9.0,188,co,7,2,0,0,1,0,0,0
2024-07-25,59.0,38.0,11.0,12.0,3.0,10.0,200,co,7,3,0,0,1,0,0,0
2024-07-26,85.0,36.0,9.0,11.0,2.0,9.0,188,co,7,4,0,0,1,0,0,0
2024-07-27,82.0,41.0,8.0,13.0,3.0,10.0,200,co,7,5,1,0,1,0,0,0
2024-07-28,90.0,44.0,14.0,14.0,3.0,12.0,229,co,7,6,1,0,1,0,0,0
2024-07-29,95.0,53.0,23.0,13.0,3.0,11.0,217,pm2.5,7,0,0,0,1,0,0,0
2024-07-30,116.0,38.0,21.0,12.0,3.0,10.0,287,pm2.5,7,1,0,0,1,0,0,0
2024-07-31,82.0,37.0,12.0,11.0,2.0,9.0,188,co,7,2,0,0,1,0,0,0
2024-08-01,85.0,31.0,20.0,11.0,2.0,9.0,188,co,8,3,0,0,1,0,0,0
2024-08-02,74.0,22.0,14.0,13.0,3.0,10.0,200,co,8,4,0,0,1,0,0,0
2024-08-03,57.0,24.0,7.0,15.0,3.0,13.0,243,co,8,5,1,0,1,0,0,0
2024-08-04,59.0,25.0,12.0,16.0,4.0,13.0,243,co,8,6,1,0,1,0,0,0
2024-08-05,64.0,29.0,14.0,14.0,3.0,12.0,229,co,8,0,0,0,1,0,0,0
2024-08-06,68.0,25.0,14.0,13.0,3.0,10.0,200,co,8,1,0,0,1,0,0,0
2024-08-07,62.0,32.0,12.0,12.0,2.0,10.0,200,co,8,2,0,0,1,0,0,0
2024-08-08,75.0,33.0,13.0,11.0,2.0,9.0,188,co,8,3,0,0,1,0,0,0
2024-08-09,77.0,41.0,16.0,9.0,2.0,8.0,175,co,8,4,0,0,1,0,0,0
2024-08-10,92.0,21.0,15.0,12.0,2.0,10.0,207,pm2.5,8,5,1,0,1,0,0,0
2024-08-11,55.0,26.0,12.0,11.0,2.0,9.0,188,co,8,6,1,0,1,0,0,0
2024-08-12,63.0,27.0,13.0,13.0,3.0,11.0,214,co,8,0,0,0,1,0,0,0
2024-08-13,65.0,35.0,14.0,11.0,2.0,9.0,188,co,8,1,0,0,1,0,0,0
2024-08-14,80.0,18.0,13.0,13.0,3.0,11.0,214,co,8,2,0,0,1,0,0,0
2024-08-15,50.0,25.0,13.0,15.0,3.0,12.0,229,co,8,3,0,0,1,0,0,0
2024-08-16,60.0,31.0,15.0,12.0,2.0,9.0,188,co,8,4,0,0,1,0,0,0
2024-08-17,74.0,37.0,16.0,10.0,2.0,8.0,175,co,8,5,1,0,1,0,0,0
2024-08-18,83.0,33.0,11.0,9.0,2.0,8.0,177,pm2.5,8,6,1,0,1,0,0,0
2024-08-19,75.0,36.0,11.0,11.0,2.0,9.0,188,co,8,0,0,0,1,0,0,0
2024-08-20,81.0,36.0,13.0,12.0,2.0,10.0,200,co,8,1,0,0,1,0,0,0
2024-08-21,84.0,24.0,11.0,9.0,2.0,7.0,180,pm2.5,8,2,0,0,1,0,0,0
2024-08-22,59.0,36.0,14.0,13.0,3.0,10.0,200,co,8,3,0,0,1,0,0,0
2024-08-23,83.0,34.0,11.0,12.0,2.0,10.0,200,co,8,4,0,0,1,0,0,0
2024-08-24,78.0,47.0,7.0,14.0,3.0,12.0,229,co,8,5,1,0,1,0,0,0
2024-08-25,104.0,46.0,9.0,15.0,3.0,12.0,247,pm2.5,8,6,1,0,1,0,0,0
2024-08-26,95.0,27.0,8.0,16.0,4.0,14.0,257,co,8,0,0,0,1,0,0,0
2024-08-27,66.0,25.0,8.0,18.0,4.0,15.0,271,co,8,1,0,0,1,0,0,0
2024-08-28,62.0,37.0,9.0,24.0,6.0,20.0,318,co,8,2,0,0,1,0,0,0
2024-08-29,85.0,43.0,9.0,24.0,6.0,14.0,257,co,8,3,0,0,1,0,0,0
2024-08-30,91.0,31.0,10.0,23.0,5.0,9.0,203,pm2.5,8,4,0,0,1,0,0,0
2024-08-31,73.0,38.0,10.0,22.0,5.0,9.0,188,co,8,5,1,0,1,0,0,0
2024-09-01,85.0,31.0,7.0,24.0,6.0,9.0,188,co,9,6,1,0,1,0,0,0
2024-09-02,73.0,38.0,9.0,23.0,5.0,9.0,188,co,9,0,0,0,1,0,0,0
2024-09-03,84.0,34.0,10.0,14.0,3.0,5.0,180,pm2.5,9,1,0,0,1,0,0,0
2024-09-04,77.0,36.0,9.0,22.0,5.0,9.0,188,co,9,2,0,0,1,0,0,0
2024-09-05,81.0,49.0,8.0,21.0,5.0,8.0,175,co,9,3,0,0,1,0,0,0
2024-09-06,106.0,50.0,8.0,25.0,6.0,10.0,253,pm2.5,9,4,0,0,1,0,0,0
2024-09-07,108.0,55.0,11.0,24.0,6.0,10.0,260,pm2.5,9,5,1,0,1,0,0,0
2024-09-08,118.0,43.0,8.0,24.0,6.0,10.0,293,pm2.5,9,6,1,0,1,0,0,0
2024-09-09,93.0,40.0,7.0,20.0,5.0,8.0,210,pm2.5,9,0,0,0,1,0,0,0
2024-09-10,86.0,31.0,6.0,15.0,3.0,6.0,187,pm2.5,9,1,0,0,1,0,0,0
2024-09-11,70.0,19.0,5.0,16.0,4.0,6.0,150,co,9,2,0,0,1,0,0,0
2024-09-12,50.0,40.0,9.0,35.0,12.0,9.0,188,co,9,3,0,0,1,0,0,0
2024-09-13,87.0,37.0,16.0,18.0,4.0,7.0,190,pm2.5,9,4,0,0,1,0,0,0
2024-09-14,83.0,38.0,6.0,19.0,5.0,8.0,177,pm2.5,9,5,1,0,1,0,0,0
2024-09-15,83.0,47.0,17.0,21.0,5.0,8.0,177,pm2.5,9,6,1,0,1,0,0,0
2024-09-16,104.0,41.0,9.0,22.0,5.0,9.0,247,pm2.5,9,0,0,0,1,0,0,0
2024-09-17,91.0,50.0,15.0,24.0,6.0,10.0,203,pm2.5,9,1,0,0,1,0,0,0
2024-09-18,108.0,31.0,19.0,24.0,6.0,9.0,260,pm2.5,9,2,0,0,1,0,0,0
2024-09-19,71.0,47.0,22.0,24.0,6.0,9.0,188,co,9,3,0,0,1,0,0,0
2024-09-20,103.0,40.0,25.0,19.0,4.0,7.0,243,pm2.5,9,4,0,0,1,0,0,0
2024-09-21,92.0,54.0,25.0,20.0,5.0,8.0,207,pm2.5,9,5,1,0,1,0,0,0
2024-09-22,112.0,71.0,34.0,24.0,6.0,9.0,273,pm2.5,9,6,1,0,1,0,0,0
2024-09-23,138.0,76.0,24.0,16.0,4.0,6.0,314,pm2.5,9,0,0,0,1,0,0,0
2024-09-24,155.0,49.0,13.0,20.0,5.0,8.0,327,pm2.5,9,1,0,0,1,0,0,0
2024-09-25,105.0,24.0,11.0,24.0,6.0,9.0,250,pm2.5,9,2,0,0,1,0,0,0
2024-09-26,61.0,19.0,11.0,24.0,6.0,10.0,200,co,9,3,0,0,1,0,0,0
2024-09-27,49.0,26.0,6.0,24.0,6.0,9.0,188,co,9,4,0,0,1,0,0,0
2024-09-28,63.0,20.0,14.0,24.0,6.0,9.0,188,co,9,5,1,0,1,0,0,0
2024-09-29,52.0,30.0,19.0,25.0,6.0,10.0,200,co,9,6,1,0,1,0,0,0
2024-09-30,73.0,64.0,34.0,24.0,6.0,9.0,188,co,9,0,0,0,1,0,0,0
2024-10-01,135.0,82.0,43.0,23.0,6.0,9.0,312,pm2.5,10,1,0,1,0,0,0,0
2024-10-02,162.0,65.0,42.0,23.0,5.0,9.0,332,pm2.5,10,2,0,1,0,0,0,0
2024-10-03,137.0,70.0,45.0,25.0,6.0,10.0,313,pm2.5,10,3,0,1,0,0,0,0
2024-10-04,144.0,62.0,45.0,23.0,6.0,9.0,318,pm2.5,10,4,0,1,0,0,0,0
2024-10-05,133.0,67.0,36.0,23.0,6.0,9.0,310,pm2.5,10,5,1,1,0,0,0,0
2024-10-06,142.0,64.0,30.0,23.0,5.0,9.0,317,pm2.5,10,6,1,1,0,0,0,0
2024-10-07,144.0,67.0,36.0,21.0,5.0,8.0,318,pm2.5,10,0,0,1,0,0,0,0
2024-10-08,141.0,71.0,36.0,23.0,6.0,9.0,316,pm2.5,10,1,0,1,0,0,0,0
2024-10-09,138.0,85.0,56.0,20.0,4.0,8.0,314,pm2.5,10,2,0,1,0,0,0,0
2024-10-10,165.0,71.0,43.0,22.0,5.0,8.0,335,pm2.5,10,3,0,1,0,0,0,0
2024-10-11,147.0,68.0,54.0,23.0,6.0,9.0,321,pm2.5,10,4,0,1,0,0,0,0
2024-10-12,140.0,64.0,27.0,24.0,6.0,9.0,315,pm2.5,10,5,1,1,0,0,0,0
2024-10-13,129.0,69.0,31.0,24.0,6.0,9.0,307,pm2.5,10,6,1,1,0,0,0,0
2024-10-14,151.0,74.0,43.0,23.0,6.0,9.0,324,pm2.5,10,0,0,1,0,0,0,0
2024-10-15,151.0,96.0,59.0,24.0,6.0,10.0,324,pm2.5,10,1,0,1,0,0,0,0
2024-10-16,170.0,88.0,58.0,24.0,6.0,9.0,338,pm2.5,10,2,0,1,0,0,0,0
2024-10-17,165.0,79.0,33.0,22.0,5.0,9.0,335,pm2.5,10,3,0,1,0,0,0,0
2024-10-18,154.0,62.0,45.0,21.7,4.6,8.5,326,pm2.5,10,4,0,1,0,0,0,0
2024-10-19,131.0,64.0,46.0,21.4,4.2,8.0,308,pm2.5,10,5,1,1,0,0,0,0
2024-10-20,128.0,74.0,45.0,21.1,3.8,7.5,306,pm2.5,10,6,1,1,0,0,0,0
2024-10-21,149.0,65.0,44.0,20.8,3.4,7.0,322,pm2.5,10,0,0,1,0,0,0,0
2024-10-22,140.0,80.0,30.0,20.5,3.0,6.5,315,pm2.5,10,1,0,1,0,0,0,0
2024-10-23,162.0,70.0,29.0,20.2,2.6,6.0,332,pm2.5,10,2,0,1,0,0,0,0
2024-10-24,140.0,54.0,42.0,19.9,2.2,5.5,315,pm2.5,10,3,0,1,0,0,0,0
2024-10-25,116.0,47.0,37.0,19.6,1.7999999999999998,5.0,287,pm2.5,10,4,0,1,0,0,0,0
2024-10-26,103.0,40.0,30.0,19.3,1.4,4.5,243,pm2.5,10,5,1,1,0,0,0,0
2024-10-27,90.0,64.0,30.0,19.0,1.0,4.0,200,pm2.5,10,6,1,1,0,0,0,0
2024-10-28,132.0,64.0,33.0,18.0,2.0,4.0,309,pm2.5,10,0,0,1,0,0,0,0
2024-10-29,134.0,77.0,37.0,19.0,4.0,5.0,311,pm2.5,10,1,0,1,0,0,0,0
2024-10-30,145.0,89.0,51.0,19.0,8.0,8.0,319,pm2.5,10,2,0,1,0,0,0,0
2024-10-31,193.0,191.0,48.0,17.0,8.0,9.0,356,pm2.5,10,3,0,1,0,0,0,0
2024-11-01,248.0,132.0,37.0,16.0,7.0,9.0,398,pm2.5,11,4,0,1,0,0,0,0
2024-11-02,198.0,125.0,169.0,15.0,9.0,11.0,360,pm2.5,11,5,1,1,0,0,0,0
2024-11-03,204.0,117.0,46.0,16.0,9.0,11.0,365,pm2.5,11,6,1,1,0,0,0,0
2024-11-04,192.0,84.0,26.0,16.0,9.0,14.0,355,pm2.5,11,0,0,1,0,0,0,0
2024-11-05,161.0,71.0,94.0,16.0,6.0,13.0,332,pm2.5,11,1,0,1,0,0,0,0
2024-11-06,154.0,108.0,145.0,16.0,6.0,11.0,326,pm2.5,11,2,0,1,0,0,0,0
2024-11-07,182.0,85.0,19.0,16.0,6.0,6.0,348,pm2.5,11,3,0,1,0,0,0,0
2024-11-08,163.0,76.0,19.0,16.0,6.0,6.0,333,pm2.5,11,4,0,1,0,0,0,0
2024-11-09,153.0,83.0,20.0,16.0,6.0,6.0,325,pm2.5,11,5,1,1,0,0,0,0
2024-11-10,160.0,85.0,27.0,16.0,6.0,6.0,331,pm2.5,11,6,1,1,0,0,0,0
2024-11-11,163.0,83.0,34.0,16.0,6.0,6.0,333,pm2.5,11,0,0,1,0,0,0,0
2024-11-12,159.0,88.0,36.0,15.0,5.0,5.0,330,pm2.5,11,1,0,1,0,0,0,0
2024-11-13,159.0,101.0,31.0,13.0,6.0,6.0,330,pm2.5,11,2,0,1,0,0,0,0
2024-11-14,174.0,109.0,40.0,14.0,6.0,6.0,342,pm2.5,11,3,0,1,0,0,0,0
2024-11-15,180.0,80.0,52.0,14.0,5.0,6.0,346,pm2.5,11,4,0,1,0,0,0,0
2024-11-16,156.0,86.0,388.0,13.0,5.0,6.0,333,O3,11,5,1,1,0,0,0,0
2024-11-17,160.0,84.0,389.0,13.0,6.0,6.0,334,O3,11,6,1,1,0,0,0,0
2024-11-18,161.0,127.0,390.0,10.0,6.0,7.0,334,O3,11,0,0,1,0,0,0,0
2024-11-19,197.0,110.0,20.0,9.0,7.0,7.0,359,pm2.5,11,1,0,1,0,0,0,0
2024-11-20,182.0,84.0,16.0,10.0,10.0,7.0,348,pm2.5,11,2,0,1,0,0,0,0
2024-11-21,161.0,73.0,13.0,10.0,5.0,6.0,332,pm2.5,11,3,0,1,0,0,0,0
2024-11-22,141.0,73.0,14.0,11.0,10.0,6.0,316,pm2.5,11,4,0,1,0,0,0,0
2024-11-23,150.0,93.0,4.0,11.0,10.0,6.0,323,pm2.5,11,5,1,1,0,0,0,0
2024-11-24,170.0,61.0,17.0,12.0,13.0,6.0,338,pm2.5,11,6,1,1,0,0,0,0
2024-11-25,128.0,72.0,16.0,11.0,7.0,6.0,306,pm2.5,11,0,0,1,0,0,0,0
2024-11-26,145.0,61.0,18.0,11.0,9.0,6.0,319,pm2.5,11,1,0,1,0,0,0,0
2024-11-27,124.0,65.0,11.0,9.0,5.0,6.0,303,pm2.5,11,2,0,1,0,0,0,0
2024-11-28,141.0,90.0,15.0,8.0,6.0,6.0,316,pm2.5,11,3,0,1,0,0,0,0
2024-11-29,168.0,72.0,20.0,9.0,6.0,6.0,337,pm2.5,11,4,0,1,0,0,0,0
2024-11-30,145.0,84.0,20.0,10.0,7.0,6.0,319,pm2.5,11,5,1,1,0,0,0,0
2024-12-01,155.0,84.0,20.0,10.0,8.0,6.0,327,pm2.5,12,6,1,0,0,0,0,1
2024-12-02,164.0,72.0,20.0,11.0,6.0,6.0,334,pm2.5,12,0,0,0,0,0,0,1
2024-12-03,144.0,40.0,20.0,12.0,6.0,6.0,318,pm2.5,12,1,0,0,0,0,0,1
2024-12-04,86.0,33.0,20.0,11.0,6.0,7.0,187,pm2.5,12,2,0,0,0,0,0,1
2024-12-05,77.0,43.0,18.0,9.0,8.0,7.0,162,co,12,3,0,0,0,0,0,1
2024-12-06,94.0,73.0,15.0,9.0,9.0,9.0,213,pm2.5,12,4,0,0,0,0,0,1
2024-12-07,148.0,68.0,4.0,9.0,6.0,8.0,322,pm2.5,12,5,1,0,0,0,0,1
2024-12-08,138.0,60.0,19.0,9.0,6.0,8.0,314,pm2.5,12,6,1,0,0,0,0,1
2024-12-09,133.0,51.0,18.0,7.0,6.0,9.0,310,pm2.5,12,0,0,0,0,0,0,1
2024-12-10,114.0,53.0,19.0,7.0,6.0,7.0,280,pm2.5,12,1,0,0,0,0,0,1
2024-12-11,114.0,62.0,18.0,7.0,6.0,7.0,280,pm2.5,12,2,0,0,0,0,0,1
2024-12-12,132.0,49.0,35.0,7.0,5.0,7.0,309,pm2.5,12,3,0,0,0,0,0,1
2024-12-13,110.0,55.0,31.0,6.0,6.0,8.0,267,pm2.5,12,4,0,0,0,0,0,1
2024-12-14,112.0,90.0,6.0,6.0,12.0,9.0,273,pm2.5,12,5,1,0,0,0,0,1
2024-12-15,166.0,102.0,28.0,6.0,6.0,10.0,335,pm2.5,12,6,1,0,0,0,0,1
2024-12-16,178.0,117.0,28.0,7.0,4.0,10.0,345,pm2.5,12,0,0,0,0,0,0,1
2024-12-17,191.0,93.0,29.0,8.0,6.0,10.0,355,pm2.5,12,1,0,0,0,0,0,1
2024-12-18,166.0,102.0,31.0,7.0,6.0,11.0,335,pm2.5,12,2,0,0,0,0,0,1
2024-12-19,175.0,91.0,29.0,7.0,6.0,10.0,342,pm2.5,12,3,0,0,0,0,0,1
2024-12-20,166.0,69.0,25.0,8.0,6.0,11.0,335,pm2.5,12,4,0,0,0,0,0,1
2024-12-21,142.0,76.0,5.0,7.0,5.0,10.0,317,pm2.5,12,5,1,0,0,0,0,1
2024-12-22,146.0,61.0,26.0,7.0,6.0,9.0,320,pm2.5,12,6,1,0,0,0,0,1
2024-12-23,130.0,62.0,9.0,6.0,6.0,11.0,308,pm2.5,12,0,0,0,0,0,0,1
2024-12-24,134.0,59.0,26.0,8.0,6.0,12.0,311,pm2.5,12,1,0,0,0,0,0,1
2024-12-25,123.0,67.0,26.0,9.0,6.0,11.0,302,pm2.5,12,2,0,0,0,0,0,1
2024-12-26,140.0,62.0,27.0,10.0,7.0,11.0,315,pm2.5,12,3,0,0,0,0,0,1
2024-12-27,136.0,52.0,21.0,9.0,6.0,12.0,312,pm2.5,12,4,0,0,0,0,0,1
2024-12-28,110.0,51.0,4.0,7.0,6.0,13.0,267,pm2.5,12,5,1,0,0,0,0,1
2024-12-29,111.0,67.5,4.0,4.5,4.5,13.0,270,pm2.5,12,6,1,0,0,0,0,1
2024-12-31,179.5,84.0,4.0,2.0,3.0,13.0,346,pm2.5,12,1,0,0,0,0,0,1
2025-01-01,164.0,67.0,11.0,2.0,6.0,12.0,334,pm2.5,1,2,0,0,0,0,0,1
2025-01-02,147.0,65.0,10.0,2.0,6.0,13.0,321,pm2.5,1,3,0,0,0,0,0,1
2025-01-03,136.0,71.0,11.0,2.0,6.0,13.0,312,pm2.5,1,4,0,0,0,0,0,1
2025-01-04,153.0,64.0,5.0,2.0,6.0,13.0,325,pm2.5,1,5,1,0,0,0,0,1
2025-01-05,142.0,59.0,9.0,2.0,6.0,14.0,317,pm2.5,1,6,1,0,0,0,0,1
2025-01-06,150.0,55.0,9.0,3.0,6.0,14.0,323,pm2.5,1,0,0,0,0,0,0,1
2025-01-07,145.0,68.0,5.0,3.0,6.0,12.0,319,pm2.5,1,1,0,0,0,0,0,1
2025-01-08,129.0,80.0,27.0,3.0,6.0,13.0,307,pm2.5,1,2,0,0,0,0,0,1
2025-01-09,175.0,88.0,35.0,5.0,4.0,14.0,342,pm2.5,1,3,0,0,0,0,0,1
2025-01-10,167.0,123.0,14.0,5.0,4.0,12.0,336,pm2.5,1,4,0,0,0,0,0,1
2025-01-11,193.0,71.0,7.0,6.0,6.0,11.0,356,pm2.5,1,5,1,0,0,0,0,1
2025-01-12,139.0,71.0,10.0,4.0,8.0,13.0,315,pm2.5,1,6,1,0,0,0,0,1
2025-01-13,149.0,61.0,21.0,5.0,6.0,13.0,322,pm2.5,1,0,0,0,0,0,0,1
2025-01-14,136.0,46.0,12.0,5.0,6.0,12.0,312,pm2.5,1,1,0,0,0,0,0,1
2025-01-15,101.0,48.0,8.0,4.0,6.0,13.0,243,co,1,2,0,0,0,0,0,1
2025-01-16,105.0,43.0,32.0,6.0,6.0,12.0,250,pm2.5,1,3,0,0,0,0,0,1
2025-01-17,93.0,53.0,11.0,4.0,6.0,13.0,243,co,1,4,0,0,0,0,0,1
2025-01-18,111.0,45.0,6.0,5.0,10.0,12.0,270,pm2.5,1,5,1,0,0,0,0,1
2025-01-19,101.0,41.0,32.0,9.0,7.0,11.0,237,pm2.5,1,6,1,0,0,0,0,1
2025-01-20,93.0,44.0,34.0,10.0,8.0,10.0,210,pm2.5,1,0,0,0,0,0,0,1
2025-01-21,98.0,44.0,33.0,10.0,7.0,9.0,227,pm2.5,1,1,0,0,0,0,0,1
2025-01-22,96.0,66.0,29.0,9.0,6.0,10.0,220,pm2.5,1,2,0,0,0,0,0,1
2025-01-23,139.0,37.0,34.0,9.0,6.0,9.0,315,pm2.5,1,3,0,0,0,0,0,1
2025-01-24,84.0,33.0,33.0,8.0,6.0,7.0,180,pm2.5,1,4,0,0,0,0,0,1
2025-01-25,78.0,48.0,7.0,8.0,7.0,8.0,175,co,1,5,1,0,0,0,0,1
2025-01-26,104.0,58.0,34.0,7.0,8.0,9.0,247,pm2.5,1,6,1,0,0,0,0,1
2025-01-27,126.0,66.0,35.0,7.0,9.0,9.0,305,pm2.5,1,0,0,0,0,0,0,1
2025-01-28,137.0,85.0,34.0,8.0,6.0,10.0,313,pm2.5,1,1,0,0,0,0,0,1
2025-01-29,161.0,97.0,33.0,9.0,6.0,10.0,332,pm2.5,1,2,0,0,0,0,0,1
2025-01-30,171.0,104.0,28.0,10.0,6.0,10.0,339,pm2.5,1,3,0,0,0,0,0,1
2025-01-31,173.0,75.0,25.0,11.0,7.0,9.0,341,pm2.5,1,4,0,0,0,0,0,1
2025-02-01,147.0,67.0,7.0,11.0,6.0,9.0,321,pm2.5,2,5,1,0,0,1,0,0
2025-02-02,136.0,54.0,28.0,10.0,7.0,9.0,312,pm2.5,2,6,1,0,0,1,0,0
2025-02-03,121.0,53.0,27.0,11.0,7.0,9.0,301,pm2.5,2,0,0,0,0,1,0,0
2025-02-04,118.0,52.0,32.0,10.0,7.0,10.0,293,pm2.5,2,1,0,0,0,1,0,0
2025-02-05,112.0,40.5,26.5,10.0,6.5,8.0,273,pm2.5,2,2,0,0,0,1,0,0
2025-02-06,90.5,29.0,21.0,10.0,6.0,6.0,202,pm2.5,2,3,0,0,0,1,0,0
2025-02-07,69.0,35.0,31.0,9.0,8.0,7.0,162,co,2,4,0,0,0,1,0,0
2025-02-08,82.0,46.0,7.0,10.0,12.0,8.0,175,co,2,5,1,0,0,1,0,0
2025-02-09,102.0,57.0,30.0,10.0,15.0,8.0,240,pm2.5,2,6,1,0,0,1,0,0
2025-02-10,123.0,52.0,29.0,11.0,8.0,9.0,302,pm2.5,2,0,0,0,0,1,0,0
2025-02-11,112.0,43.0,30.0,12.0,11.0,9.0,273,pm2.5,2,1,0,0,0,1,0,0
2025-02-12,98.0,20.0,31.0,9.0,6.0,7.0,227,pm2.5,2,2,0,0,0,1,0,0
2025-02-13,54.0,19.0,2.0,7.0,7.0,7.0,162,co,2,3,0,0,0,1,0,0
2025-02-14,54.0,41.0,5.0,12.0,6.0,8.0,175,co,2,4,0,0,0,1,0,0
2025-02-15,90.0,53.0,6.0,11.0,6.0,8.0,200,pm2.5,2,5,1,0,0,1,0,0
2025-02-16,116.0,59.0,25.0,12.0,7.0,8.0,287,pm2.5,2,6,1,0,0,1,0,0
2025-02-17,125.0,55.0,23.0,12.0,6.0,9.0,304,pm2.5,2,0,0,0,0,1,0,0
2025-02-18,118.0,44.0,27.0,12.0,6.0,8.0,293,pm2.5,2,1,0,0,0,1,0,0
2025-02-19,100.0,54.0,3.0,10.0,6.0,9.0,233,pm2.5,2,2,0,0,0,1,0,0
2025-02-20,116.0,56.0,24.0,12.0,6.0,9.0,287,pm2.5,2,3,0,0,0,1,0,0
2025-02-21,122.0,39.0,23.0,11.0,6.0,9.0,302,pm2.5,2,4,0,0,0,1,0,0
2025-02-22,86.0,32.0,6.0,11.0,6.0,9.0,188,co,2,5,1,0,0,1,0,0
2025-02-23,74.0,33.0,26.0,11.0,6.0,8.0,175,co,2,6,1,0,0,1,0,0
2025-02-24,76.0,48.0,24.0,11.0,8.0,8.0,175,co,2,0,0,0,0,1,0,0
2025-02-25,104.0,58.0,23.0,13.0,11.0,9.0,247,pm2.5,2,1,0,0,0,1,0,0
2025-02-26,126.0,41.0,25.0,13.0,7.0,9.0,305,pm2.5,2,2,0,0,0,1,0,0
2025-02-27,92.0,51.0,21.0,14.0,6.0,9.0,207,pm2.5,2,3,0,0,0,1,0,0
2025-02-28,110.0,54.0,22.0,13.0,6.0,11.0,267,pm2.5,2,4,0,0,0,1,0,0
2025-03-01,120.0,27.0,6.0,13.0,6.0,9.0,300,pm2.5,3,5,1,0,0,1,0,0
2025-03-02,65.0,24.0,28.0,13.0,9.0,6.0,150,co,3,6,1,0,0,1,0,0
2025-03-03,61.0,24.0,28.0,14.0,5.0,7.0,162,co,3,0,0,0,0,1,0,0
2025-03-04,60.0,13.0,29.0,10.0,6.0,7.0,162,co,3,1,0,0,0,1,0,0
2025-03-05,40.0,25.0,28.0,10.0,9.0,5.0,138,co,3,2,0,0,0,1,0,0
2025-03-06,58.0,64.0,26.0,13.0,13.0,6.0,150,co,3,3,0,0,0,1,0,0
2025-03-07,123.0,54.0,25.0,13.0,9.0,6.0,302,pm2.5,3,4,0,0,0,1,0,0
2025-03-08,117.0,94.0,13.0,14.0,6.0,7.0,290,pm2.5,3,5,1,0,0,1,0,0
2025-03-09,160.0,64.0,24.0,15.0,6.0,7.0,331,pm2.5,3,6,1,0,0,1,0,0
2025-03-10,135.0,77.0,25.0,16.0,7.0,8.0,312,pm2.5,3,0,0,0,0,1,0,0
2025-03-11,142.0,68.0,24.0,17.0,14.0,8.0,317,pm2.5,3,1,0,0,0,1,0,0
2025-03-12,137.0,58.0,24.0,17.0,8.0,7.0,313,pm2.5,3,2,0,0,0,1,0,0
2025-03-13,120.0,72.0,24.0,18.0,7.0,7.0,300,pm2.5,3,3,0,0,0,1,0,0
2025-03-14,135.0,48.0,24.0,19.0,6.0,7.0,312,pm2.5,3,4,0,0,0,1,0,0
2025-03-15,106.0,44.0,24.0,19.0,6.0,7.0,253,pm2.5,3,5,1,0,0,1,0,0
2025-03-16,101.0,28.0,25.0,16.0,6.0,6.0,237,pm2.5,3,6,1,0,0,1,0,0
2025-03-17,66.0,32.0,27.0,14.0,6.0,7.0,162,co,3,0,0,0,0,1,0,0
2025-03-18,74.0,36.0,27.0,16.0,6.0,6.0,150,co,3,1,0,0,0,1,0,0
2025-03-19,82.0,52.0,23.0,17.0,5.0,6.0,173,pm2.5,3,2,0,0,0,1,0,0
2025-03-20,109.0,37.0,26.0,17.0,6.0,5.0,263,pm2.5,3,3,0,0,0,1,0,0
2025-03-21,83.0,29.0,24.0,16.0,6.0,6.0,177,pm2.5,3,4,0,0,0,1,0,0
2025-03-22,69.0,40.0,23.0,15.0,6.0,6.0,150,co,3,5,1,0,0,1,0,0
2025-03-23,91.0,60.0,24.0,17.0,6.0,6.0,203,pm2.5,3,6,1,0,0,1,0,0
2025-03-24,128.0,68.0,24.0,18.0,6.0,6.0,306,pm2.5,3,0,0,0,0,1,0,0
2025-03-25,136.0,73.0,23.0,19.0,13.0,5.0,312,pm2.5,3,1,0,0,0,1,0,0
2025-03-26,138.0,71.0,25.0,21.0,14.0,5.0,314,pm2.5,3,2,0,0,0,1,0,0
2025-03-27,131.0,44.0,26.0,19.0,6.0,5.0,308,pm2.5,3,3,0,0,0,1,0,0
2025-03-28,99.0,26.0,27.0,15.0,6.0,4.0,230,pm2.5,3,4,0,0,0,1,0,0
2025-03-29,65.0,28.0,26.0,16.0,6.0,4.0,125,co,3,5,1,0,0,1,0,0
2025-03-30,69.0,40.0,26.0,18.0,7.0,4.0,130,pm2.5,3,6,1,0,0,1,0,0
2025-03-31,89.0,69.0,29.0,17.0,6.0,4.0,197,pm2.5,3,0,0,0,0,1,0,0
2025-04-01,141.0,65.0,25.0,19.0,6.0,3.0,316,pm2.5,4,1,0,0,0,0,1,0
2025-04-02,135.0,98.0,25.0,19.0,19.0,5.0,312,pm2.5,4,2,0,0,0,0,1,0
2025-04-03,171.0,65.0,27.0,19.0,10.0,8.0,339,pm2.5,4,3,0,0,0,0,1,0
2025-04-04,127.0,71.0,24.0,21.0,19.0,6.0,305,pm2.5,4,4,0,0,0,0,1,0
2025-04-05,138.0,61.0,11.0,21.0,13.0,6.0,314,pm2.5,4,5,1,0,0,0,1,0
2025-04-06,119.0,68.0,25.0,21.0,6.0,7.0,297,pm2.5,4,6,1,0,0,0,1,0
2025-04-07,138.0,72.0,27.0,21.0,6.0,10.0,314,pm2.5,4,0,0,0,0,0,1,0
2025-04-08,154.0,73.0,28.0,22.0,6.0,11.0,326,pm2.5,4,1,0,0,0,0,1,0
2025-04-09,153.0,48.0,12.0,15.0,6.0,16.0,325,pm2.5,4,2,0,0,0,0,1,0
2025-04-10,105.0,58.0,20.0,16.0,6.0,16.0,286,co,4,3,0,0,0,0,1,0
2025-04-11,128.0,55.0,30.0,17.0,6.0,14.0,306,pm2.5,4,4,0,0,0,0,1,0
2025-04-12,119.0,41.0,32.0,19.0,6.0,11.0,297,pm2.5,4,5,1,0,0,0,1,0
2025-04-13,91.0,41.0,37.0,16.0,6.0,12.0,229,co,4,6,1,0,0,0,1,0
2025-04-14,89.0,65.0,30.0,22.0,6.0,10.0,200,co,4,0,0,0,0,0,1,0
2025-04-15,135.0,49.0,22.0,25.0,6.0,7.0,312,pm2.5,4,1,0,0,0,0,1,0
2025-04-16,106.0,67.0,30.0,22.0,6.0,10.0,253,pm2.5,4,2,0,0,0,0,1,0
2025-04-17,147.0,72.0,30.0,21.0,6.0,13.0,321,pm2.5,4,3,0,0,0,0,1,0
2025-04-18,153.0,54.0,30.0,21.0,6.0,12.0,325,pm2.5,4,4,0,0,0,0,1,0
2025-04-19,118.0,67.0,31.0,22.0,6.0,12.0,293,pm2.5,4,5,1,0,0,0,1,0
2025-04-20,143.0,78.0,29.0,24.0,6.0,10.0,318,pm2.5,4,6,1,0,0,0,1,0
2025-04-21,155.0,60.0,32.0,23.0,6.0,5.0,327,pm2.5,4,0,0,0,0,0,1,0
2025-04-22,128.0,68.0,35.0,23.0,9.0,4.0,306,pm2.5,4,1,0,0,0,0,1,0
2025-04-23,136.0,65.0,32.0,23.0,10.0,4.0,312,pm2.5,4,2,0,0,0,0,1,0
2025-04-24,131.0,86.0,36.0,23.0,11.0,5.0,308,pm2.5,4,3,0,0,0,0,1,0
2025-04-25,155.0,50.0,24.0,27.0,6.0,3.0,327,pm2.5,4,4,0,0,0,0,1,0
2025-04-26,109.0,54.0,26.0,23.0,6.0,5.0,263,pm2.5,4,5,1,0,0,0,1,0
2025-04-27,110.0,65.0,30.0,21.0,6.0,8.0,267,pm2.5,4,6,1,0,0,0,1,0
2025-04-28,133.0,65.0,23.0,19.0,6.0,12.0,310,pm2.5,4,0,0,0,0,0,1,0
2025-04-29,145.0,68.0,28.0,20.0,7.0,13.0,319,pm2.5,4,1,0,0,0,0,1,0
2025-04-30,150.0,70.0,27.0,20.0,6.0,12.0,323,pm2.5,4,2,0,0,0,0,1,0
2025-05-01,154.0,70.0,27.0,19.0,7.0,12.0,326,pm2.5,5,3,0,0,0,0,1,0
2025-05-02,150.0,73.0,28.0,21.0,5.0,11.0,323,pm2.5,5,4,0,0,0,0,1,0
2025-05-03,152.0,56.0,31.0,22.0,4.0,9.0,325,pm2.5,5,5,1,0,0,0,1,0
2025-05-04,123.0,47.0,19.0,18.0,5.0,13.0,302,pm2.5,5,6,1,0,0,0,1,0
2025-05-05,105.0,42.0,30.0,19.0,5.0,12.0,250,pm2.5,5,0,0,0,0,0,1,0
2025-05-06,93.0,54.0,27.0,21.0,5.0,12.0,229,co,5,1,0,0,0,0,1,0
2025-05-07,119.0,44.0,27.0,20.0,5.0,12.0,297,pm2.5,5,2,0,0,0,0,1,0
2025-05-08,97.0,58.0,23.0,21.0,5.0,12.0,229,co,5,3,0,0,0,0,1,0
2025-05-09,129.0,54.0,29.0,23.0,4.0,10.0,307,pm2.5,5,4,0,0,0,0,1,0
2025-05-10,120.0,61.0,32.0,22.0,3.0,12.0,300,pm2.5,5,5,1,0,0,0,1,0
2025-05-11,133.0,57.0,27.0,22.0,6.0,10.0,310,pm2.5,5,6,1,0,0,0,1,0
2025-05-12,127.0,59.0,28.0,23.0,5.0,9.0,305,pm2.5,5,0,0,0,0,0,1,0
2025-05-13,124.0,51.0,29.0,24.0,6.0,8.0,303,pm2.5,5,1,0,0,0,0,1,0
2025-05-14,113.0,72.0,29.0,27.0,5.0,8.0,277,pm2.5,5,2,0,0,0,0,1,0
2025-05-15,151.0,71.0,29.0,26.0,4.0,9.0,324,pm2.5,5,3,0,0,0,0,1,0
2025-05-16,151.0,66.0,18.0,24.0,4.0,11.0,324,pm2.5,5,4,0,0,0,0,1,0
2025-05-17,140.0,58.0,30.0,24.0,4.0,10.0,315,pm2.5,5,5,1,0,0,0,1,0
2025-05-18,129.0,60.0,30.0,23.0,4.0,13.0,307,pm2.5,5,6,1,0,0,0,1,0
2025-05-19,135.0,64.0,30.0,23.0,4.0,13.0,312,pm2.5,5,0,0,0,0,0,1,0
2025-05-20,135.0,58.0,29.0,22.0,4.0,14.0,312,pm2.5,5,1,0,0,0,0,1,0
2025-05-21,123.0,34.0,28.0,18.0,4.0,16.0,302,pm2.5,5,2,0,0,0,0,1,0
2025-05-22,78.0,53.0,23.0,21.0,4.0,16.0,286,co,5,3,0,0,0,0,1,0
2025-05-23,116.0,56.0,21.0,21.0,5.0,15.0,287,pm2.5,5,4,0,0,0,0,1,0
2025-05-24,124.0,52.0,25.0,21.0,4.0,14.0,303,pm2.5,5,5,1,0,0,0,1,0
2025-05-25,112.0,47.0,23.0,22.0,5.0,14.0,273,pm2.5,5,6,1,0,0,0,1,0
2025-05-26,101.0,36.0,31.0,22.0,4.0,14.0,257,co,5,0,0,0,0,0,1,0
2025-05-27,82.0,42.0,26.0,22.0,5.0,15.0,271,co,5,1,0,0,0,0,1,0
2025-05-28,90.0,31.0,29.0,23.0,4.0,13.0,243,co,5,2,0,0,0,0,1,0
2025-05-29,72.0,49.0,25.0,23.0,4.0,14.0,257,co,5,3,0,0,0,0,1,0
2025-05-30,105.0,53.0,29.0,23.0,4.0,12.0,250,pm2.5,5,4,0,0,0,0,1,0
2025-05-31,113.0,47.0,31.0,22.0,4.0,11.0,277,pm2.5,5,5,1,0,0,0,1,0
2025-06-01,102.0,50.0,30.0,21.0,4.0,11.0,240,pm2.5,6,6,1,0,1,0,0,0
2025-06-02,109.0,46.0,20.0,20.0,4.0,12.0,263,pm2.5,6,0,0,0,1,0,0,0
2025-06-03,101.0,40.0,32.0,20.0,4.0,13.0,243,co,6,1,0,0,1,0,0,0
2025-06-04,87.0,44.0,31.0,21.0,4.0,12.0,229,co,6,2,0,0,1,0,0,0
2025-06-05,96.0,54.0,34.0,23.0,4.0,10.0,220,pm2.5,6,3,0,0,1,0,0,0
2025-06-06,120.0,58.0,32.0,24.0,4.0,9.0,300,pm2.5,6,4,0,0,1,0,0,0
2025-06-07,126.0,56.0,28.0,25.0,4.0,9.0,305,pm2.5,6,5,1,0,1,0,0,0
2025-06-08,125.0,61.0,31.0,27.0,4.0,9.0,304,pm2.5,6,6,1,0,1,0,0,0
2025-06-09,139.0,67.0,30.0,27.0,4.0,10.0,315,pm2.5,6,0,0,0,1,0,0,0
2025-06-10,151.0,67.0,27.0,26.0,5.0,11.0,324,pm2.5,6,1,0,0,1,0,0,0
2025-06-11,149.0,61.0,31.0,27.0,4.0,10.0,322,pm2.5,6,2,0,0,1,0,0,0
2025-06-12,135.0,50.0,27.0,26.0,4.0,12.0,312,pm2.5,6,3,0,0,1,0,0,0
2025-06-13,108.0,50.0,29.0,25.0,5.0,12.0,260,pm2.5,6,4,0,0,1,0,0,0
2025-06-14,107.0,45.0,25.0,23.0,5.0,14.0,257,co,6,5,1,0,1,0,0,0
2025-06-15,102.0,38.0,20.0,22.0,4.0,14.0,257,co,6,6,1,0,1,0,0,0
2025-06-16,84.0,42.0,23.0,22.0,4.0,16.0,286,co,6,0,0,0,1,0,0,0
2025-06-17,90.0,32.0,20.0,21.0,4.0,16.0,286,co,6,1,0,0,1,0,0,0
2025-06-18,75.0,36.0,25.0,21.0,4.0,16.0,286,co,6,2,0,0,1,0,0,0
2025-06-19,80.0,24.0,18.0,18.0,4.0,20.0,318,co,6,3,0,0,1,0,0,0
2025-06-20,59.0,21.0,17.0,20.0,4.0,18.0,306,co,6,4,0,0,1,0,0,0
2025-06-21,57.0,27.0,3.0,18.0,4.0,21.0,324,co,6,5,1,0,1,0,0,0
2025-06-22,67.0,23.0,16.0,19.0,4.0,20.0,318,co,6,6,1,0,1,0,0,0
2025-06-23,62.0,30.0,21.0,21.0,4.0,18.0,306,co,6,0,0,0,1,0,0,0
2025-06-24,71.0,38.0,15.0,20.0,4.0,18.0,306,co,6,1,0,0,1,0,0,0
2025-06-25,87.0,20.0,20.0,21.0,4.0,15.0,271,co,6,2,0,0,1,0,0,0
2025-06-26,54.0,20.0,26.0,22.0,4.0,9.0,188,co,6,3,0,0,1,0,0,0
2025-06-27,54.0,20.0,23.0,21.0,4.0,10.0,200,co,6,4,0,0,1,0,0,0
2025-06-28,53.0,26.0,7.0,18.0,4.0,11.0,214,co,6,5,1,0,1,0,0,0
2025-06-29,63.0,24.0,16.0,17.0,4.0,12.0,229,co,6,6,1,0,1,0,0,0
2025-06-30,60.0,22.0,14.0,18.0,4.0,12.0,229,co,6,0,0,0,1,0,0,0
2025-07-01,59.0,30.0,16.0,19.0,4.0,11.0,214,co,7,1,0,0,1,0,0,0
2025-07-02,70.0,28.0,16.0,20.0,4.0,11.0,214,co,7,2,0,0,1,0,0,0
2025-07-03,68.0,23.0,23.0,20.0,4.0,11.0,214,co,7,3,0,0,1,0,0,0
2025-07-04,60.0,29.0,20.0,19.0,4.0,12.0,229,co,7,4,0,0,1,0,0,0
2025-07-05,67.0,36.0,40.0,20.0,4.0,12.0,229,co,7,5,1,0,1,0,0,0
2025-07-06,83.0,28.0,29.0,22.0,4.0,10.0,200,co,7,6,1,0,1,0,0,0
2025-07-07,68.0,32.0,24.0,21.0,4.0,10.0,200,co,7,0,0,0,1,0,0,0
2025-07-08,74.0,28.0,16.0,18.0,4.0,11.0,214,co,7,1,0,0,1,0,0,0
2025-07-09,66.0,23.0,21.0,18.0,4.0,12.0,229,co,7,2,0,0,1,0,0,0
2025-07-10,59.0,26.0,13.0,18.0,4.0,12.0,229,co,7,3,0,0,1,0,0,0
2025-07-11,65.0,23.0,11.0,17.0,3.0,12.0,229,co,7,4,0,0,1,0,0,0
2025-07-12,57.0,29.0,15.0,19.0,4.0,11.0,214,co,7,5,1,0,1,0,0,0
2025-07-13,70.0,19.0,20.0,19.0,4.0,11.0,214,co,7,6,1,0,1,0,0,0
2025-07-14,52.0,19.0,22.0,19.0,4.0,11.0,214,co,7,0,0,0,1,0,0,0
2025-07-15,52.0,20.0,21.0,19.0,4.0,11.0,214,co,7,1,0,0,1,0,0,0
2025-07-16,53.0,21.0,11.0,16.0,4.0,13.0,243,co,7,2,0,0,1,0,0,0
2025-07-17,53.0,11.0,2.0,17.0,4.0,12.0,229,co,7,3,0,0,1,0,0,0
2025-07-18,33.0,28.0,27.0,20.0,4.0,11.0,214,co,7,4,0,0,1,0,0,0
2025-07-19,70.0,41.0,25.0,20.0,4.0,10.0,200,co,7,5,1,0,1,0,0,0
2025-07-20,92.0,37.0,29.0,21.0,4.0,10.0,207,pm2.5,7,6,1,0,1,0,0,0
2025-07-21,81.0,34.0,32.0,21.0,4.0,10.0,200,co,7,0,0,0,1,0,0,0
2025-07-22,77.0,38.0,29.0,21.0,4.0,11.0,214,co,7,1,0,0,1,0,0,0
2025-07-23,85.0,37.0,23.0,20.0,4.0,11.0,214,co,7,2,0,0,1,0,0,0
2025-07-24,85.0,28.0,21.0,19.0,4.0,11.0,214,co,7,3,0,0,1,0,0,0
2025-07-25,67.0,16.0,25.0,19.0,4.0,11.0,214,co,7,4,0,0,1,0,0,0
2025-07-26,45.0,30.0,3.0,18.0,4.0,12.0,229,co,7,5,1,0,1,0,0,0
2025-07-27,70.0,17.0,20.0,19.0,4.0,12.0,229,co,7,6,1,0,1,0,0,0
2025-07-28,47.0,18.0,17.0,18.0,4.0,12.0,229,co,7,0,0,0,1,0,0,0
2025-07-29,52.0,27.0,18.0,17.0,4.0,12.0,229,co,7,1,0,0,1,0,0,0
2025-07-30,66.0,23.0,18.0,18.0,4.0,12.0,229,co,7,2,0,0,1,0,0,0
2025-07-31,56.0,29.0,13.0,18.0,4.0,12.0,229,co,7,3,0,0,1,0,0,0
2025-08-01,70.0,27.0,16.0,18.0,4.0,12.0,229,co,8,4,0,0,1,0,0,0
2025-08-02,66.0,28.0,2.0,17.0,4.0,12.0,229,co,8,5,1,0,1,0,0,0
2025-08-03,69.0,26.0,2.0,16.0,4.0,12.0,229,co,8,6,1,0,1,0,0,0
2025-08-04,64.0,25.0,9.0,16.0,4.0,12.0,229,co,8,0,0,0,1,0,0,0
2025-08-05,63.0,32.0,17.0,17.0,3.0,12.0,229,co,8,1,0,0,1,0,0,0
2025-08-06,77.0,32.0,25.0,19.0,3.0,11.0,214,co,8,2,0,0,1,0,0,0
2025-08-07,76.0,32.0,9.0,18.0,3.0,12.0,229,co,8,3,0,0,1,0,0,0
2025-08-08,77.0,24.0,14.0,17.0,3.0,12.0,229,co,8,4,0,0,1,0,0,0
2025-08-09,62.0,22.0,5.0,19.0,4.0,11.0,214,co,8,5,1,0,1,0,0,0
2025-08-10,59.0,23.0,15.0,18.0,4.0,12.0,229,co,8,6,1,0,1,0,0,0
2025-08-11,61.0,28.0,21.0,19.0,4.0,11.0,214,co,8,0,0,0,1,0,0,0
2025-08-12,68.0,39.0,12.0,19.0,4.0,12.0,229,co,8,1,0,0,1,0,0,0
2025-08-13,88.0,28.0,14.0,18.0,4.0,12.0,229,co,8,2,0,0,1,0,0,0
2025-08-14,62.0,22.0,24.0,20.0,4.0,11.0,214,co,8,3,0,0,1,0,0,0
2025-08-15,56.0,34.0,29.0,21.0,4.0,10.0,200,co,8,4,0,0,1,0,0,0
2025-08-16,79.0,31.0,5.0,21.0,4.0,10.0,200,co,8,5,1,0,1,0,0,0
2025-08-17,73.0,27.0,28.0,20.0,4.0,10.0,200,co,8,6,1,0,1,0,0,0
2025-08-18,66.0,20.0,31.0,20.0,4.0,11.0,214,co,8,0,0,0,1,0,0,0
2025-08-19,54.0,29.0,25.0,19.0,4.0,11.0,214,co,8,1,0,0,1,0,0,0
2025-08-20,68.0,38.0,9.0,18.0,5.0,12.0,229,co,8,2,0,0,1,0,0,0
2025-08-21,87.0,30.0,17.0,18.0,4.0,11.0,214,co,8,3,0,0,1,0,0,0
2025-08-22,72.0,21.0,11.0,18.0,4.0,11.0,214,co,8,4,0,0,1,0,0,0
2025-08-23,57.0,27.0,4.0,17.0,4.0,12.0,229,co,8,5,1,0,1,0,0,0
2025-08-24,65.0,24.0,2.0,16.0,4.0,13.0,243,co,8,6,1,0,1,0,0,0
2025-08-25,59.0,24.0,13.0,18.0,4.0,12.0,229,co,8,0,0,0,1,0,0,0
2025-08-26,58.0,49.0,20.0,19.0,4.0,11.0,214,co,8,1,0,0,1,0,0,0
2025-08-27,107.0,47.0,21.0,20.0,4.0,11.0,257,pm2.5,8,2,0,0,1,0,0,0
2025-08-28,103.0,46.0,24.0,19.0,4.0,12.0,243,pm2.5,8,3,0,0,1,0,0,0
2025-08-29,97.0,38.0,20.0,19.0,4.0,11.5,223,pm2.5,8,4,0,0,1,0,0,0
2025-09-01,61.0,42.0,10.0,18.0,4.0,12.0,229,co,9,0,0,0,1,0,0,0
2025-09-02,92.0,26.0,15.0,19.0,4.0,11.0,214,co,9,1,0,0,1,0,0,0
2025-09-03,64.0,26.0,20.0,19.0,4.0,10.0,200,co,9,2,0,0,1,0,0,0
2025-09-04,65.0,34.0,14.0,18.0,4.0,11.0,214,co,9,3,0,0,1,0,0,0
2025-09-05,79.0,45.0,15.0,20.0,4.0,11.0,214,co,9,4,0,0,1,0,0,0
2025-09-06,96.0,45.0,20.0,20.0,4.0,10.0,220,pm2.5,9,5,1,0,1,0,0,0
2025-09-07,98.0,47.0,26.0,17.0,5.0,12.0,229,co,9,6,1,0,1,0,0,0
2025-09-08,87.0,44.0,16.0,19.0,4.0,11.0,214,co,9,0,0,0,1,0,0,0
2025-09-09,98.0,45.0,19.0,20.0,4.0,10.0,227,pm2.5,9,1,0,0,1,0,0,0
2025-09-10,97.0,42.0,16.0,19.0,4.0,10.0,223,pm2.5,9,2,0,0,1,0,0,0
2025-09-11,91.0,56.0,18.0,20.0,4.0,10.0,203,pm2.5,9,3,0,0,1,0,0,0
2025-09-12,120.0,63.0,2.0,19.0,4.0,11.0,300,pm2.5,9,4,0,0,1,0,0,0
2025-09-13,133.0,53.0,11.0,22.0,4.0,9.0,310,pm2.5,9,5,1,0,1,0,0,0
2025-09-14,112.0,47.0,18.0,20.0,4.0,11.0,273,pm2.5,9,6,1,0,1,0,0,0
2025-09-15,104.0,34.0,7.0,18.0,4.0,11.0,247,pm2.5,9,0,0,0,1,0,0,0
2025-09-16,78.0,33.0,8.0,17.0,4.0,12.0,229,co,9,1,0,0,1,0,0,0
2025-09-17,76.0,34.0,7.0,16.0,4.0,13.0,243,co,9,2,0,0,1,0,0,0
2025-09-18,78.0,40.0,12.0,18.0,4.0,12.0,229,co,9,3,0,0,1,0,0,0
2025-09-19,89.0,59.0,13.0,19.0,5.0,10.0,200,co,9,4,0,0,1,0,0,0
2025-09-20,127.0,57.0,5.0,20.0,4.0,9.0,305,pm2.5,9,5,1,0,1,0,0,0
2025-09-21,126.0,60.0,18.0,20.0,4.0,10.0,305,pm2.5,9,6,1,0,1,0,0,0
2025-09-22,131.0,63.0,17.0,20.0,5.0,9.0,308,pm2.5,9,0,0,0,1,0,0,0
2025-09-23,135.0,55.0,16.0,20.0,4.0,9.0,312,pm2.5,9,1,0,0,1,0,0,0
2025-09-24,119.0,63.0,17.0,21.0,5.0,9.0,297,pm2.5,9,2,0,0,1,0,0,0
2025-09-25,139.0,71.0,19.0,21.0,5.0,10.0,315,pm2.5,9,3,0,0,1,0,0,0
2025-09-26,154.0,37.0,13.0,20.0,5.0,10.0,326,pm2.5,9,4,0,0,1,0,0,0
2025-09-27,86.0,27.0,7.0,20.0,5.0,10.0,200,co,9,5,1,0,1,0,0,0
2025-09-28,66.0,36.0,17.0,20.0,5.0,10.0,200,co,9,6,1,0,1,0,0,0
2025-09-29,82.0,35.0,10.0,17.0,5.0,12.0,229,co,9,0,0,0,1,0,0,0
2025-09-30,79.0,28.0,15.0,17.0,4.0,11.0,214,co,9,1,0,0,1,0,0,0
2025-10-01,70.0,26.0,3.0,17.0,4.0,11.0,214,co,10,2,0,1,0,0,0,0
2025-10-02,65.0,25.0,10.0,16.0,5.0,11.0,214,co,10,3,0,1,0,0,0,0
2025-10-03,64.0,16.0,11.0,16.0,4.0,12.0,229,co,10,4,0,1,0,0,0,0
2025-10-04,44.0,41.0,22.0,19.0,4.0,10.0,200,co,10,5,1,1,0,0,0,0
2025-10-05,92.0,45.0,17.0,19.0,5.0,10.0,207,pm2.5,10,6,1,1,0,0,0,0
2025-10-06,98.0,44.0,16.0,17.0,4.0,11.0,227,pm2.5,10,0,0,1,0,0,0,0
2025-10-07,98.0,42.0,3.0,17.0,4.0,11.0,227,pm2.5,10,1,0,1,0,0,0,0
2025-10-08,92.0,60.0,19.0,16.0,4.0,10.0,207,pm2.5,10,2,0,1,0,0,0,0
2025-10-09,125.0,72.0,16.0,16.0,4.0,9.0,304,pm2.5,10,3,0,1,0,0,0,0
2025-10-10,146.0,70.0,18.0,16.0,4.0,8.0,320,pm2.5,10,4,0,1,0,0,0,0
2025-10-11,142.0,89.0,20.0,15.0,3.0,8.0,317,pm2.5,10,5,1,1,0,0,0,0
2025-10-12,162.0,77.0,19.0,16.0,4.0,8.0,332,pm2.5,10,6,1,1,0,0,0,0
2025-10-13,152.0,82.0,19.0,16.0,4.0,9.0,325,pm2.5,10,0,0,1,0,0,0,0
2025-10-14,156.0,73.0,10.0,19.0,3.0,7.0,328,pm2.5,10,1,0,1,0,0,0,0
2025-10-15,135.0,81.0,19.0,17.0,3.0,8.0,312,pm2.5,10,2,0,1,0,0,0,0
2025-10-16,152.0,99.0,19.0,16.0,4.0,7.0,325,pm2.5,10,3,0,1,0,0,0,0
2025-10-17,176.0,130.0,17.0,17.0,3.0,8.0,343,pm2.5,10,4,0,1,0,0,0,0
2025-10-18,206.0,118.0,11.0,17.0,3.0,9.0,366,pm2.5,10,5,1,1,0,0,0,0
2025-10-19,192.0,110.0,16.0,17.0,3.0,9.0,355,pm2.5,10,6,1,1,0,0,0,0
2025-10-20,184.0,127.0,15.0,17.0,4.0,10.0,349,pm2.5,10,0,0,1,0,0,0,0
2025-10-21,200.0,97.0,13.0,18.0,4.0,10.0,362,pm2.5,10,1,0,1,0,0,0,0
2025-10-22,173.0,87.0,18.0,18.0,4.0,9.0,341,pm2.5,10,2,0,1,0,0,0,0
2025-10-23,164.0,80.0,17.0,17.0,4.0,9.0,334,pm2.5,10,3,0,1,0,0,0,0
2025-10-24,153.0,59.0,16.0,17.0,4.0,8.0,325,pm2.5,10,4,0,1,0,0,0,0
2025-10-25,129.0,59.0,22.0,16.0,5.0,8.0,307,pm2.5,10,5,1,1,0,0,0,0
2025-10-26,131.0,72.0,6.0,14.0,4.0,9.0,308,pm2.5,10,6,1,1,0,0,0,0
2025-10-27,155.0,43.0,11.0,12.0,5.0,11.0,327,pm2.5,10,0,0,1,0,0,0,0
2025-10-28,99.0,26.0,8.0,14.0,5.0,11.0,230,pm2.5,10,1,0,1,0,0,0,0
2025-10-29,66.0,29.0,2.0,12.0,5.0,13.0,243,co,10,2,0,1,0,0,0,0
2025-10-30,66.0,12.0,9.0,12.0,5.0,13.0,243,co,10,3,0,1,0,0,0,0
2025-10-31,30.0,37.0,11.0,15.0,4.0,11.0,214,co,10,4,0,1,0,0,0,0
2025-11-01,87.0,58.0,13.0,15.0,4.0,11.0,214,co,11,5,1,1,0,0,0,0
2025-11-02,125.0,72.0,14.0,15.0,5.0,8.0,304,pm2.5,11,6,1,1,0,0,0,0
2025-11-03,149.0,49.0,18.0,17.0,4.0,7.0,322,pm2.5,11,0,0,1,0,0,0,0
2025-11-04,105.0,74.0,20.0,15.0,4.0,9.0,250,pm2.5,11,1,0,1,0,0,0,0
2025-11-05,146.0,56.0,19.0,14.0,4.0,8.0,320,pm2.5,11,2,0,1,0,0,0,0
2025-11-06,121.0,72.0,19.0,11.0,3.0,7.0,301,pm2.5,11,3,0,1,0,0,0,0
2025-11-07,200.0,92.0,13.0,15.0,4.0,6.0,362,pm2.5,11,4,0,1,0,0,0,0
2025-11-08,225.0,101.0,22.0,10.0,4.0,7.0,381,pm2.5,11,5,1,1,0,0,0,0
2025-11-09,200.0,108.0,24.0,10.0,3.0,8.0,362,pm2.5,11,6,1,1,0,0,0,0
2025-11-10,178.0,112.0,18.0,11.0,4.0,7.0,345,pm2.5,11,0,0,1,0,0,0,0
2025-11-11,185.0,104.0,20.0,11.0,4.0,7.0,350,pm2.5,11,1,0,1,0,0,0,0
2025-11-12,207.0,96.0,20.0,11.0,3.0,7.0,367,pm2.5,11,2,0,1,0,0,0,0
2025-11-13,167.0,95.0,10.0,9.0,3.0,8.0,336,pm2.5,11,3,0,1,0,0,0,0
2025-11-14,171.0,90.0,12.0,10.0,4.0,8.0,339,pm2.5,11,4,0,1,0,0,0,0
2025-11-15,166.0,75.0,4.0,10.0,4.0,8.0,335,pm2.5,11,5,1,1,0,0,0,0
2025-11-16,144.0,71.0,14.0,11.0,4.0,8.0,318,pm2.5,11,6,1,1,0,0,0,0
2025-11-17,143.0,66.0,11.0,9.0,4.0,9.0,318,pm2.5,11,0,0,1,0,0,0,0
2025-11-18,136.0,83.0,13.0,11.0,3.0,9.0,312,pm2.5,11,1,0,1,0,0,0,0
2025-11-19,158.0,107.0,12.0,11.0,3.0,10.0,329,pm2.5,11,2,0,1,0,0,0,0
2025-11-20,183.0,96.0,12.0,11.0,3.0,10.0,348,pm2.5,11,3,0,1,0,0,0,0
2025-11-21,168.0,83.0,12.0,11.0,4.0,10.0,337,pm2.5,11,4,0,1,0,0,0,0
2025-11-22,158.0,116.0,10.0,10.0,3.0,9.0,329,pm2.5,11,5,1,1,0,0,0,0
2025-11-23,189.0,98.0,10.0,10.0,3.0,9.0,353,pm2.5,11,6,1,1,0,0,0,0
2025-11-24,172.0,69.0,10.0,10.0,4.0,8.0,340,pm2.5,11,0,0,1,0,0,0,0
2025-11-25,145.0,70.0,12.0,9.0,4.0,8.0,319,pm2.5,11,1,0,1,0,0,0,0
2025-11-26,142.0,64.0,3.0,9.0,3.0,9.0,317,pm2.5,11,2,0,1,0,0,0,0
2025-11-27,134.0,65.0,11.0,9.0,3.0,8.0,311,pm2.5,11,3,0,1,0,0,0,0
2025-11-28,132.0,59.0,11.0,10.0,5.0,8.0,309,pm2.5,11,4,0,1,0,0,0,0
2025-11-29,154.0,54.0,13.0,9.0,4.0,8.0,326,pm2.5,11,5,1,1,0,0,0,0
2025-11-30,113.0,61.0,9.0,11.0,4.0,7.0,277,pm2.5,11,6,1,1,0,0,0,0
2025-12-01,131.0,77.0,10.0,9.0,4.0,8.0,308,pm2.5,12,0,0,0,0,0,0,1
2025-12-02,149.0,79.0,10.0,11.0,5.0,8.0,322,pm2.5,12,1,0,0,0,0,0,1
2025-12-03,153.0,60.0,9.0,6.0,4.0,7.0,325,pm2.5,12,2,0,0,0,0,0,1
2025-12-04,124.0,57.0,10.0,7.0,4.0,7.0,303,pm2.5,12,3,0,0,0,0,0,1
2025-12-05,124.0,65.0,11.0,7.0,5.0,8.0,303,pm2.5,12,4,0,0,0,0,0,1
2025-12-06,167.0,60.0,7.0,9.0,5.0,7.0,336,pm2.5,12,5,1,0,0,0,0,1
2025-12-07,130.0,60.0,10.0,9.0,4.0,8.0,308,pm2.5,12,6,1,0,0,0,0,1
2025-12-08,153.0,49.0,10.0,9.0,4.0,7.0,325,pm2.5,12,0,0,0,0,0,0,1
2025-12-09,107.0,47.0,10.0,9.0,4.0,7.0,257,pm2.5,12,1,0,0,0,0,0,1
2025-12-10,103.0,64.0,9.0,8.0,4.0,8.0,243,pm2.5,12,2,0,0,0,0,0,1
2025-12-11,126.0,92.0,8.0,8.0,4.0,10.0,305,pm2.5,12,3,0,0,0,0,0,1
2025-12-12,168.0,91.0,10.0,8.0,4.0,11.0,337,pm2.5,12,4,0,0,0,0,0,1
2025-12-13,169.0,79.0,3.0,8.0,4.0,10.0,338,pm2.5,12,5,1,0,0,0,0,1
2025-12-14,154.0,71.0,9.0,8.0,4.0,10.0,326,pm2.5,12,6,1,0,0,0,0,1
2025-12-15,144.0,70.0,9.0,6.0,4.0,11.0,318,pm2.5,12,0,0,0,0,0,0,1
2025-12-16,148.0,76.0,7.0,5.0,4.0,12.0,322,pm2.5,12,1,0,0,0,0,0,1
2025-12-17,158.0,70.0,3.0,4.0,5.0,13.0,329,pm2.5,12,2,0,0,0,0,0,1
2025-12-18,151.0,75.0,3.0,4.0,5.0,12.0,324,pm2.5,12,3,0,0,0,0,0,1
2025-12-19,155.0,65.0,3.0,4.0,4.0,12.0,327,pm2.5,12,4,0,0,0,0,0,1
2025-12-20,137.0,78.0,2.0,2.0,4.0,13.0,313,pm2.5,12,5,1,0,0,0,0,1
2025-12-21,160.0,79.0,6.0,7.0,5.0,11.0,331,pm2.5,12,6,1,0,0,0,0,1
2025-12-22,200.0,74.0,5.0,3.0,4.0,13.0,362,pm2.5,12,0,0,0,0,0,0,1
2025-12-23,143.0,72.0,3.0,2.0,3.0,13.0,318,pm2.5,12,1,0,0,0,0,0,1
2025-12-24,129.0,66.0,3.5,7.5,4.0,11.0,307,pm2.5,12,2,0,0,0,0,0,1
2025-12-25,132.5,60.0,4.0,13.0,5.0,9.0,310,pm2.5,12,3,0,0,0,0,0,1
2025-12-26,136.0,69.0,11.0,14.0,5.0,9.0,312,pm2.5,12,4,0,0,0,0,0,1
2025-12-27,136.0,67.0,4.0,13.0,5.0,11.0,312,pm2.5,12,5,1,0,0,0,0,1
2025-12-28,140.0,69.5,5.5,13.5,4.5,10.0,315,pm2.5,12,6,1,0,0,0,0,1
2025-12-31,113.5,72.0,7.0,14.0,4.0,9.0,278,pm2.5,12,2,0,0,0,0,0,1
2026-01-01,170.0,77.0,8.0,13.0,3.0,11.0,338,pm2.5,1,3,0,0,0,0,0,1
2026-01-02,154.0,95.0,8.0,18.0,5.0,9.0,326,pm2.5,1,4,0,0,0,0,0,1
2026-01-03,174.0,106.0,9.0,20.0,4.0,9.0,342,pm2.5,1,5,1,0,0,0,0,1
2026-01-04,181.0,78.0,7.0,20.0,4.0,10.0,347,pm2.5,1,6,1,0,0,0,0,1
2026-01-05,170.0,75.0,5.0,20.0,5.0,11.0,338,pm2.5,1,0,0,0,0,0,0,1
2026-01-06,152.0,77.0,2.0,20.0,5.0,10.0,325,pm2.5,1,1,0,0,0,0,0,1
2026-01-07,157.0,80.0,3.0,20.0,5.0,10.0,328,pm2.5,1,2,0,0,0,0,0,1
2026-01-08,151.0,101.0,4.0,20.0,5.0,11.0,324,pm2.5,1,3,0,0,0,0,0,1
2026-01-09,173.0,165.0,4.0,19.0,4.0,9.0,341,pm2.5,1,4,0,0,0,0,0,1
2026-01-10,239.0,126.0,4.0,19.0,4.0,9.0,392,pm2.5,1,5,1,0,0,0,0,1
2026-01-11,190.0,88.0,8.0,19.0,5.0,10.0,354,pm2.5,1,6,1,0,0,0,0,1
2026-01-12,166.0,94.0,8.0,19.0,4.0,10.0,335,pm2.5,1,0,0,0,0,0,0,1
2026-01-13,169.0,103.0,7.0,20.0,4.0,9.0,338,pm2.5,1,1,0,0,0,0,0,1
2026-01-14,175.0,89.0,8.0,19.0,4.0,9.0,342,pm2.5,1,2,0,0,0,0,0,1
2026-01-15,161.0,103.0,7.0,20.0,5.0,10.0,332,pm2.5,1,3,0,0,0,0,0,1
2026-01-16,180.0,110.0,7.0,19.0,4.0,9.0,346,pm2.5,1,4,0,0,0,0,0,1
2026-01-17,186.0,118.0,2.0,20.0,4.0,9.0,351,pm2.5,1,5,1,0,0,0,0,1
2026-01-18,189.0,98.0,8.0,19.0,4.0,10.0,353,pm2.5,1,6,1,0,0,0,0,1
2026-01-19,175.0,92.0,7.0,19.0,4.0,9.0,342,pm2.5,1,0,0,0,0,0,0,1
2026-01-20,170.0,69.0,9.0,19.0,4.0,9.0,338,pm2.5,1,1,0,0,0,0,0,1
2026-01-21,142.0,88.0,9.0,19.0,3.0,7.0,317,pm2.5,1,2,0,0,0,0,0,1
2026-01-22,168.0,68.0,7.0,19.0,5.0,10.0,337,pm2.5,1,3,0,0,0,0,0,1
2026-01-23,148.0,66.0,7.0,19.0,5.0,10.0,322,pm2.5,1,4,0,0,0,0,0,1
2026-01-24,149.0,44.0,7.0,19.0,5.0,11.0,322,pm2.5,1,5,1,0,0,0,0,1
2026-01-25,96.0,46.0,6.0,19.0,5.0,11.0,220,pm2.5,1,6,1,0,0,0,0,1
2026-01-26,97.0,56.0,4.0,18.0,5.0,10.0,223,pm2.5,1,0,0,0,0,0,0,1
2026-01-27,124.0,42.0,4.0,19.0,5.0,11.0,303,pm2.5,1,1,0,0,0,0,0,1
2026-01-28,100.0,52.0,6.0,19.0,5.0,11.0,233,pm2.5,1,2,0,0,0,0,0,1
2026-01-29,130.0,65.0,4.0,19.0,5.0,11.0,308,pm2.5,1,3,0,0,0,0,0,1
2026-01-30,156.0,55.0,5.0,20.0,5.0,10.0,328,pm2.5,1,4,0,0,0,0,0,1
2026-01-31,134.0,65.0,2.0,19.0,5.0,10.0,311,pm2.5,1,5,1,0,0,0,0,1
2026-02-01,151.0,63.0,6.0,18.0,5.0,10.0,324,pm2.5,2,6,1,0,0,1,0,0
2026-02-02,142.0,78.0,2.0,19.0,4.0,9.0,317,pm2.5,2,0,0,0,0,1,0,0
2026-02-03,164.0,45.0,2.0,19.0,5.0,11.0,334,pm2.5,2,1,0,0,0,1,0,0
2026-02-04,113.0,61.0,6.0,19.0,5.0,11.0,277,pm2.5,2,2,0,0,0,1,0,0
2026-02-05,144.0,49.0,8.0,19.0,5.0,11.0,318,pm2.5,2,3,0,0,0,1,0,0
2026-02-06,125.0,73.0,4.0,19.0,6.0,12.0,304,pm2.5,2,4,0,0,0,1,0,0
2026-02-07,148.0,57.0,2.0,19.0,5.0,11.0,322,pm2.5,2,5,1,0,0,1,0,0
2026-02-08,128.0,64.5,3.0,18.5,5.0,10.5,306,pm2.5,2,6,1,0,0,1,0,0
2026-02-12,131.0,72.0,4.0,18.0,5.0,10.0,308,pm2.5,2,3,0,0,0,1,0,0
2026-02-13,134.0,65.0,8.0,18.0,5.0,10.0,311,pm2.5,2,4,0,0,0,1,0,0
2026-02-14,131.0,60.0,2.0,18.0,5.0,10.0,308,pm2.5,2,5,1,0,0,1,0,0
2026-02-15,127.0,65.0,8.0,18.0,5.0,10.0,305,pm2.5,2,6,1,0,0,1,0,0
2026-02-16,129.0,76.0,8.0,18.0,4.0,10.0,307,pm2.5,2,0,0,0,0,1,0,0
2026-02-17,146.0,72.0,7.0,18.0,4.0,9.0,320,pm2.5,2,1,0,0,0,1,0,0
2026-02-18,140.0,45.0,7.0,18.0,5.0,11.0,315,pm2.5,2,2,0,0,0,1,0,0
2026-02-19,98.0,48.0,7.0,18.0,4.0,9.0,227,pm2.5,2,3,0,0,0,1,0,0
2026-02-20,103.0,61.0,8.0,18.0,6.0,10.0,243,pm2.5,2,4,0,0,0,1,0,0
2026-02-21,130.0,61.0,6.0,17.0,6.0,11.0,308,pm2.5,2,5,1,0,0,1,0,0
2026-02-22,122.0,69.0,7.0,15.0,4.5,11.0,302,pm2.5,2,6,1,0,0,1,0,0
2026-03-01,96.5,45.0,9.0,17.0,5.0,11.0,222,pm2.5,3,6,1,0,0,1,0,0
2026-03-02,96.0,114.0,2.0,18.0,5.0,10.0,220,pm2.5,3,0,0,0,0,1,0,0
2026-03-03,185.0,85.0,2.0,17.5,5.0,10.0,350,pm2.5,3,1,0,0,0,1,0,0
2026-03-04,150.5,56.0,2.0,17.0,5.0,10.0,323,pm2.5,3,2,0,0,0,1,0,0
2026-03-05,116.0,79.0,8.0,17.0,5.0,10.0,287,pm2.5,3,3,0,0,0,1,0,0
2026-03-06,160.0,96.0,9.0,17.0,5.0,10.0,331,pm2.5,3,4,0,0,0,1,0,0
2026-03-07,174.0,93.0,7.0,16.0,5.0,11.0,342,pm2.5,3,5,1,0,0,1,0,0
2026-03-08,169.0,80.0,7.0,16.0,4.0,9.0,338,pm2.5,3,6,1,0,0,1,0,0
2026-03-09,148.0,88.0,7.0,16.0,5.0,10.0,322,pm2.5,3,0,0,0,0,1,0,0
2026-03-10,162.0,96.0,7.0,17.0,5.0,10.0,332,pm2.5,3,1,0,0,0,1,0,0
2026-03-11,170.0,79.0,7.0,16.0,8.0,17.0,338,pm2.5,3,2,0,0,0,1,0,0
2026-03-12,148.0,62.0,9.0,16.0,6.0,12.0,322,pm2.5,3,3,0,0,0,1,0,0
2026-03-13,134.0,49.0,10.0,16.0,5.0,10.0,311,pm2.5,3,4,0,0,0,1,0,0
2026-03-14,106.0,49.0,11.0,17.0,5.0,11.0,253,pm2.5,3,5,1,0,0,1,0,0
2026-03-15,107.0,39.0,10.0,17.0,5.0,10.0,257,pm2.5,3,6,1,0,0,1,0,0
2026-03-16,92.0,69.0,10.0,16.0,4.0,10.0,207,pm2.5,3,0,0,0,0,1,0,0
2026-03-17,137.0,69.0,10.0,16.0,5.0,10.0,313,pm2.5,3,1,0,0,0,1,0,0
2026-03-18,135.0,56.0,8.0,17.0,5.0,11.0,312,pm2.5,3,2,0,0,0,1,0,0
2026-03-19,124.0,49.0,4.0,18.0,5.0,11.0,303,pm2.5,3,3,0,0,0,1,0,0
2026-03-20,107.0,33.0,7.0,18.0,5.0,10.0,257,pm2.5,3,4,0,0,0,1,0,0
2026-03-21,75.0,41.0,7.0,17.0,5.0,11.0,214,co,3,5,1,0,0,1,0,0
2026-03-22,91.0,54.0,8.0,17.0,4.0,9.0,203,pm2.5,3,6,1,0,0,1,0,0
2026-03-23,116.0,38.0,9.0,17.0,5.0,11.0,287,pm2.5,3,0,0,0,0,1,0,0
2026-03-24,87.0,49.0,8.0,17.0,6.0,12.0,229,co,3,1,0,0,0,1,0,0
2026-03-25,108.0,52.0,9.0,16.0,7.0,14.0,260,pm2.5,3,2,0,0,0,1,0,0
2026-03-26,110.0,50.0,8.0,17.0,5.0,10.0,267,pm2.5,3,3,0,0,0,1,0,0
2026-03-27,112.0,56.0,9.0,17.0,5.0,11.0,273,pm2.5,3,4,0,0,0,1,0,0
2026-03-28,118.0,61.0,6.0,16.0,4.0,9.0,293,pm2.5,3,5,1,0,0,1,0,0
2026-03-29,130.0,55.0,10.0,16.0,5.0,10.0,308,pm2.5,3,6,1,0,0,1,0,0
2026-03-30,121.0,43.0,10.0,16.0,4.0,9.0,301,pm2.5,3,0,0,0,0,1,0,0
2026-03-31,95.0,28.0,10.0,17.0,5.0,10.0,217,pm2.5,3,1,0,0,0,1,0,0
2026-04-01,68.0,52.0,9.0,16.0,4.0,9.0,188,co,4,2,0,0,0,0,1,0
2026-04-02,113.0,54.0,10.0,16.0,4.0,9.0,277,pm2.5,4,3,0,0,0,0,1,0
2026-04-03,117.0,69.0,10.0,17.0,5.0,11.0,290,pm2.5,4,4,0,0,0,0,1,0
2026-04-04,132.0,24.0,10.5,16.5,5.0,10.5,309,pm2.5,4,5,1,0,0,0,1,0
2026-04-05,63.0,48.0,11.0,16.0,5.0,10.0,200,co,4,6,1,0,0,0,1,0
2026-04-06,97.0,66.0,13.0,17.0,4.0,8.0,223,pm2.5,4,0,0,0,0,0,1,0
2026-04-07,132.0,34.0,13.0,18.0,5.0,11.0,309,pm2.5,4,1,0,0,0,0,1,0
2026-04-08,78.0,46.0,12.0,18.0,6.0,11.0,214,co,4,2,0,0,0,0,1,0
2026-04-09,105.0,86.0,11.0,17.0,5.0,9.0,250,pm2.5,4,3,0,0,0,0,1,0
2026-04-10,148.0,57.0,11.0,17.0,5.0,11.0,322,pm2.5,4,4,0,0,0,0,1,0
2026-04-11,114.0,66.0,10.0,16.0,7.0,11.0,280,pm2.5,4,5,1,0,0,0,1,0
2026-04-12,135.0,39.0,10.0,16.0,5.0,11.0,312,pm2.5,4,6,1,0,0,0,1,0
2026-04-13,86.0,53.0,10.0,16.0,9.0,13.0,243,co,4,0,0,0,0,0,1,0
2026-04-14,163.0,97.0,10.0,16.0,4.0,9.0,333,pm2.5,4,1,0,0,0,0,1,0
2026-04-15,158.0,64.0,10.0,16.0,9.0,9.0,329,pm2.5,4,2,0,0,0,0,1,0
2026-04-16,121.0,83.0,10.0,15.0,3.0,7.0,301,pm2.5,4,3,0,0,0,0,1,0
2026-04-17,155.0,51.0,10.0,15.0,4.0,9.0,327,pm2.5,4,4,0,0,0,0,1,0
2026-04-18,111.0,70.0,10.0,15.0,5.0,10.0,270,pm2.5,4,5,1,0,0,0,1,0
2026-04-19,138.0,58.0,10.0,15.0,3.0,8.0,314,pm2.5,4,6,1,0,0,0,1,0
2026-04-20,126.0,48.0,9.0,15.0,6.0,12.0,305,pm2.5,4,0,0,0,0,0,1,0
2026-04-21,107.0,56.0,10.0,15.0,7.0,15.0,271,co,4,1,0,0,0,0,1,0
2026-04-22,121.0,71.0,10.0,15.0,4.0,9.0,301,pm2.5,4,2,0,0,0,0,1,0
2026-04-23,142.0,85.0,10.0,15.0,8.0,17.0,317,pm2.5,4,3,0,0,0,0,1,0
2026-04-24,147.0,89.0,10.0,15.0,11.0,11.0,321,pm2.5,4,4,0,0,0,0,1,0
2026-04-25,159.0,69.0,11.0,15.0,5.0,11.0,330,pm2.5,4,5,1,0,0,0,1,0
2026-04-26,135.0,74.0,12.0,15.0,4.0,9.0,312,pm2.5,4,6,1,0,0,0,1,0
2026-04-27,148.0,66.0,13.0,15.0,5.0,10.0,322,pm2.5,4,0,0,0,0,0,1,0
2026-04-28,142.0,83.0,12.0,15.0,5.0,11.0,317,pm2.5,4,1,0,0,0,0,1,0
2026-04-29,163.0,45.0,8.0,17.0,5.0,11.0,333,pm2.5,4,2,0,0,0,0,1,0
2026-04-30,97.0,29.0,12.0,17.0,5.0,11.0,223,pm2.5,4,3,0,0,0,0,1,0
2026-05-01,71.0,45.0,14.0,16.0,5.0,11.0,214,co,5,4,0,0,0,0,1,0
2026-05-02,97.0,41.0,9.0,16.0,5.0,11.0,223,pm2.5,5,5,1,0,0,0,1,0
2026-05-03,90.0,40.0,14.0,17.0,5.0,11.0,214,co,5,6,1,0,0,0,1,0
2026-05-04,89.0,31.0,11.0,17.0,5.0,11.0,214,co,5,0,0,0,0,0,1,0
2026-05-05,72.0,34.0,7.0,16.0,2.0,4.0,140,pm2.5,5,1,0,0,0,0,1,0
2026-05-06,78.0,31.0,8.0,17.0,2.0,4.0,160,pm2.5,5,2,0,0,0,0,1,0
2026-05-07,73.0,47.0,14.0,16.0,1.0,3.0,143,pm2.5,5,3,0,0,0,0,1,0
2026-05-08,103.0,54.0,14.0,16.0,1.0,3.0,243,pm2.5,5,4,0,0,0,0,1,0
2026-05-09,118.0,57.0,14.0,16.0,2.0,4.0,293,pm2.5,5,5,1,0,0,0,1,0
2026-05-10,125.0,55.0,14.0,16.0,1.0,3.0,304,pm2.5,5,6,1,0,0,0,1,0
2026-05-11,122.0,61.0,14.0,16.0,1.0,3.0,302,pm2.5,5,0,0,0,0,0,1,0
2026-05-12,136.0,59.0,9.0,16.0,2.0,6.0,312,pm2.5,5,1,0,0,0,0,1,0
2026-05-13,128.0,58.0,17.0,15.0,4.0,8.0,306,pm2.5,5,2,0,0,0,0,1,0
2026-05-14,128.0,60.0,15.0,16.0,4.0,8.0,306,pm2.5,5,3,0,0,0,0,1,0
2026-05-15,132.0,75.0,17.0,15.0,4.0,8.0,309,pm2.5,5,4,0,0,0,0,1,0
2026-05-16,155.0,58.0,17.0,14.0,4.0,9.0,327,pm2.5,5,5,1,0,0,0,1,0
2026-05-17,123.0,67.0,16.0,15.0,3.0,6.0,302,pm2.5,5,6,1,0,0,0,1,0
2026-05-18,136.0,71.0,15.0,15.0,3.0,7.0,312,pm2.5,5,0,0,0,0,0,1,0
2026-05-19,147.0,63.0,18.0,15.0,4.0,8.0,321,pm2.5,5,1,0,0,0,0,1,0
2026-05-20,132.0,56.0,24.0,14.0,4.0,9.0,309,pm2.5,5,2,0,0,0,0,1,0
2026-05-21,120.0,61.0,23.0,15.0,3.0,7.0,300,pm2.5,5,3,0,0,0,0,1,0
2026-05-22,125.0,63.0,21.0,15.0,3.0,7.0,304,pm2.5,5,4,0,0,0,0,1,0
2026-05-23,129.0,52.0,22.0,15.0,4.0,9.0,307,pm2.5,5,5,1,0,0,0,1,0
2026-05-24,112.0,64.0,19.0,15.0,3.0,7.0,273,pm2.5,5,6,1,0,0,0,1,0
2026-05-25,139.0,50.0,19.0,15.0,4.0,8.0,315,pm2.5,5,0,0,0,0,0,1,0
2026-05-26,107.0,62.0,24.0,15.0,4.0,8.0,257,pm2.5,5,1,0,0,0,0,1,0
2026-05-27,130.0,43.0,19.0,16.0,4.0,8.0,308,pm2.5,5,2,0,0,0,0,1,0
2026-05-28,93.0,16.0,16.0,16.0,4.0,9.0,210,pm2.5,5,3,0,0,0,0,1,0
2026-05-29,42.0,24.0,17.0,17.0,4.0,9.0,188,co,5,4,0,0,0,0,1,0
2026-05-30,60.0,35.5,9.0,16.5,4.0,8.5,181,co,5,5,1,0,0,0,1,0
2026-05-31,64.0,47.0,1.0,16.0,4.0,8.0,175,co,5,6,1,0,0,0,1,0
2026-06-01,98.0,49.0,16.0,16.0,4.0,8.0,227,pm2.5,6,0,0,0,1,0,0,0
2026-06-02,107.0,47.0,15.0,15.0,4.0,8.0,257,pm2.5,6,1,0,0,1,0,0,0
2026-06-03,105.0,60.0,17.0,15.0,4.0,8.0,250,pm2.5,6,2,0,0,1,0,0,0
2026-06-04,133.0,36.0,19.0,15.0,4.0,8.0,310,pm2.5,6,3,0,0,1,0,0,0
2026-06-05,83.0,58.0,19.0,15.0,4.0,9.0,188,co,6,4,0,0,1,0,0,0
2026-06-06,125.0,45.0,19.0,15.0,4.0,8.0,304,pm2.5,6,5,1,0,1,0,0,0
2026-06-07,103.0,47.0,22.0,15.0,3.0,7.0,243,pm2.5,6,6,1,0,1,0,0,0
2026-06-08,103.0,36.0,20.0,15.0,4.0,8.0,243,pm2.5,6,0,0,0,1,0,0,0
2026-06-09,82.0,35.0,15.0,15.0,4.0,8.0,175,co,6,1,0,0,1,0,0,0
2026-06-10,81.0,29.0,19.0,15.0,4.0,8.0,175,co,6,2,0,0,1,0,0,0
2026-06-11,71.0,35.0,12.0,16.0,4.0,9.0,188,co,6,3,0,0,1,0,0,0
2026-06-12,80.0,35.0,14.0,16.0,4.0,9.0,188,co,6,4,0,0,1,0,0,0
2026-06-13,81.0,36.0,18.0,16.0,4.0,9.0,188,co,6,5,1,0,1,0,0,0
2026-06-14,84.0,63.0,18.0,15.0,3.0,8.0,180,pm2.5,6,6,1,0,1,0,0,0
2026-06-15,129.0,46.0,20.0,16.0,4.0,9.0,307,pm2.5,6,0,0,0,1,0,0,0
2026-06-16,98.0,161.0,14.0,15.0,4.0,8.0,227,pm2.5,6,1,0,0,1,0,0,0
2026-06-17,223.0,83.0,14.0,15.0,4.0,8.0,379,pm2.5,6,2,0,0,1,0,0,0
2026-06-18,154.0,35.0,18.0,15.0,4.0,8.0,326,pm2.5,6,3,0,0,1,0,0,0
2026-06-19,81.0,31.0,16.0,15.0,4.0,8.0,175,co,6,4,0,0,1,0,0,0
2026-06-20,81.0,25.0,16.0,15.0,4.0,9.0,188,co,6,5,1,0,1,0,0,0
2026-06-21,83.0,31.0,20.0,15.0,4.0,9.0,188,co,6,6,1,0,1,0,0,0
2026-06-22,88.0,48.0,19.0,15.0,4.0,8.0,193,pm2.5,6,0,0,0,1,0,0,0
2026-06-23,118.0,46.5,16.5,15.5,4.5,9.5,293,pm2.5,6,1,0,0,1,0,0,0
